Date,BTC,Gold,SP500,VIX,BTC_RET,Gold_RET,SP500_RET,VIX_RET,BTC_SP500_CORR,BTC_GOLD_CORR,BTC_VOL
18-09-2014,424.4400024,1225.699951,2011.359985,12.02999973,-0.074643351,-0.007072972,0.004879257,-0.050253677,,,4.066259934
19-09-2014,394.79599,1215.300049,2010.400024,12.10999966,-0.072401508,-0.008521069,-0.000477384,0.006628021,,,4.533938332
22-09-2014,402.1520081,1216.800049,1994.290039,13.68999958,0.008317416,0.001233502,-0.008045603,0.122634079,,,4.851238862
23-09-2014,435.7909851,1221,1982.77002,14.93000031,0.08033259,0.003445693,-0.00579325,0.086707023,,,4.541422348
24-09-2014,423.2049866,1218.599976,1998.300049,13.27000046,-0.029306073,-0.001967556,0.007801977,-0.117866749,,,4.933981991
25-09-2014,411.5740051,1221.199951,1965.98999,15.64000034,-0.027867817,0.002131303,-0.016300913,0.164325874,,,4.709935384
26-09-2014,404.4249878,1214.099976,1982.849976,14.85000038,-0.017522571,-0.0058309,0.008539261,-0.051831866,,,4.507668666
29-09-2014,375.4670105,1217.5,1977.800049,15.97999954,-0.004554565,0.002796535,-0.002550051,0.073338021,,,4.276531034
30-09-2014,386.9440002,1210.5,1972.290039,16.30999947,0.030109368,-0.005766079,-0.002789817,0.020440472,,,4.036791299
01-10-2014,383.6149902,1214.599976,1946.160034,16.70999908,-0.00864056,0.003381287,-0.013337106,0.024228904,,,3.928276972
02-10-2014,375.071991,1214.199951,1946.170044,16.15999985,-0.022521437,-0.000329401,5.14E-06,-0.033468244,,,3.742833793
03-10-2014,359.5119934,1192.199951,1967.900024,14.55000019,-0.042370445,-0.018285085,0.011103636,-0.104948037,,,3.647863167
06-10-2014,330.07901,1206.699951,1964.819946,15.46000004,0.029418542,0.012089022,-0.001566386,0.060665039,,,3.750117349
07-10-2014,336.1870117,1211.699951,1935.099976,17.20000076,0.018335538,0.004134971,-0.015241619,0.106653383,,,3.681704045
08-10-2014,352.9400024,1205.300049,1968.890015,15.10999966,0.04863049,-0.005295753,0.017310947,-0.129552675,,,3.555892189
09-10-2014,365.026001,1224.599976,1928.209961,18.76000023,0.033670509,0.015885701,-0.020877848,0.216370202,,,3.717039101
10-10-2014,361.5620117,1221,1906.130005,21.23999977,-0.00953502,-0.002944045,-0.01151708,0.12415923,,,3.688492554
13-10-2014,390.4140015,1229.300049,1874.73999,24.63999939,0.030862166,0.006774746,-0.016605033,0.148484928,,,3.538927149
14-10-2014,400.8699951,1233.599976,1877.699951,22.79000092,0.026429455,0.003491763,0.00157762,-0.07804923,,,3.517058444
15-10-2014,394.7730103,1244.099976,1862.48999,25.27000046,-0.015326231,0.008475653,-0.008133301,0.103296056,,,3.464678307
16-10-2014,382.5559998,1240.5,1862.76001,25.20000076,-0.031435895,-0.002897833,0.000144967,-0.002773915,,,3.371294933
17-10-2014,383.7579956,1238.300049,1886.76001,21.98999977,0.003137087,-0.001775013,0.012801813,-0.136256231,,,3.410812828
20-10-2014,382.8450012,1244,1904.01001,18.56999969,-0.017351722,0.004592484,0.009101116,-0.169040435,,,3.283865642
21-10-2014,386.4750061,1251,1941.280029,16.07999992,0.009436988,0.005611237,0.019385371,-0.1439711,,,3.229956356
22-10-2014,383.1579895,1244.800049,1927.109985,17.87000084,-0.008619789,-0.004968318,-0.007326101,0.105547117,,,3.139288532
23-10-2014,358.4169922,1228.5,1950.819946,16.53000069,-0.066750318,-0.013181001,0.012228306,-0.077946423,,,3.068859905
24-10-2014,358.3450012,1231.199951,1964.579956,16.11000061,-0.000200878,0.002195351,0.00702869,-0.025736718,,,3.683634535
27-10-2014,352.9890137,1229.099976,1961.630005,16.04000092,-0.004846733,-0.00170709,-0.001502697,-0.004354576,,,3.518122796
28-10-2014,357.6180115,1229.199951,1985.050049,14.39000034,0.013028476,8.13E-05,0.011868365,-0.108552115,,,3.381233957
29-10-2014,335.5910034,1224.300049,1982.300049,15.14999962,-0.063572243,-0.00399422,-0.001386316,0.051466962,,,3.278400063
30-10-2014,345.3049927,1198.099976,1994.650024,14.52000046,0.028534896,-0.021632344,0.006210797,-0.042473466,,,3.774172335
31-10-2014,338.3210144,1171.099976,2018.050049,14.02999973,-0.020432872,-0.022793491,0.011663114,-0.034329166,,,3.6953737
03-11-2014,327.5539856,1169.400024,2017.810059,14.72999954,0.00508685,-0.00145264,-0.000118929,0.048688324,,,3.594620111
04-11-2014,330.4920044,1167.400024,2012.099976,14.89000034,0.008929584,-0.001711743,-0.002833853,0.01080367,,,3.44296185
05-11-2014,339.4859924,1145.400024,2023.569946,14.17000008,0.02685022,-0.019025132,0.005684311,-0.049562811,,,3.31926003
06-11-2014,349.2900085,1142.300049,2031.209961,13.67000008,0.02846986,-0.002710126,0.003768404,-0.035923403,,,3.30330198
07-11-2014,342.4150085,1169.599976,2031.920044,13.11999989,-0.019879071,0.023617973,0.000349525,-0.041065882,,,3.30285444
10-11-2014,366.9240112,1159.599976,2038.26001,12.67000008,0.010024909,-0.008586692,0.003115327,-0.034900774,,,3.261319651
11-11-2014,367.6950073,1162.800049,2039.680054,12.92000008,0.002099037,0.002755835,0.000696452,0.019539504,,,3.167388455
12-11-2014,423.5610046,1158.900024,2038.25,13.02000046,0.141443742,-0.003359631,-0.000701363,0.007710168,,,3.076231073
13-11-2014,420.7349854,1161.099976,2039.329956,13.78999996,-0.006694405,0.00189651,0.000529704,0.057457017,,,5.329761724
14-11-2014,397.8179932,1185,2039.819946,13.31000042,-0.05600855,0.020374964,0.000240241,-0.035428025,,,4.965368379
17-11-2014,387.4079895,1183,2041.319946,13.98999977,-0.001222766,-0.00168919,0.000735089,0.049827108,,,4.977411433
18-11-2014,375.197998,1196.699951,2051.800049,13.85999966,-0.032024493,0.011514143,0.005120849,-0.009335803,,,4.648250051
19-11-2014,380.5549927,1193.599976,2048.719971,13.96000004,0.014176813,-0.002593798,-0.001502287,0.007189131,,,4.483602272
20-11-2014,357.8399963,1190.699951,2052.75,13.57999992,-0.061544745,-0.002432602,0.001965164,-0.027597984,,,4.23235374
21-11-2014,350.8479919,1197.5,2063.5,12.89999962,-0.019732891,0.005694722,0.005223213,-0.051370835,,,4.45930769
24-11-2014,376.901001,1195.5,2069.409912,12.61999989,0.025060623,-0.001671542,0.00285993,-0.021944434,,,4.244971217
25-11-2014,375.3479919,1197.099976,2067.030029,12.25,-0.004128982,0.001337437,-0.001150691,-0.029756911,,,4.073014367
26-11-2014,368.3699951,1196.599976,2072.830078,12.06999969,-0.01876572,-0.000417763,0.002802052,-0.014802927,,,3.859001909
28-11-2014,376.446991,1175.199951,2067.560059,13.32999992,0.018166491,-0.018045877,-0.002545665,0.099294119,,,3.724145862
01-12-2014,379.2449951,1218,2053.439941,14.15999985,0.003163903,0.035771865,-0.006852789,0.060403949,,,3.591309432
02-12-2014,381.3150024,1199.199951,2066.550049,12.85000038,0.00544339,-0.015555542,0.006364167,-0.097077236,,,3.438648376
03-12-2014,375.0100098,1208.5,2074.330078,12.5,-0.016673093,0.007725294,0.003757674,-0.027615197,,,3.309621429
04-12-2014,369.6040039,1207.5,2071.919922,12.38000011,-0.014520546,-0.000827815,-0.001162572,-0.009646368,,,3.247699998
05-12-2014,376.8540039,1190.099976,2075.370117,11.89000034,0.019425682,-0.01451479,0.001663832,-0.040384537,,,3.184410321
08-12-2014,361.9089966,1194.699951,2060.310059,14.21000004,-0.035786541,0.00385775,-0.007283022,0.178248205,,,3.141829197
09-12-2014,352.2189941,1231.5,2059.820068,15.35000038,-0.027139665,0.030337872,-0.000237852,0.077169554,,,3.271973402
10-12-2014,346.3649902,1228.900024,2026.140015,18.53000069,-0.01676002,-0.002113458,-0.016486121,0.188275578,,,3.290676296
11-12-2014,350.506012,1225.099976,2035.329956,20.07999992,0.011884755,-0.003097027,0.004525434,0.080333214,-0.101586838,-0.033648216,3.232297974
12-12-2014,352.5419922,1222,2002.329956,21.07999992,0.005791883,-0.002533593,-0.016346466,0.048600429,-0.090191687,-0.058471316,3.148356239
15-12-2014,345.3450012,1207.199951,1989.630005,20.42000008,-0.018041221,-0.012185273,-0.006362786,-0.031809904,-0.088324248,-0.07861064,3.06305749
16-12-2014,327.0620117,1193.900024,1972.73999,23.56999969,-0.05439413,-0.011078308,-0.00852526,0.143459888,-0.056431647,-0.051201622,3.050426867
17-12-2014,319.776001,1194.300049,2012.890015,19.44000053,-0.022529037,0.000335001,0.020148073,-0.192641877,-0.051851747,-0.069404629,3.457886885
18-12-2014,311.3959961,1194.699951,2061.22998,16.80999947,-0.026555352,0.000334786,0.023731375,-0.145358911,-0.068625325,-0.072198706,3.408541613
19-12-2014,317.8429871,1195.900024,2070.649902,16.48999977,0.020492108,0.001003993,0.004559638,-0.019219793,-0.089266336,-0.067854347,3.398061212
22-12-2014,331.8859863,1179.699951,2078.540039,15.25,0.033839629,-0.013638933,0.003803222,-0.07817462,-0.076128386,-0.09267261,3.326844729
23-12-2014,334.571991,1177.900024,2082.169922,14.80000019,0.008060581,-0.001526915,0.001744839,-0.029952309,-0.076155857,-0.092715491,3.369447474
24-12-2014,322.5339966,1173.5,2081.879883,14.36999989,-0.03664353,-0.003742476,-0.000139306,-0.029484502,-0.067391449,-0.079724776,3.254707215
26-12-2014,327.9240112,1195.300049,2088.77002,14.5,0.027565741,0.018406504,0.00330411,0.009005957,-0.069483314,-0.050830214,3.371084582
29-12-2014,312.6700134,1181.699951,2090.570068,15.06000042,-0.014507112,-0.011443202,0.000861403,0.037893601,-0.070797749,-0.044373105,3.351674773
30-12-2014,310.7369995,1200.199951,2080.350098,15.92000008,-0.006201471,0.015534131,-0.004900593,0.055533935,-0.046561366,-0.081919205,3.271836525
31-12-2014,320.1929932,1183.900024,2058.899902,19.20000076,0.029977024,-0.013674075,-0.010364384,0.187334134,-0.062213897,-0.118362638,3.174094736
02-01-2015,315.0320129,1186,2058.199951,17.79000092,0.002488619,0.001772207,-0.000340021,-0.076273766,-0.045067262,-0.122537204,3.209789149
05-01-2015,274.473999,1203.900024,2020.579956,19.92000008,0.038169041,0.014980007,-0.018447214,0.113087703,-0.141420802,-0.082527029,3.112302499
06-01-2015,286.1889954,1219.300049,2002.609985,21.12000084,0.04179588,0.012710656,-0.008933255,0.058496243,-0.125039308,-0.082983512,3.242246919
07-01-2015,294.3370056,1210.599976,2025.900024,19.30999947,0.028072973,-0.007160879,0.011562736,-0.08959743,-0.111193394,-0.092663203,3.386546716
08-01-2015,283.348999,1208.400024,2062.139893,17.01000023,-0.038046039,-0.001818894,0.017730168,-0.126821649,-0.112423921,-0.100408863,3.368415234
09-01-2015,290.4079895,1216,2044.810059,17.54999924,0.024607445,0.006269593,-0.008439322,0.031252487,-0.127878393,-0.097240044,3.477366678
12-01-2015,267.79599,1232.699951,2028.26001,19.60000038,0.00800815,0.013640062,-0.008126617,0.110475679,-0.141737144,-0.085163245,3.418865061
13-01-2015,225.8609924,1234.300049,2023.030029,20.55999947,-0.170305727,0.001297201,-0.002581885,0.047817829,-0.085581505,-0.082856744,3.296755699
14-01-2015,178.1029968,1234.400024,2011.27002,21.47999954,-0.237557715,8.10E-05,-0.005830029,0.043774834,-0.005770959,-0.066091977,6.276161005
15-01-2015,209.8439941,1264.699951,1992.670044,22.38999939,0.164002353,0.024249859,-0.009290903,0.041492155,-0.067064023,0.050470596,9.499756967
16-01-2015,208.0970001,1276.900024,2019.420044,20.95000076,-0.008360052,0.009600383,0.013334893,-0.066475721,-0.080709623,0.047572201,10.08314159
20-01-2015,211.3150024,1294.199951,2022.550049,19.88999939,-0.016641349,0.013457421,0.001548752,-0.051921621,-0.082616344,0.043079211,9.219372013
21-01-2015,226.8970032,1293.699951,2032.119995,18.85000038,0.071146261,-0.000386414,0.004720465,-0.053704128,-0.043901943,0.018607391,8.455803991
22-01-2015,233.4060059,1300.699951,2063.149902,16.39999962,0.028283268,0.005396251,0.015154313,-0.139231623,-0.026347817,0.022096183,8.054482117
23-01-2015,232.8789978,1292.599976,2051.820068,16.65999985,-0.002260456,-0.006246869,-0.005506656,0.015729316,-0.026555674,0.021792672,7.437907617
26-01-2015,273.4729919,1279.400024,2057.090088,15.52000046,0.074979444,-0.010264438,0.002565168,-0.070881083,-0.02751329,0.000101783,6.838170942
27-01-2015,263.4750061,1291.699951,2029.550049,17.21999931,-0.037244357,0.009567905,-0.013478288,0.103941915,-0.012892929,-0.015284626,6.712069175
28-01-2015,233.9149933,1285.900024,2002.160034,20.44000053,-0.119000737,-0.004500261,-0.013587503,0.171422332,0.037842509,0.018748617,6.306920805
29-01-2015,233.5130005,1254.599976,2021.25,18.76000023,-0.001720021,-0.024642104,0.009489517,-0.085766836,0.045631069,0.007356841,6.952074074
30-01-2015,226.4250031,1278.5,1994.98999,20.96999931,-0.030823974,0.018870739,-0.013077099,0.111365856,0.056835412,-0.0037881,6.403248804
02-02-2015,238.2290039,1276.199951,2020.849976,19.43000031,0.04840575,-0.001800642,0.01287917,-0.076274533,0.079526515,-0.0069516,5.99926344
03-02-2015,227.2680054,1259.699951,2050.030029,17.32999992,-0.047102451,-0.013013316,0.014336239,-0.11437918,0.051969772,0.024037749,5.745875257
04-02-2015,226.8529968,1263.800049,2041.51001,18.32999992,-0.001827745,0.003249535,-0.004164707,0.056099958,0.04761385,0.027846446,5.542651591
05-02-2015,217.1109924,1262,2062.52002,16.85000038,-0.043893508,-0.00142533,0.010238811,-0.084188378,0.034345449,0.039514912,5.14830239
06-02-2015,222.2660065,1233.900024,2055.469971,17.29000092,0.023466183,-0.022517859,-0.003424028,0.025777673,0.029360322,0.025196562,5.006298812
09-02-2015,220.1100006,1240.800049,2046.73999,18.54999924,-0.014890188,0.005576468,-0.004256239,0.070341395,0.030479565,0.023812424,4.723940742
10-02-2015,219.8390045,1231.599976,2068.590088,17.22999954,-0.001231943,-0.007442255,0.01061898,-0.073817724,0.038363627,0.040963991,4.454220383
11-02-2015,219.1849976,1219,2068.530029,16.95999908,-0.00297937,-0.010283267,-2.90E-05,-0.015794448,0.038300794,0.039168581,4.188560431
12-02-2015,221.7640076,1220.099976,2088.47998,15.34000015,0.011697677,0.000901952,0.009598295,-0.10039377,0.044138997,0.065903477,3.95806539
13-02-2015,235.427002,1226.5,2096.98999,14.68999958,0.059787107,0.005231782,0.004066459,-0.043296844,0.051603348,0.073447449,3.768865353
17-02-2015,243.6100006,1208.099976,2100.340088,15.80000019,0.040918628,-0.015115727,0.0015963,0.07284299,0.057563008,0.061818187,4.033173768
18-02-2015,236.326004,1199.699951,2099.679932,15.44999981,-0.030356364,-0.006977372,-0.000314359,-0.022400961,0.05937168,0.067609977,4.017022237
19-02-2015,240.2830048,1207.099976,2097.449951,15.28999996,0.01660519,0.006149284,-0.001062622,-0.010409974,0.061841031,0.067530312,3.935970345
20-02-2015,243.779007,1204.400024,2110.300049,14.30000019,0.014444691,-0.002239231,0.006107843,-0.066939467,0.067933149,0.068768085,3.766170415
23-02-2015,238.8919983,1200.300049,2109.659912,14.56000042,0.012277196,-0.003409972,-0.000303385,0.018018521,0.065288904,0.068707231,3.612098261
24-02-2015,238.7350006,1196.900024,2115.47998,13.68999958,-0.000657407,-0.002836665,0.002754972,-0.061612463,0.065490618,0.068465792,3.472804421
25-02-2015,237.4700012,1201,2113.860107,13.84000015,-0.005312848,0.003419642,-0.000766017,0.010897353,0.066893403,0.068133441,3.337189767
26-02-2015,236.4259949,1209.599976,2110.73999,13.90999985,-0.004406064,0.007135163,-0.001477119,0.005045034,0.06920261,0.079880029,3.227647648
27-02-2015,253.8280029,1212.599976,2104.5,13.34000015,0.071021643,0.002477088,-0.002960683,-0.041840943,0.061640452,0.083788817,3.132782073
02-03-2015,275.6700134,1207.699951,2117.389893,13.03999996,0.05774631,-0.004049111,0.006106238,-0.022745498,0.070916288,0.08079881,3.751774658
03-03-2015,281.7019958,1204,2107.780029,13.85999966,0.021645213,-0.003068337,-0.004548873,0.060985415,0.068737144,0.082324623,3.991112164
04-03-2015,273.0920105,1200.599976,2098.530029,14.22999954,-0.031040987,-0.002827935,-0.004398161,0.026345411,0.072419233,0.084176926,3.836687141
05-03-2015,276.178009,1195.900024,2101.040039,14.03999996,0.011236845,-0.003922351,0.001195365,-0.013441984,0.07188935,0.092882857,3.790723063
06-03-2015,272.7229919,1164.099976,2071.26001,15.19999981,-0.01258902,-0.026950825,-0.014275356,0.079385019,0.067937321,0.100624976,3.623223065
09-03-2015,289.6069946,1166.400024,2079.429932,15.06000042,0.054105555,0.001973868,0.003936662,-0.009253165,0.073876986,0.136041128,3.493853746
10-03-2015,291.7600098,1160.099976,2044.160034,16.69000053,0.007406767,-0.005415916,-0.017106821,0.102767519,0.060589984,0.13439572,3.741346835
11-03-2015,296.3789978,1150.699951,2040.23999,16.87000084,0.015707453,-0.008135777,-0.001919521,0.010727177,0.058048273,0.131383687,3.572398015
12-03-2015,294.3540039,1152.099976,2065.949951,15.42000008,-0.006855895,0.001215932,0.012522702,-0.089871573,0.058696994,0.13110055,3.4511815
13-03-2015,285.3370056,1152.599976,2053.399902,16,-0.03111218,0.000433896,-0.006093237,0.036923349,0.061292201,0.124834196,3.328340732
16-03-2015,290.5929871,1153.300049,2081.189941,15.60999966,0.014558606,0.000607202,0.013442909,-0.02467701,0.050351716,0.110148522,3.372792552
17-03-2015,285.5050049,1148.300049,2074.280029,15.65999985,-0.017664059,-0.00434481,-0.003325698,0.003197968,0.070728285,0.112917208,3.276938299
18-03-2015,256.2990112,1151.400024,2099.5,13.97000027,-0.107914784,0.002695984,0.012085102,-0.114197488,0.049922902,0.099729424,3.225980976
19-03-2015,260.928009,1169.099976,2089.27002,14.06999969,0.017899766,0.015255587,-0.004884489,0.007132657,0.043667458,0.104984007,4.65059057
20-03-2015,261.7489929,1184.800049,2108.100098,13.02000046,0.00314146,0.013339824,0.008972382,-0.077558177,0.040263194,0.119822938,4.390436097
23-03-2015,266.7399902,1188,2104.419922,13.40999985,-0.004563319,0.002697196,-0.001747257,0.029514014,0.040070056,0.119915499,4.132203418
24-03-2015,245.5950012,1191.699951,2091.5,13.61999989,-0.082590522,0.003109597,-0.006158346,0.015538606,0.056347874,0.107628261,3.91110124
25-03-2015,246.1970062,1197.300049,2061.050049,15.43999958,0.002448211,0.004688244,-0.014665927,0.125422225,0.049957119,0.095603216,4.560594344
26-03-2015,248.5319977,1205.099976,2056.149902,15.80000019,0.009439547,0.006493468,-0.002380331,0.023048435,0.049630135,0.094069287,4.281020762
27-03-2015,247.029007,1199.800049,2061.02002,15.06999969,-0.006065834,-0.004407614,0.002365761,-0.04730396,0.048587801,0.098622507,4.044024807
30-03-2015,247.526001,1184.800049,2086.23999,14.51000023,0.019635966,-0.012580892,0.012162383,-0.03786791,0.067832474,0.10395797,3.837109732
31-03-2015,244.223999,1183.099976,2067.889893,15.28999996,-0.013429798,-0.001435934,-0.008834686,0.052360935,0.070734354,0.104204512,3.694780852
01-04-2015,247.2720032,1208.099976,2059.689941,15.10999966,0.012403125,0.020910766,-0.003973254,-0.011842264,0.097183623,0.093809257,3.558403869
02-04-2015,253.0050049,1200.900024,2066.959961,14.67000008,0.022920313,-0.005977561,0.003523452,-0.029552156,0.115441152,0.073637937,3.427262392
06-04-2015,255.4920044,1218.599976,2080.620117,14.73999977,-0.019787844,0.014631343,0.006587073,0.004760274,0.101170769,0.071988646,3.365905869
07-04-2015,253.1799927,1210.599976,2076.330078,14.77999973,-0.009090446,-0.006586554,-0.002064033,0.002710026,0.127842023,0.07117002,3.313381781
08-04-2015,245.0220032,1203.099976,2081.899902,13.97999954,-0.032752654,-0.006214546,0.002678942,-0.055647193,0.135189776,0.071224194,3.217502009
09-04-2015,243.6759949,1193.599976,2091.179932,13.09000015,-0.005508562,-0.007927609,0.004447576,-0.065779112,0.139819599,0.067353221,3.299554511
10-04-2015,236.0720062,1204.599976,2102.060059,12.57999992,-0.031702583,0.009173611,0.005189377,-0.039740346,0.124446959,0.072800285,3.196053609
13-04-2015,224.5870056,1199.300049,2092.429932,13.93999958,-0.050216715,-0.004409447,-0.004591807,0.10265413,0.090028653,0.101429237,3.27164836
14-04-2015,219.1589966,1192.800049,2095.840088,13.67000008,-0.024465707,-0.005434569,0.001628432,-0.019558719,0.19711882,-0.066794348,3.558525705
15-04-2015,223.8329926,1201.5,2106.629883,12.84000015,0.021102727,0.007267251,0.005134989,-0.062638346,0.210907065,-0.054552812,3.506465091
16-04-2015,228.572998,1198,2104.98999,12.60000038,0.020955421,-0.002917277,-0.000778747,-0.018868466,0.209477711,-0.046451905,3.421613966
17-04-2015,222.8820038,1202.900024,2081.179932,13.89000034,-0.025213125,0.004081829,-0.011375704,0.097472337,0.21067735,-0.057092376,3.349297994
20-04-2015,224.6260071,1193.5,2100.399902,13.30000019,0.009060362,-0.007845162,0.009192749,-0.043405132,0.194781836,-0.071548208,3.338332034
21-04-2015,235.2689972,1202.900024,2097.290039,13.25,0.0462927,0.007845162,-0.001481703,-0.003766497,0.187546564,-0.048261749,3.230377241
22-04-2015,234.1759949,1186.900024,2107.959961,12.71000004,-0.004656581,-0.013390442,0.005074583,-0.041608464,0.183515739,-0.013057661,3.432900047
23-04-2015,236.4620056,1194.400024,2112.929932,12.47999954,0.009714595,0.006299101,0.002354941,-0.018261762,0.160840809,0.010795188,3.307979814
24-04-2015,231.2680054,1175.199951,2117.689941,12.28999996,-0.022210308,-0.016205683,0.002250267,-0.015341406,0.05908826,0.008431837,3.206169985
27-04-2015,229.2859955,1203.300049,2108.919922,13.11999989,0.043936871,0.023629519,-0.004149913,0.065351854,0.04359379,0.066273012,3.197213136
28-04-2015,225.8549957,1214,2114.76001,12.40999985,-0.015076931,0.00885287,0.002765404,-0.055635188,0.01104307,0.09448903,3.377215557
29-04-2015,225.8079987,1209.800049,2106.850098,13.39000034,-0.000208107,-0.003465596,-0.003747348,0.076005598,-0.033917264,0.098878184,3.296174135
30-04-2015,236.1450043,1182.400024,2085.51001,14.55000019,0.044760967,-0.022908805,-0.010180553,0.083082821,-0.020376955,0.009870898,3.186045176
01-05-2015,232.0789948,1174.5,2108.290039,12.69999981,-0.017368233,-0.006703767,0.010863777,-0.135989028,-0.035637389,0.016082079,3.378892852
04-05-2015,239.0180054,1186.800049,2114.48999,12.85000038,-0.0055906,0.010418125,0.002936433,0.011741863,-0.003065874,0.011169737,3.30975128
05-05-2015,236.1210022,1193.199951,2089.459961,14.31000042,-0.012194491,0.005378082,-0.011908003,0.107614782,0.016299916,0.035294017,3.204899497
06-05-2015,229.7819977,1190.300049,2080.149902,15.14999962,-0.027213372,-0.002433316,-0.004465681,0.057041884,0.021020603,0.043760267,3.137633263
07-05-2015,237.3339996,1182.400024,2088,15.13000011,0.032337407,-0.006659125,0.00376671,-0.001320971,0.031664641,0.031776255,3.181805086
08-05-2015,243.8630066,1189.099976,2116.100098,12.85999966,0.027138189,0.005650406,0.013368148,-0.162557843,0.056108428,0.038584312,3.237580913
11-05-2015,242.1580048,1183.199951,2105.330078,13.85000038,0.007718907,-0.004974107,-0.005102556,0.074163568,0.046898294,0.036132673,3.238129591
12-05-2015,241.1119995,1192.599976,2099.120117,13.85999966,-0.004328872,0.007913186,-0.002953996,0.000721709,0.031091312,0.014565198,3.142366869
13-05-2015,236.3769989,1218.400024,2098.47998,13.76000023,-0.01983357,0.021402765,-0.000305001,-0.00724112,0.026723082,0.025307271,3.060428297
14-05-2015,236.9290009,1225.400024,2121.100098,12.73999977,0.002332538,0.005728799,0.010721604,-0.077019217,0.027717001,0.013596104,3.060123308
15-05-2015,237.6049957,1225.5,2122.72998,12.38000011,0.002849091,8.16E-05,0.000768119,-0.028664356,0.0295896,0.007818008,2.985570361
18-05-2015,233.128006,1227.800049,2129.199951,12.72999954,-0.015636673,0.001875066,0.003043312,0.0278791,0.019187711,0.008636253,2.922965105
19-05-2015,231.9470062,1206.900024,2127.830078,12.85000038,-0.00507876,-0.017168881,-0.000643582,0.009382464,0.019950467,0.015392286,2.920185158
20-05-2015,234.0180054,1208.900024,2125.850098,12.88000011,0.008889134,0.001655767,-0.000930949,0.002331889,0.019065659,0.016312464,2.875157399
21-05-2015,235.3439941,1204.400024,2130.820068,12.10999966,0.00565019,-0.003729338,0.002335146,-0.0616442,0.019879425,0.015738092,2.839649442
22-05-2015,240.3480072,1204.300049,2126.060059,12.13000011,0.021039654,-8.30E-05,-0.002236385,0.001650203,0.015247013,0.017277178,2.803456254
26-05-2015,237.1159973,1187.199951,2104.199951,14.06000042,2.53E-05,-0.014300974,-0.010335205,0.147652184,0.032851476,0.005522636,2.837820582
27-05-2015,237.2830048,1185.900024,2123.47998,13.27000046,0.00070408,-0.001095552,0.009120919,-0.057828033,0.005147002,0.019460045,2.799219841
28-05-2015,237.4080048,1188.099976,2120.790039,13.31000042,0.000526658,0.001853371,-0.001267564,0.003009781,0.014426986,0.024273644,2.766768713
29-05-2015,237.095993,1189.400024,2107.389893,13.84000015,-0.001315107,0.001093627,-0.006338515,0.039047297,0.002838396,0.019838949,2.739820885
01-06-2015,222.9259949,1188.300049,2111.72998,13.97000027,-0.032065211,-0.000925243,0.002057343,0.009349231,-0.003482493,0.02449214,2.718691419
02-06-2015,225.8029938,1194.099976,2109.600098,14.23999977,0.012823055,0.004868988,-0.001009105,0.019142698,-0.017777021,0.013211262,2.898844781
03-06-2015,225.8739929,1184.699951,2114.070068,13.65999985,0.00031438,-0.007903206,0.002116629,-0.041583047,-0.037062414,0.005266148,2.872165456
04-06-2015,224.3240051,1174.900024,2095.840088,14.71000004,-0.006885832,-0.008306478,-0.008660562,0.074055694,-0.017431058,0.011497367,2.827777466
05-06-2015,224.9519958,1167.800049,2092.830078,14.21000004,0.002795569,-0.00606138,-0.001437215,-0.034581592,-0.014299385,0.020056123,2.802851356
08-06-2015,228.4889984,1173.199951,2079.280029,15.28999996,0.02485008,0.004613338,-0.00649556,0.073253073,-0.029355144,0.028549184,2.769999058
09-06-2015,229.0480042,1177.300049,2080.149902,14.47000027,0.002443545,0.003488706,0.000418266,-0.055121458,-0.047012445,0.030209112,2.839337627
10-06-2015,228.8029938,1186.099976,2105.199951,13.22000027,-0.001070263,0.007446871,0.011970492,-0.090346704,-0.068481911,0.030860679,2.800279902
11-06-2015,229.7050018,1179.900024,2108.860107,12.85000038,0.003934541,-0.005240884,0.001737117,-0.028387014,-0.073004634,0.023267502,2.768704898
12-06-2015,229.9819946,1178.800049,2094.110107,13.77999973,0.001205137,-0.000932697,-0.007018875,0.069874405,0.062682516,0.0468361,2.742360785
15-06-2015,236.822998,1185.300049,2084.429932,15.39000034,0.013946807,0.005498935,-0.00463329,0.110499724,0.065623964,0.030769345,2.719393879
16-06-2015,250.8950043,1180.5,2096.290039,14.81000042,0.057721524,-0.004057871,0.005673731,-0.038415314,0.097507922,0.006273822,2.728714595
17-06-2015,249.2839966,1176.400024,2100.439941,14.5,-0.006441747,-0.003479129,0.001977684,-0.021154007,0.095082235,0.009000347,3.235473919
18-06-2015,249.0070038,1201.5,2121.23999,13.18999958,-0.001111771,0.021111828,0.009854,-0.094689715,0.03690667,0.029181605,3.143850547
22-06-2015,246.9900055,1183.699951,2122.850098,12.73999977,0.01240918,-0.014925691,0.006076368,-0.091449468,0.049067182,0.014105859,3.057311053
23-06-2015,244.2960052,1176.199951,2124.199951,12.10999966,-0.010967246,-0.006356223,0.000635666,-0.050715103,0.052316869,0.015661894,3.002864844
24-06-2015,240.5149994,1172.599976,2108.580078,13.26000023,-0.015598171,-0.003065377,-0.007380466,0.090720473,0.070415717,0.016958919,2.963193303
25-06-2015,242.798996,1171.5,2102.310059,14.01000023,0.009451469,-0.000938506,-0.002978004,0.055019375,0.038727291,0.036760649,2.953152246
26-06-2015,243.5939941,1172.900024,2101.48999,14.02000046,0.003268957,0.001194356,-0.000390156,0.000713538,0.0211934,0.035608931,2.906269793
29-06-2015,257.0639954,1178.5,2057.639893,18.85000038,0.031827985,0.004763108,-0.02108697,0.29602802,-0.056606808,0.029157971,2.856643242
30-06-2015,263.071991,1171.5,2063.110107,18.22999954,0.023102662,-0.005957464,0.002654962,-0.033444371,-0.058937442,0.029102848,2.9723142
01-07-2015,258.6210022,1169,2077.419922,16.09000015,-0.017064047,-0.002136296,0.006912096,-0.124870593,-0.057535193,0.061885261,2.990034481
02-07-2015,255.4120026,1163,2076.780029,16.79000092,-0.01248574,-0.005145809,-0.00030807,0.042585555,-0.059627514,0.061894408,2.984020652
06-07-2015,269.0299988,1172.900024,2068.76001,17.01000023,-0.010659249,0.008476462,-0.003869233,0.013017894,-0.043157019,0.034619228,2.954211752
07-07-2015,266.2070007,1152.400024,2081.340088,16.09000015,-0.010548689,-0.01763259,0.006062561,-0.055603449,-0.048262407,0.047775108,2.921372749
08-07-2015,270.7850037,1163.300049,2046.680054,19.65999985,0.017050957,0.00941409,-0.016792965,0.200388136,-0.055319561,0.092665398,2.893601972
09-07-2015,269.2279968,1159,2051.310059,19.96999931,-0.005766569,-0.003703271,0.002259648,0.015645006,-0.091533549,0.081234517,2.88740774
10-07-2015,284.8940125,1157.699951,2076.620117,16.82999992,0.056558633,-0.001122328,0.012262986,-0.171068109,0.000639532,0.062024839,2.849425369
13-07-2015,292.0539856,1155.199951,2099.600098,13.89999962,-0.062426515,-0.002161789,0.011005269,-0.191274191,-0.090054643,0.054937488,3.300654797
14-07-2015,287.4639893,1153.300049,2108.949951,13.36999989,-0.01584107,-0.001646006,0.004443273,-0.03887543,-0.097028487,0.060144579,3.770745156
15-07-2015,285.82901,1147.199951,2107.399902,13.22999954,-0.005703833,-0.005303292,-0.000735256,-0.010526439,-0.136605637,0.076118667,3.634017639
16-07-2015,278.0889893,1143.800049,2124.290039,12.10999966,-0.027452597,-0.002968053,0.007982733,-0.088455414,-0.167556149,0.085104937,3.482323481
17-07-2015,279.4719849,1131.800049,2126.639893,11.94999981,0.004960887,-0.010546766,0.001105572,-0.013300267,-0.164355932,0.050599347,3.4664107
20-07-2015,278.9809875,1106.699951,2128.280029,12.25,0.019425231,-0.022426759,0.000770937,0.024794675,-0.159554233,0.009158405,3.332843078
21-07-2015,275.8330078,1103.400024,2119.209961,12.22000027,-0.011347996,-0.002986226,-0.004270796,-0.002451961,-0.153957859,0.005965354,3.26610481
22-07-2015,277.2219849,1091.400024,2114.149902,12.11999989,0.005022936,-0.010935046,-0.002390565,-0.008217004,-0.150464069,-0.028728249,3.185681641
23-07-2015,276.0490112,1094,2102.149902,12.64000034,-0.004240148,0.002379406,-0.00569221,0.042009445,-0.129780585,-0.138849689,3.093696241
24-07-2015,288.2780151,1085.599976,2079.649902,13.73999977,0.043346918,-0.007707897,-0.010761021,0.083444854,-0.169705185,-0.142898585,3.019163656
27-07-2015,293.6239929,1096.5,2067.639893,15.60000038,0.003199635,0.009990482,-0.005791755,0.126959669,-0.170804638,-0.140031449,3.231891611
28-07-2015,294.427002,1096.300049,2093.25,13.43999958,0.002731088,-0.000182371,0.012310074,-0.149035635,-0.123029778,-0.057304818,3.131383699
29-07-2015,289.5899963,1092.699951,2108.570068,12.5,-0.016564984,-0.003289265,0.007292143,-0.07250666,-0.115584819,-0.064521864,3.045928288
30-07-2015,287.7219849,1088.400024,2108.629883,12.13000011,-0.006471433,-0.003942903,2.84E-05,-0.030046912,-0.113189679,-0.054329483,3.027213959
31-07-2015,284.6499939,1094.900024,2103.840088,12.11999989,-0.01073435,0.005954307,-0.002274104,-0.000824761,-0.132914554,-0.054009908,2.968258428
03-08-2015,281.2269897,1089.400024,2098.040039,12.56000042,-0.004919921,-0.005035949,-0.002760694,0.035660223,-0.150164051,-0.055340376,2.933379483
04-08-2015,285.2179871,1090.699951,2093.320068,13,0.014091619,0.001192539,-0.002252239,0.034432163,-0.170907393,-0.0351716,2.885840055
05-08-2015,281.8819885,1085.699951,2099.840088,12.51000023,-0.011765252,-0.004594752,0.003109838,-0.038421015,-0.229778051,-0.051689311,2.866622894
06-08-2015,278.5769958,1090.199951,2083.560059,13.77000046,-0.011794016,0.004136226,-0.007783196,0.095964003,-0.21011101,-0.056633213,2.853509069
07-08-2015,279.5849915,1094.099976,2077.570068,13.39000034,0.003611843,0.003570964,-0.002879023,-0.027984161,-0.213216684,-0.050155524,2.842800937
10-08-2015,264.4700012,1104.199951,2104.179932,12.22999954,-0.002315186,0.009188961,0.012726836,-0.090616273,-0.215451323,-6.98E-05,2.80381205
11-08-2015,270.3859863,1107.599976,2084.070068,13.71000004,0.022122689,0.003074444,-0.009603065,0.114233584,-0.241443912,0.010924838,2.773055683
12-08-2015,266.3760071,1123.199951,2086.050049,13.60999966,-0.014941646,0.013986221,0.000949604,-0.007320705,-0.242567026,-0.019109083,2.820783185
13-08-2015,264.0799866,1115.699951,2083.389893,13.48999977,-0.008656834,-0.006699744,-0.001276026,-0.008856138,-0.235549618,-0.006560637,2.832178395
14-08-2015,265.6799927,1112.900024,2091.540039,12.82999992,0.006040513,-0.002512724,0.003904332,-0.050162481,-0.23278472,-0.019595932,2.812282629
17-08-2015,257.9760132,1118.599976,2102.439941,13.02000046,-0.00205612,0.005108639,0.005197892,0.014700499,-0.233473314,-0.024852305,2.781261349
18-08-2015,211.0789948,1117.099976,2096.919922,13.78999996,-0.200634162,-0.001341862,-0.002628983,0.057457017,-0.101005829,-0.012653759,2.753956316
19-08-2015,226.6840057,1128.099976,2079.610107,15.25,0.071324556,0.00979876,-0.008289136,0.100635814,-0.135523305,0.040094242,6.92259463
20-08-2015,235.3500061,1153,2035.72998,19.13999939,0.037516791,0.021832461,-0.02132596,0.227200851,-0.180702926,0.093849815,6.74456001
21-08-2015,232.5690002,1159.599976,1970.890015,28.03000069,-0.011886838,0.005707856,-0.032369243,0.381495036,-0.139641881,0.089078173,6.319714439
24-08-2015,210.4949951,1153.400024,1893.209961,40.74000168,-0.080624734,-0.005360974,-0.040211444,0.373935062,0.035577092,0.108115498,5.853156765
25-08-2015,221.6089935,1138.199951,1867.609985,36.02000046,0.051452662,-0.013266099,-0.01361425,-0.1231361,0.004873907,0.064998915,6.007157986
26-08-2015,225.8309937,1124.599976,1940.51001,30.31999969,0.018872365,-0.012020629,0.038291299,-0.172266802,0.042644495,0.0513901,5.7780345
27-08-2015,224.7689972,1122.400024,1987.660034,26.10000038,-0.004713708,-0.001958124,0.024007254,-0.149872222,0.036780161,0.047366221,5.384026665
28-08-2015,231.3959961,1133.099976,1988.869995,26.04999924,0.029057316,0.009487946,0.000608551,-0.00191759,0.03830296,0.064507054,5.01052012
31-08-2015,230.0559998,1131.599976,1972.180054,28.43000031,0.005644959,-0.001324679,-0.008427079,0.087427197,0.034451514,0.061871093,4.75658079
01-09-2015,228.1210022,1138.699951,1913.849976,31.39999962,-0.008446557,0.006254679,-0.03002265,0.099362944,0.041918568,0.059511651,4.454960081
02-09-2015,229.2839966,1132.5,1948.859985,26.09000015,0.005085195,-0.00545964,0.018127671,-0.185255776,0.050437385,0.050782801,4.199969561
03-09-2015,227.1829987,1123.699951,1951.130005,25.61000061,-0.009205541,-0.00780081,0.001164116,-0.018569181,0.049552506,0.05322092,3.967155041
04-09-2015,230.2980042,1120.599976,1921.219971,27.79999924,0.013618286,-0.002762534,-0.015448309,0.082053069,0.041878102,0.052192453,3.777981395
08-09-2015,243.6069946,1120.400024,1969.410034,24.89999962,0.015555028,-0.000178448,0.024773637,-0.110168205,0.055076129,0.054000777,3.619398152
09-09-2015,238.1679993,1102.199951,1942.040039,26.22999954,-0.022579945,-0.016377648,-0.013995036,0.052035988,0.065126739,0.071042788,3.490650419
10-09-2015,238.477005,1109.5,1952.290039,24.37000084,0.001296587,0.006601325,0.005264075,-0.073550874,0.067527997,0.066507861,3.436276233
11-09-2015,240.1069946,1103.5,1961.050049,23.20000076,0.006811744,-0.005422517,0.004477006,-0.049200591,0.05621467,0.075810953,3.305237988
14-09-2015,230.6439972,1107.699951,1953.030029,24.25,0.000572491,0.003798803,-0.004098041,0.044264306,0.05647883,0.07567799,3.197741503
15-09-2015,230.3040009,1102.800049,1978.089966,22.54000092,-0.001475205,-0.004433305,0.012749688,-0.073125068,0.056158841,0.079551002,3.102042477
16-09-2015,229.0910034,1119.199951,1995.310059,21.35000038,-0.00528086,0.014761656,0.008667741,-0.054239792,0.051157603,0.087479716,3.022280164
17-09-2015,229.8099976,1117.300049,1990.199951,21.13999939,0.00313355,-0.001698996,-0.002564344,-0.009884806,0.051461966,0.084647527,2.961189382
18-09-2015,232.9750061,1138.099976,1958.030029,22.28000069,0.013678308,0.01844508,-0.016296231,0.052522494,0.039403096,0.095634365,2.902623311
21-09-2015,227.0850067,1133.099976,1966.969971,20.13999939,-0.018010637,-0.004402966,0.004555392,-0.100981589,0.03660626,0.099267265,2.878773719
22-09-2015,230.6179962,1125,1942.73999,22.44000053,0.015438219,-0.007174182,-0.01239493,0.108137247,0.029282907,0.091753804,2.89870749
23-09-2015,230.2830048,1131.599976,1938.76001,22.12999916,-0.001453638,0.005849503,-0.002050744,-0.013910988,0.054914015,0.081999643,2.883446868
24-09-2015,234.529007,1153.800049,1932.23999,23.46999931,0.018270269,0.019428346,-0.003368652,0.058788864,0.04979448,0.108674442,2.838475519
25-09-2015,235.1439972,1146,1931.339966,23.62000084,0.002618803,-0.006783267,-0.000465902,0.006370866,0.054656203,0.105201416,2.848877432
28-09-2015,239.1419983,1132,1881.77002,27.62999916,0.027062503,-0.012291639,-0.026001211,0.156808262,0.02795844,0.08229116,2.808310187
29-09-2015,236.6869965,1127.099976,1884.089966,26.82999992,-0.010318932,-0.004338039,0.001232094,-0.029381447,0.026257818,0.089359959,2.888789565
30-09-2015,236.0599976,1115.5,1920.030029,24.5,-0.002652579,-0.010345206,0.018895899,-0.090847544,0.027257851,0.083299889,2.865599837
01-10-2015,237.548996,1114.199951,1923.819946,22.54999924,0.006287901,-0.00116612,0.001971939,-0.082938085,0.038651553,0.073929592,2.825041751
02-10-2015,237.2929993,1137.099976,1951.359985,20.94000053,-0.00107824,0.020344525,0.014213793,-0.074073801,0.038860128,0.069980288,2.792297585
05-10-2015,240.3829956,1138.099976,1987.050049,19.54000092,0.008875138,0.000879044,0.018124594,-0.069197537,0.019225604,0.074891995,2.762067513
06-10-2015,246.0630035,1146.800049,1979.920044,19.39999962,0.023354149,0.007615314,-0.003594689,-0.007190647,0.044198104,0.080235461,2.745648742
07-10-2015,242.9689941,1149,1995.829956,18.39999962,-0.012653776,0.001916501,0.00800352,-0.052922403,0.043162026,0.077591461,2.807880891
08-10-2015,242.3040009,1144.699951,2013.430054,17.42000008,-0.002740699,-0.003749448,0.00877978,-0.054731668,0.042204887,0.076650375,2.80930656
09-10-2015,243.9309998,1156.300049,2014.890015,17.07999992,0.006692258,0.010082743,0.000724849,-0.019710792,0.051903318,0.075547271,2.778237366
12-10-2015,245.3079987,1164.900024,2017.459961,16.17000008,-0.007076199,0.007409973,0.001274664,-0.054750506,0.050958036,0.07625617,2.754096404
13-10-2015,249.5079956,1165.800049,2003.689941,17.67000008,0.016976403,0.000772321,-0.006848824,0.088710612,0.045927763,0.107738147,2.742369667
14-10-2015,251.9889984,1180.099976,1994.23999,18.03000069,0.009894468,0.012191571,-0.004727431,0.020168785,0.043190907,0.110227288,2.762817338
15-10-2015,254.3200073,1187.900024,2023.859985,16.04999924,0.009207916,0.006587903,0.014743551,-0.116328273,0.048103839,0.117978184,2.749177123
16-10-2015,262.868988,1183.599976,2033.109985,15.05000019,0.033062418,-0.003626442,0.004560061,-0.064330798,0.052988149,0.107514831,2.735889829
19-10-2015,263.4370117,1173.300049,2033.660034,14.97999954,0.006833295,-0.008740288,0.000270509,-0.004662056,0.070473027,0.127925034,2.890410954
20-10-2015,269.4630127,1178,2030.77002,15.75,0.022616842,0.003997752,-0.001422101,0.050124418,0.069961261,0.130686194,2.847804564
21-10-2015,266.2720032,1167.599976,2018.939941,16.70000076,-0.011912782,-0.008867746,-0.005842449,0.0585684,0.071746509,0.136565786,2.884988643
22-10-2015,274.0230103,1166.599976,2052.51001,14.44999981,0.028693727,-0.000856825,0.016490847,-0.144714364,0.093175377,0.128689065,2.869384257
23-10-2015,276.4960022,1163.300049,2075.149902,14.46000004,0.00898428,-0.002832679,0.010969954,0.000691818,0.095946055,0.124747474,2.952273185
26-10-2015,285.2999878,1167,2071.179932,15.28999996,0.005694399,0.003175517,-0.001914933,0.055812798,0.094896501,0.129197745,2.904300636
27-10-2015,293.7879944,1166.800049,2065.889893,15.43000031,0.029317184,-0.000171352,-0.002557386,0.009114669,0.091487482,0.124495106,2.857523715
28-10-2015,304.6180115,1177.099976,2090.350098,14.32999992,0.036200171,0.008788765,0.011770488,-0.07395845,0.105567628,0.137664925,2.948561351
29-10-2015,313.855011,1147.199951,2089.409912,14.60999966,0.029872561,-0.025729617,-0.000449875,0.019350966,0.106502562,0.084060331,3.091255038
30-10-2015,328.0150146,1141.5,2079.360107,15.06999969,0.044128253,-0.004980961,-0.004821482,0.03099979,0.094526766,0.073245042,3.141589895
02-11-2015,361.1889954,1135.800049,2104.050049,14.14999962,0.104250897,-0.005005896,0.011803876,-0.062991395,0.126150458,0.040482006,3.336385608
03-11-2015,403.4169922,1114.199951,2109.790039,14.53999996,0.110569393,-0.019200677,0.002724353,0.027188872,0.131204131,-0.051529573,4.564417579
04-11-2015,411.5629883,1106.5,2102.310059,15.51000023,0.019991331,-0.006934734,-0.003551667,0.064581522,0.134668225,-0.05716641,5.490688045
05-11-2015,386.3540039,1104.400024,2099.929932,15.05000019,-0.063208021,-0.001899657,-0.00113279,-0.030106988,0.134698454,-0.037109836,5.134387742
06-11-2015,374.4700012,1087.599976,2099.199951,14.32999992,-0.031242362,-0.015328812,-0.000347682,-0.049022767,0.133738886,-0.015563216,5.201097207
09-11-2015,380.2569885,1087.900024,2078.580078,16.52000046,0.018282751,0.000275844,-0.009871291,0.142216559,0.129778049,-0.015273599,4.953178905
10-11-2015,336.8190002,1088.199951,2081.719971,15.28999996,-0.121301615,0.000275655,0.001509455,-0.077372778,0.115526697,-0.015995426,4.656266903
11-11-2015,311.0840149,1084.699951,2075,16.05999947,-0.079482675,-0.003221504,-0.003233307,0.049132658,0.13137186,-0.016614865,5.829964609
12-11-2015,338.1520081,1080.800049,2045.969971,18.37000084,0.083432502,-0.003601853,-0.014089163,0.13438727,0.111190171,-0.060736411,5.973137309
16-11-2015,330.7510071,1083.699951,2053.189941,18.15999985,0.032526283,0.002679514,0.014793303,-0.100502926,0.147231401,-0.095090213,6.101707483
17-11-2015,335.0939941,1068.699951,2050.439941,18.84000015,0.013045224,-0.013938156,-0.001340277,0.036760912,0.132463191,-0.091291379,5.727881474
18-11-2015,334.5899963,1068.800049,2083.580078,16.85000038,-0.001505181,9.37E-05,0.01603323,-0.111631598,-0.003669577,-0.116493855,5.324043939
19-11-2015,326.1489868,1078,2081.23999,16.98999977,-0.025551599,0.008570903,-0.00112374,0.008274243,0.0282448,-0.106625055,4.954533672
20-11-2015,322.0220032,1076.400024,2089.169922,15.47000027,-0.012734416,-0.00148531,0.003802955,-0.09372224,0.009542193,-0.099821527,4.704863044
23-11-2015,323.04599,1066.800049,2086.590088,15.61999989,-0.004601806,-0.008958603,-0.001235624,0.009649455,0.023516953,-0.094740801,4.430201709
24-11-2015,320.04599,1074.300049,2089.139893,15.93000031,-0.009329993,0.007005773,0.00122125,0.019652006,0.023812373,-0.115152044,4.171055038
25-11-2015,328.2059937,1070.5,2088.870117,15.18999958,0.025176736,-0.003543503,-0.000129141,-0.047566854,0.022517059,-0.117522179,3.954976138
27-11-2015,358.0419922,1056.199951,2090.110107,15.11999989,0.015077831,-0.013448314,0.000593442,-0.004618926,-0.000206466,-0.115982521,3.82587299
30-11-2015,377.3210144,1065.800049,2080.409912,16.12999916,0.016102104,0.009048222,-0.0046518,0.064662477,-0.001403119,-0.110384125,3.665659886
01-12-2015,362.4880066,1063.800049,2102.629883,14.67000008,-0.040104934,-0.001878287,0.010623939,-0.094876243,-0.023694603,-0.112956857,3.532370894
02-12-2015,359.1870117,1054.199951,2079.51001,15.90999985,-0.009148212,-0.00906531,-0.011056593,0.081143235,-0.007649498,-0.104700313,3.631659033
03-12-2015,361.04599,1061.699951,2049.620117,18.11000061,0.005162169,0.007089212,-0.014477826,0.129516473,-0.018847257,-0.104900609,3.489015279
04-12-2015,363.1830139,1084.5,2091.689941,14.81000042,0.005901531,0.0212477,0.020317856,-0.201161649,-0.042116731,-0.127386449,3.352417717
07-12-2015,395.5360107,1076.400024,2077.070068,15.84000015,0.017220514,-0.007496889,-0.007014044,0.067235739,-0.045368099,-0.129237957,3.236560811
08-12-2015,415.5629883,1076.300049,2063.590088,17.60000038,0.049392365,-9.29E-05,-0.006511053,0.105360528,-0.061149457,-0.127221883,3.1738191
09-12-2015,417.5629883,1077.599976,2047.619995,19.61000061,0.004801204,0.001207045,-0.007769086,0.108140748,-0.061460045,-0.126154041,3.430953424
10-12-2015,415.4790039,1073.099976,2052.22998,19.34000015,-0.005003322,-0.00418469,0.002248857,-0.013864173,-0.057581839,-0.12554891,3.302337957
11-12-2015,451.9379883,1076.900024,2012.369995,24.38999939,0.084112895,0.003534933,-0.019613868,0.231997689,-0.122515611,-0.097362214,3.197365584
14-12-2015,444.1820068,1064.699951,2021.939941,22.72999954,0.023754534,-0.011393543,0.004744288,-0.070487569,-0.120063006,-0.104254078,4.048016037
15-12-2015,465.3210144,1062.900024,2043.410034,20.95000076,0.046493117,-0.001691979,0.01056258,-0.081546935,-0.100041802,-0.112830773,3.896855021
16-12-2015,454.9339905,1078,2073.070068,17.86000061,-0.022575188,0.014106428,0.014410636,-0.159575073,-0.11443003,-0.13961123,3.963972309
17-12-2015,456.0780029,1050.800049,2041.890015,18.94000053,0.002511521,-0.025555647,-0.015154777,0.058712506,-0.104362227,-0.122097398,3.83568287
18-12-2015,463.6159973,1066.199951,2005.550049,20.70000076,0.016392764,0.014549054,-0.017957495,0.088857621,-0.108588638,-0.111548871,3.649200007
21-12-2015,438.6390076,1081.900024,2021.150024,18.70000076,-0.009181682,0.014617898,0.007748307,-0.101610172,-0.112445452,-0.135484517,3.519522034
22-12-2015,436.571991,1074.800049,2038.969971,16.60000038,-0.004723479,-0.006584134,0.008778096,-0.119120846,-0.117257416,-0.13352229,3.393196087
23-12-2015,442.401001,1069.400024,2064.290039,15.56999969,0.013263423,-0.005036877,0.012341597,-0.064056752,-0.098395553,-0.126237462,3.274207531
24-12-2015,454.9849854,1077.199951,2060.98999,15.73999977,0.028047706,0.00726727,-0.001599915,0.010859262,-0.101757766,-0.121704204,3.188565707
28-12-2015,422.2789917,1070.5,2056.5,16.90999985,-0.001287434,-0.006239208,-0.002180936,0.071699925,-0.091879553,-0.125241633,3.205192591
29-12-2015,432.9830017,1077.5,2078.360107,16.07999992,0.025032257,0.006517714,0.010573664,-0.050328895,-0.084075754,-0.119419945,3.109452973
30-12-2015,426.6199951,1060.099976,2063.360107,17.29000092,-0.014804794,-0.016280323,-0.007243399,0.072552094,-0.067035455,-0.091453196,3.116617405
31-12-2015,430.5669861,1060.300049,2043.939941,18.20999908,0.009209237,0.000188713,-0.009456485,0.051842491,-0.06714853,-0.091419144,3.076163758
04-01-2016,433.0910034,1075.099976,2012.660034,20.70000076,0.007137118,0.013861725,-0.015422042,0.128162894,-0.060801824,-0.097845759,3.008853392
05-01-2016,431.9599915,1078.400024,2016.709961,19.34000015,-0.002614904,0.003064826,0.002010204,-0.067958239,-0.053807043,-0.097221457,2.947628623
06-01-2016,429.105011,1091.900024,1990.26001,20.59000015,-0.006631302,0.012440837,-0.013202163,0.062630031,-0.037172987,-0.107670061,2.893632748
07-01-2016,458.0480042,1107.699951,1943.089966,24.98999977,0.065272321,0.014366429,-0.023985817,0.193670207,-0.094605871,-0.064569401,2.856921643
08-01-2016,453.230011,1097.800049,1922.030029,27.01000023,-0.010574244,-0.008977528,-0.010897537,0.077731441,-0.082233869,-0.049871442,3.457738337
11-01-2016,448.428009,1096.5,1923.670044,24.29999924,0.000975017,-0.001184933,0.000852908,-0.105730857,-0.081219973,-0.050324438,3.345180764
12-01-2016,435.6900024,1085.599976,1938.680054,22.46999931,-0.028817167,-0.009990482,0.007772514,-0.078295263,-0.094437918,-0.034563058,3.227423003
13-01-2016,432.3710022,1087.5,1890.280029,25.21999931,-0.007646966,0.001748677,-0.025282375,0.115456248,-0.072708766,-0.037069373,3.269265838
14-01-2016,430.3059998,1073.900024,1921.839966,23.95000076,-0.004787438,-0.012584579,0.016558061,-0.051668948,-0.087172717,-0.027467891,3.175703956
15-01-2016,364.3309937,1091.5,1880.329956,27.02000046,-0.166433805,0.016255992,-0.021835773,0.120608994,0.056456341,-0.141177461,3.089514007
19-01-2016,380.1489868,1089.900024,1881.329956,26.04999924,-0.018295459,-0.001466926,0.00053168,-0.036559611,0.055190501,-0.144583445,6.082551088
20-01-2016,420.230011,1107.099976,1859.329956,27.59000015,0.10023896,0.015657991,-0.011762766,0.057435655,0.016052068,-0.084647191,5.661133859
21-01-2016,410.2619934,1099.099976,1868.98999,26.69000053,-0.024006243,-0.007252321,0.005181989,-0.03316441,-0.004058884,-0.077270704,6.103449729
22-01-2016,382.4920044,1097.199951,1906.900024,22.34000015,-0.070088214,-0.001730205,0.020080727,-0.177910183,-0.058754696,-0.073343385,5.702118138
25-01-2016,391.7260132,1106.199951,1877.079956,24.14999962,-0.02830197,0.008169239,-0.015761545,0.077905564,-0.042240331,-0.083326768,5.748469461
26-01-2016,392.1530151,1121.699951,1903.630005,22.5,0.001089459,0.013914674,0.014045238,-0.070769055,-0.042139948,-0.084159257,5.411643869
27-01-2016,394.9719849,1116.099976,1882.949951,23.11000061,0.00716273,-0.005004904,-0.010922922,0.026750141,-0.057486692,-0.096409184,5.031197414
28-01-2016,380.2890015,1115.599976,1893.359985,22.42000008,-0.037883344,-0.000448089,0.005513351,-0.03031203,-0.067181562,-0.076658803,4.698321816
29-01-2016,379.473999,1116.400024,1940.23999,20.20000076,-0.002145413,0.00071689,0.024458651,-0.104270779,-0.063332403,-0.07034605,4.572846181
01-02-2016,373.0559998,1127.900024,1939.380005,19.97999954,0.011563538,0.010248274,-0.000443335,-0.010950892,-0.110209719,-0.049600492,4.29317019
02-02-2016,374.447998,1127.300049,1903.030029,21.97999954,0.003724395,-0.000532082,-0.018920969,0.095401178,-0.132692523,0.035622111,4.059296264
03-02-2016,369.9490051,1141.300049,1912.530029,21.64999962,-0.012087764,0.01234257,0.00497962,-0.015127491,-0.133246206,0.037140279,3.843689472
04-02-2016,389.5939941,1157.599976,1915.449951,21.84000015,0.051739984,0.014180869,0.001525568,0.008737721,-0.128070103,0.059879492,3.680826999
05-02-2016,386.5490112,1157.800049,1880.050049,23.37999916,-0.007846488,0.00017282,-0.018654158,0.068137762,-0.120846044,0.040529308,3.854974655
08-02-2016,373.446991,1197.900024,1853.439941,26,-0.008460639,0.034048349,-0.014255058,0.106215618,-0.111834847,0.027511538,3.677476908
09-02-2016,376.0289917,1198.699951,1852.209961,26.54000092,0.006890177,0.000667551,-0.000663841,0.020556525,-0.106337317,0.022685242,3.526316734
10-02-2016,381.6489868,1194.699951,1851.859985,26.29000092,0.014835057,-0.003342529,-0.000188968,-0.00946439,-0.114433903,0.003666924,3.386696312
11-02-2016,379.6539917,1247.900024,1829.079956,28.13999939,-0.005241014,0.043567091,-0.012377447,0.068003356,-0.076794225,0.008866376,3.289823185
12-02-2016,384.2630005,1239.099976,1864.780029,25.39999962,0.012066925,-0.007076868,0.019330015,-0.102442871,-0.087798422,0.004407964,3.187214895
16-02-2016,407.4880066,1207.900024,1895.579956,24.11000061,0.018084566,-0.025501955,0.016381738,-0.052122441,-0.07475292,-0.006469254,3.11089814
17-02-2016,416.321991,1211.099976,1926.819946,22.30999947,0.021447477,0.002645683,0.016346111,-0.077591733,-0.059002824,-0.006242291,3.073140476
18-02-2016,422.3729858,1226.099976,1917.829956,21.63999939,0.014429799,0.012309363,-0.004676632,-0.030491559,-0.060570058,0.005653656,3.06167756
19-02-2016,420.7850037,1230.400024,1917.780029,20.53000069,-0.003766753,0.003500959,-2.60E-05,-0.052656161,-0.057998097,0.003136831,3.01446859
22-02-2016,437.7479858,1209.5,1945.5,19.37999916,-0.00239581,-0.017132289,0.014350731,-0.057645701,-0.060235983,0.003740735,2.951579536
23-02-2016,420.7359924,1222.300049,1921.27002,20.97999954,-0.039637829,0.010527319,-0.012532578,0.079328018,-0.040373621,-0.007609858,2.896647937
24-02-2016,424.9549866,1238.699951,1929.800049,20.71999931,0.009977709,0.013328033,0.00442996,-0.012470197,-0.039775021,0.000885791,3.128273229
25-02-2016,424.5440063,1238.199951,1951.699951,19.11000061,-0.000967583,-0.00040373,0.011284367,-0.080887594,-0.041686129,0.009434418,3.05478618
26-02-2016,432.1520081,1219.800049,1948.050049,19.80999947,0.01776173,-0.014971722,-0.001871865,0.035975044,-0.04024768,-0.00502499,2.98193701
29-02-2016,437.696991,1233.900024,1932.22998,20.54999924,0.009625851,0.011492954,-0.008154131,0.03667407,-0.023905359,-0.009290664,2.964258746
01-03-2016,435.1229858,1230.300049,1978.349976,17.70000076,-0.005898152,-0.002921823,0.023588385,-0.149296221,-0.035270686,-0.01280366,2.916040873
02-03-2016,423.9890137,1241.099976,1986.449951,17.09000015,-0.025921173,0.008739982,0.00408595,-0.035071177,-0.038890015,-0.019884606,2.873660812
03-03-2016,421.651001,1257.400024,1993.400024,16.70000076,-0.005529584,0.013048053,0.003492634,-0.023084741,-0.044059635,-0.026083166,2.957324306
04-03-2016,410.9389954,1269.900024,1999.98999,16.86000061,-0.025733186,0.00989206,0.00330044,0.009535224,-0.044354896,-0.02759173,2.907281377
07-03-2016,414.3210144,1263.199951,2001.76001,17.35000038,0.01609229,-0.005290031,0.000884623,0.02864854,-0.033157606,-0.027348769,2.982548675
08-03-2016,413.9719849,1262.099976,1979.26001,18.67000008,-0.000842768,-0.000871164,-0.011303756,0.073325433,-0.031302323,-0.02690381,2.956131479
09-03-2016,414.8599854,1256.599976,1989.26001,18.34000015,0.002142776,-0.004367339,0.005039673,-0.017833486,-0.03033622,-0.028831846,2.898824416
10-03-2016,417.131012,1272,1989.569946,18.04999924,0.005459271,0.012180823,0.000155793,-0.015938833,0.03408898,-0.030935684,2.849926929
11-03-2016,421.6900024,1258.699951,2022.189941,16.5,0.010870103,-0.010511061,0.016262546,-0.089785262,0.036703117,-0.023102823,2.811754114
14-03-2016,416.4379883,1244.400024,2019.640015,16.92000008,0.005714591,-0.011425898,-0.001261769,0.025135978,0.016045841,-0.018631141,2.792807356
15-03-2016,416.8299866,1230.400024,2015.930054,16.84000015,0.00094087,-0.011314166,-0.001838631,-0.004739341,0.029334392,-0.009665107,2.764544733
16-03-2016,417.0109863,1229.300049,2027.219971,14.98999977,0.000434135,-0.000894398,0.005584728,-0.116373721,0.032439383,-0.005771662,2.737861007
17-03-2016,420.6210022,1264.5,2040.589966,14.43999958,0.008619628,0.028231846,0.006573583,-0.037381192,0.049730147,-0.003747733,2.715843197
18-03-2016,409.5480042,1253.800049,2049.580078,14.02000046,-0.026678073,-0.008497808,0.004395967,-0.02951719,0.047587416,0.011990008,2.706742302
21-03-2016,413.3070068,1243.800049,2051.600098,13.78999996,-0.001083348,-0.00800773,0.000985092,-0.016541225,0.048974593,0.010551863,2.832069414
22-03-2016,418.0889893,1248.199951,2049.800049,14.17000008,0.011503628,0.003531225,-0.000877773,0.02718337,0.040846822,0.015914333,2.79520859
23-03-2016,418.0409851,1223.699951,2036.709961,14.93999958,-0.000114825,-0.019823458,-0.00640651,0.052915093,0.042474359,0.007888491,2.78129374
24-03-2016,416.3940125,1221.400024,2035.939941,14.73999977,-0.003947521,-0.001881254,-0.000378142,-0.01347728,0.042573771,0.008512771,2.752194089
28-03-2016,424.2309875,1219.900024,2037.050049,15.23999977,-0.005955456,-0.001228854,0.000545107,0.033358664,0.029695216,0.004017951,2.73288256
29-03-2016,416.5159912,1235.599976,2055.01001,13.81999969,-0.018353234,0.012787754,0.008778012,-0.097806739,0.019521176,-0.012462277,2.721584083
30-03-2016,414.8160095,1226.900024,2063.949951,13.56000042,-0.004089784,-0.00706598,0.00434088,-0.018992483,0.024535337,-0.010737372,2.773292516
31-03-2016,416.7290039,1234.199951,2059.73999,13.94999981,0.004601068,0.005932265,-0.002041842,0.028355181,0.031355364,-0.014613439,2.750666596
01-04-2016,417.9599915,1222.199951,2072.780029,13.10000038,0.002949574,-0.009770474,0.006310959,-0.062867235,0.032840213,-0.017490532,2.72805259
04-04-2016,421.4440002,1218,2066.129883,14.11999989,0.001282151,-0.003442304,-0.00321348,0.074979965,0.030091161,-0.016818767,2.707904958
05-04-2016,424.0299988,1228.400024,2045.170044,15.42000008,0.006117294,0.00850236,-0.010196298,0.088073149,0.111127082,-0.053173598,2.690812435
06-04-2016,423.4129944,1222.5,2066.659912,14.09000015,-0.001456156,-0.004814587,0.010452798,-0.090200036,0.108530761,-0.05736541,2.68063813
07-04-2016,422.7449951,1236.199951,2041.910034,16.15999985,-0.0015789,0.011144176,-0.012048074,0.137073707,0.106011705,-0.055662148,2.669830359
08-04-2016,420.348999,1242.5,2047.599976,15.35999966,-0.005683833,0.00508336,0.002782703,-0.050772338,0.115302808,-0.070564148,2.661036981
11-04-2016,422.4830017,1256.699951,2041.98999,16.26000023,0.00217762,0.01136372,-0.002743546,0.056941413,0.113813929,-0.068185665,2.661591549
12-04-2016,425.1900024,1259.400024,2061.719971,14.85000038,0.00638692,0.002146238,0.009615754,-0.090708227,0.120734083,-0.070406221,2.65258443
13-04-2016,423.7340088,1246.800049,2082.419922,13.84000015,-0.003430213,-0.010055128,0.00999007,-0.07043693,-0.119325461,0.04796572,2.649568872
14-04-2016,424.2820129,1225,2082.780029,13.72000027,0.001292438,-0.017639464,0.000172912,-0.008708319,-0.121822759,0.041532223,2.647072464
15-04-2016,429.7130127,1233.099976,2080.72998,13.61999989,0.012719215,0.00659046,-0.00098477,-0.007315349,-0.024659163,-0.052810463,2.640510717
18-04-2016,428.5910034,1233.599976,2094.340088,13.35000038,0.00278512,0.0004054,0.006519726,-0.020022879,-0.01574219,-0.071143061,2.658753846
19-04-2016,435.5090027,1253,2100.800049,13.23999977,0.016012376,0.015603972,0.003079738,-0.00827388,0.136204717,-0.086713652,2.650469151
20-04-2016,441.3890076,1253.199951,2102.399902,13.27999973,0.013411122,0.000159565,0.000761255,0.003016591,0.078112146,-0.074805414,2.68262422
21-04-2016,449.4249878,1249,2091.47998,13.94999981,0.018042371,-0.00335701,-0.005207563,0.049220371,0.063939372,-0.082530972,2.696184483
22-04-2016,445.7369995,1228.699951,2091.580078,13.22000027,-0.00823987,-0.016386571,4.79E-05,-0.05374864,0.075981356,-0.060996859,2.731346337
25-04-2016,461.4259949,1238.900024,2087.790039,14.07999992,0.006241458,0.008267249,-0.00181369,0.063024491,0.099657863,-0.070462116,2.727438311
26-04-2016,466.0889893,1242.199951,2091.699951,13.96000004,0.010054897,0.002660053,0.001871,-0.008559245,0.119781963,-0.070050421,2.711152098
27-04-2016,444.6870117,1249.199951,2095.149902,13.77000046,-0.04700589,0.005619346,0.001647994,-0.013703754,0.108694872,-0.088784125,2.707001592
28-04-2016,449.0109863,1265.5,2075.810059,15.22000027,0.009676666,0.012963994,-0.009273636,0.100118024,0.106860596,-0.079011374,3.092789099
29-04-2016,455.0969849,1289.199951,2065.300049,15.69999981,0.013463194,0.018554532,-0.005075949,0.03105033,0.102984784,-0.047976009,3.024071758
02-05-2016,444.6690063,1294.699951,2081.429932,14.68000031,-0.016075393,0.004257137,0.007779607,-0.067174656,0.094762883,-0.118667958,2.979048338
03-05-2016,450.3039856,1290.699951,2063.370117,15.60000038,0.012592679,-0.003094301,-0.008714499,0.060784895,0.053174043,-0.125377443,2.969013336
04-05-2016,446.7219849,1273.300049,2051.120117,16.04999924,-0.007986435,-0.013572675,-0.005954583,0.028437863,0.041734923,-0.08547474,2.929703065
05-05-2016,447.9760132,1271.400024,2050.629883,15.90999985,0.002803246,-0.001493319,-0.000239037,-0.008760969,0.043439243,-0.085844486,2.891108604
06-05-2016,459.6029968,1292.900024,2057.139893,14.72000027,0.025623377,0.016769101,0.003169611,-0.077740701,0.052190976,-0.038105024,2.843697004
09-05-2016,460.4830017,1265.599976,2058.689941,14.56999969,0.004210958,-0.021341477,0.000753213,-0.010242532,0.03872495,-0.018707592,2.90496718
10-05-2016,450.894989,1263.900024,2084.389893,13.63000011,-0.02104147,-0.001344101,0.012406365,-0.066691345,-0.02883803,-0.005736529,2.856292466
11-05-2016,452.7279968,1274.599976,2064.459961,14.68999958,0.004057025,0.008430187,-0.009607523,0.074893708,-0.078545063,0.049557043,2.902155209
12-05-2016,454.7659912,1270.300049,2064.110107,14.40999985,0.004491485,-0.003379253,-0.000169479,-0.019244562,-0.139416377,0.043958909,2.853796207
13-05-2016,455.6700134,1271.900024,2046.609985,15.03999996,0.001985911,0.001258733,-0.008514434,0.042790917,-0.128101514,0.025080929,2.813790395
16-05-2016,454.1629944,1273.400024,2066.659912,14.68000031,-0.007469341,0.001178643,0.009748976,-0.024227272,-0.138073437,0.025817312,2.778849645
17-05-2016,453.7829895,1276.199951,2047.209961,15.56999969,-0.000837065,0.002196366,-0.009455864,0.058859922,-0.132818336,0.021257723,2.764082926
18-05-2016,454.618988,1273.699951,2047.630005,15.94999981,0.001840592,-0.001960862,0.000205158,0.024112851,-0.252925503,0.074456461,2.738392977
19-05-2016,438.7149963,1254.199951,2040.040039,16.32999992,-0.035609688,-0.015428132,-0.003713595,0.023545085,-0.212841303,0.124855996,2.716111318
20-05-2016,442.6759949,1252.400024,2052.320068,15.19999981,0.008988123,-0.00143615,0.006001459,-0.071708487,-0.204786286,0.122448289,2.939353577
23-05-2016,444.1549988,1251.099976,2048.040039,15.81999969,0.010938697,-0.001038585,-0.002087637,0.039979528,-0.203705708,0.158758,2.893502647
24-05-2016,445.9809875,1228.900024,2076.060059,14.42000008,0.004102724,-0.017903665,0.013588638,-0.092658806,-0.175666715,0.133267417,2.860944536
25-05-2016,449.598999,1223.5,2090.540039,13.89999962,0.00807975,-0.004403876,0.00695053,-0.036727324,-0.15558347,0.126436573,2.819374367
26-05-2016,453.3840027,1220.099976,2090.100098,13.43000031,0.008383382,-0.002782801,-0.000210466,-0.034397779,-0.145262444,0.159188503,2.791211628
27-05-2016,473.4639893,1213.800049,2099.060059,13.11999989,0.043336403,-0.005176828,0.004277695,-0.023353258,-0.102542215,0.134717874,2.768546627
31-05-2016,531.3859863,1214.800049,2096.949951,14.18999958,-0.004652489,0.00082352,-0.001005769,0.078399687,-0.090372066,0.175880802,3.041408342
01-06-2016,536.9199829,1211.900024,2099.330078,14.19999981,0.010360414,-0.002390098,0.001134399,0.00070449,-0.090616613,0.183795502,2.975920752
02-06-2016,537.9719849,1209.800049,2105.26001,13.63000011,0.00195741,-0.001734299,0.002820696,-0.040968697,-0.099829094,0.183750284,2.92792114
03-06-2016,569.1939697,1240.099976,2099.129883,13.47000027,0.056414786,0.024736905,-0.002916062,-0.011808244,-0.126175807,0.301035288,2.874272289
06-06-2016,585.5369873,1244.599976,2109.409912,13.64999962,0.018199331,0.003622172,0.004885329,0.013274483,-0.113431209,0.304644345,3.315978929
07-06-2016,576.5969849,1244.400024,2112.129883,14.05000019,-0.015385797,-0.000160668,0.001288616,0.028882916,-0.14379454,0.313142226,3.24546096
08-06-2016,581.6450195,1259.800049,2119.120117,14.07999992,0.008716774,0.012299511,0.003304102,0.002132936,-0.139370414,0.32454798,3.186953135
09-06-2016,574.6300049,1270.199951,2115.47998,14.64000034,-0.012133966,0.008221313,-0.001719236,0.039002187,-0.132284384,0.310087125,3.101147528
10-06-2016,577.4699707,1273.400024,2096.070068,17.03000069,0.004930078,0.002516178,-0.009217532,0.151219003,-0.133021999,0.310265749,3.050327793
13-06-2016,704.3759766,1284.400024,2079.060059,20.96999931,0.045887949,0.008601194,-0.008148299,0.208116277,-0.193305863,0.330238906,2.979170134
14-06-2016,685.559021,1285.599976,2075.320068,20.5,-0.027077677,0.000933814,-0.001800505,-0.022667926,-0.162352911,0.302226007,3.234947186
15-06-2016,694.4689941,1285.800049,2071.5,20.13999939,0.012912922,0.000155614,-0.001842409,-0.017717029,-0.164637863,0.299339448,3.259862328
16-06-2016,766.3079834,1296.099976,2077.98999,19.37000084,0.09843664,0.007978606,0.003128093,-0.038982336,-0.093118663,0.29761443,3.175172759
17-06-2016,748.9089966,1292.5,2071.219971,19.40999985,-0.02296668,-0.002781409,-0.003263284,0.002062869,-0.083560113,0.305577955,4.338089882
20-06-2016,737.2260132,1290,2083.25,18.37000084,-0.035386595,-0.001936109,0.005791383,-0.055069444,-0.109428826,0.304831267,4.157904066
21-06-2016,666.6519775,1270.5,2088.899902,18.47999954,-0.100626375,-0.015231695,0.002708391,0.005970097,-0.118839411,0.369000119,4.096627225
22-06-2016,596.1160278,1268,2085.449951,21.17000008,-0.111832811,-0.001969668,-0.001652929,0.135896047,-0.066703866,0.357649001,5.034782283
23-06-2016,623.9769897,1261.199951,2113.320068,17.25,0.045678167,-0.005377246,0.013275567,-0.204772945,-0.008038159,0.333230927,5.898579623
24-06-2016,665.2990112,1320,2037.410034,25.76000023,0.064123088,0.045568127,-0.036580793,0.401010767,-0.166327239,0.41218942,5.637607948
27-06-2016,655.2750244,1322.5,2000.540039,23.85000038,0.040340473,0.001892148,-0.018262247,-0.077038677,-0.203479408,0.412011634,5.590800092
28-06-2016,647.0009766,1315.300049,2036.089966,18.75,-0.012707228,-0.005459071,0.017614122,-0.240590481,-0.213634971,0.415352837,5.332185375
29-06-2016,639.8900146,1323.900024,2070.77002,16.63999939,-0.011051494,0.006517131,0.016889243,-0.119384354,-0.221185714,0.410609697,4.980896203
30-06-2016,673.3369751,1318.400024,2098.860107,15.63000011,0.050949601,-0.004163046,0.013473863,-0.062617247,-0.173608291,0.388884216,4.667233534
01-07-2016,676.2960205,1336.699951,2102.949951,14.77000046,0.00438497,0.013784955,0.001946706,-0.056594024,-0.180478382,0.390304897,4.643450043
05-07-2016,670.6270142,1356.400024,2088.550049,15.57999992,-0.019250508,0.014630296,-0.006871029,0.053389908,-0.167365331,0.371641687,4.354582308
06-07-2016,677.3309937,1364.900024,2099.72998,14.96000004,0.009946949,0.006247034,0.005338687,-0.04060806,-0.165240706,0.375603631,4.152092212
07-07-2016,640.5620117,1360.099976,2097.899902,14.76000023,-0.055814131,-0.003522975,-0.000871958,-0.01345914,-0.159845364,0.378064198,3.932853089
08-07-2016,666.5230103,1356.599976,2129.899902,13.19999981,0.039728729,-0.002576657,0.015138187,-0.11170402,-0.120121322,0.367168771,4.14597364
11-07-2016,647.6589966,1355,2137.159912,13.53999996,-0.002622922,-0.001180097,0.003402819,0.02543145,-0.120998666,0.376121288,4.099313839
12-07-2016,664.5510254,1334.099976,2152.139893,13.55000019,0.025747345,-0.015544565,0.006984842,0.000738297,-0.110662276,0.347161065,3.879993661
13-07-2016,654.4680176,1342.400024,2152.429932,13.03999996,-0.015288944,0.006202186,0.000134759,-0.038365008,-0.110321294,0.3415223,3.765739707
14-07-2016,658.0780029,1331.300049,2163.75,12.81999969,0.005500751,-0.00830313,0.005245423,-0.017015126,-0.111526506,0.334722417,3.627173081
15-07-2016,663.2550049,1326.5,2161.73999,12.67000008,0.007836069,-0.003612051,-0.000929379,-0.011769427,-0.112176573,0.333743391,3.471404751
18-07-2016,673.1060181,1328.400024,2166.889893,12.43999958,-0.009394022,0.001431334,0.002379462,-0.018319947,-0.108668834,0.337432546,3.341319707
19-07-2016,672.8640137,1331.5,2163.780029,11.97000027,-0.000359598,0.002330897,-0.001436205,-0.038513512,-0.108723701,0.336531541,3.242193638
20-07-2016,665.6849976,1318.800049,2173.02002,11.77000046,-0.010726667,-0.009583857,0.004261208,-0.016849582,-0.110695554,0.339779823,3.140200551
21-07-2016,665.0120239,1330.5,2165.169922,12.73999977,-0.00101146,0.008832542,-0.00361907,0.079192672,-0.110390983,0.336721045,3.077200569
22-07-2016,650.6190186,1323.099976,2175.030029,12.02000046,-0.021880876,-0.005577362,0.004543627,-0.058174665,-0.114334282,0.359566052,3.00088496
25-07-2016,654.0969849,1319.300049,2168.47998,12.86999989,-0.010929236,-0.00287612,-0.003016019,0.068327046,-0.107964098,0.360808744,3.026194134
26-07-2016,651.7839966,1320.699951,2169.179932,13.05000019,-0.003542422,0.001060532,0.000322732,0.013889136,-0.104234112,0.359785716,2.982510404
27-07-2016,654.3519897,1326.599976,2166.580078,12.82999992,0.003932204,0.004457398,-0.001199261,-0.017001976,-0.097661943,0.364551745,2.924340628
28-07-2016,655.0349731,1332.300049,2170.060059,12.72000027,0.001043211,0.004287549,0.00160492,-0.008610594,-0.0926209,0.366581956,2.872271278
29-07-2016,656.9920044,1349,2173.600098,11.86999989,0.00298322,0.012456769,0.00162998,-0.06916138,-0.097342108,0.362345206,2.827662543
01-08-2016,606.2719727,1351.400024,2170.840088,12.43999958,-0.029912483,0.001777533,-0.001270594,0.046902855,-0.092151532,0.358566778,2.790774966
02-08-2016,547.4650269,1364.400024,2157.030029,13.36999989,-0.102030103,0.009573679,-0.006381941,0.072096329,-0.046553981,0.27765616,2.931167502
03-08-2016,566.3549805,1356.099976,2163.790039,12.85999966,0.033922474,-0.006101874,0.003129043,-0.03889169,-0.041673899,0.279710395,4.346527077
04-08-2016,578.2890015,1358.800049,2164.25,12.42000008,0.020852691,0.001989078,0.000212549,-0.034813609,-0.028838729,0.278083646,4.218973415
05-08-2016,575.0430298,1336.400024,2182.870117,11.39000034,-0.005628874,-0.016622543,0.008566697,-0.086572275,-0.029547568,0.275584507,4.028544221
08-08-2016,591.0540161,1333.400024,2180.889893,11.5,-0.00276409,-0.00224736,-0.000907577,0.009611228,-0.028956499,0.277094596,3.822851474
09-08-2016,587.8010254,1339,2181.73999,11.65999985,-0.005518913,0.004190977,0.000389718,0.013817132,-0.028075891,0.275813753,3.640399223
10-08-2016,592.1030273,1344.300049,2175.48999,12.05000019,0.007292154,0.003950401,-0.002868797,0.032900508,-0.025930016,0.276761318,3.48743399
11-08-2016,589.1199951,1342.5,2185.790039,11.68000031,-0.005050763,-0.00133992,0.004723415,-0.031186672,-0.02815097,0.277279553,3.354054382
12-08-2016,587.559021,1335.800049,2184.050049,11.55000019,-0.002653188,-0.005003148,-0.000796363,-0.01119255,-0.02773414,0.277658747,3.241473244
15-08-2016,567.2399902,1340.300049,2190.149902,11.81000042,-0.005683403,0.003363106,0.002789016,0.022261212,-0.039119515,0.256611709,3.141745814
16-08-2016,577.4390259,1350.5,2178.149902,12.64000034,0.017820377,0.007581388,-0.005494142,0.06791975,-0.04806522,0.261881015,3.062744933
17-08-2016,573.2160034,1342.699951,2182.219971,12.18999958,-0.007340239,-0.005792419,0.001866846,-0.036250507,-0.046634726,0.264818586,3.031639317
18-08-2016,574.3179932,1351.199951,2187.02002,11.43000031,0.001920623,0.006310575,0.002197202,-0.064374405,-0.050301908,0.27739281,2.974400923
19-08-2016,575.6300049,1340.400024,2183.870117,11.34000015,0.002281864,-0.008024955,-0.00144131,-0.007905193,-0.053679324,0.277419476,2.913288471
22-08-2016,586.7529907,1337.699951,2182.639893,12.27000046,0.009323224,-0.00201641,-0.000563482,0.078820984,-0.053914513,0.277689061,2.862078345
23-08-2016,583.414978,1340.599976,2186.899902,12.38000011,-0.005705201,0.002165572,0.001949867,0.00892498,-0.064762008,0.29734631,2.829911762
24-08-2016,580.1820068,1324.400024,2175.439941,13.44999981,-0.005556872,-0.012157712,-0.005254055,0.082896815,-0.06301849,0.295540025,2.801380943
25-08-2016,577.7609863,1320.099976,2172.469971,13.63000011,-0.004181595,-0.003252072,-0.00136616,0.013294162,-0.062956212,0.298522732,2.777297717
26-08-2016,579.651001,1321.5,2169.040039,13.64999962,0.003265935,0.001059982,-0.001580064,0.00146624,-0.063838315,0.299122431,2.754176627
29-08-2016,574.1069946,1322.900024,2180.379883,12.93999958,0.000339728,0.00105886,0.005214428,-0.053416237,-0.05215729,0.249366618,2.729775317
30-08-2016,577.5029907,1311.699951,2176.120117,13.11999989,0.00589784,-0.008502346,-0.001955591,0.013814518,-0.059035343,0.241118026,2.709172095
31-08-2016,575.4719849,1306.900024,2170.949951,13.42000008,-0.003523074,-0.003666029,-0.002378691,0.022608362,-0.058015775,0.240674468,2.695452791
01-09-2016,572.3029785,1312.199951,2170.860107,13.47999954,-0.005522013,0.004047141,-4.14E-05,0.004460934,-0.059911083,0.236572122,2.685107107
02-09-2016,575.5369873,1322.099976,2179.97998,11.97999954,0.005634962,0.007516282,0.004192242,-0.117968517,-0.059568984,0.244024348,2.680995008
06-09-2016,610.4359741,1349.400024,2186.47998,12.02000046,0.006320259,0.020438704,0.002977242,0.003333413,-0.055056786,0.242398954,2.671740925
07-09-2016,614.5440063,1344.300049,2186.159912,11.93999958,0.006707126,-0.0037866,-0.000146396,-0.006677894,-0.028914603,0.225197444,2.665245937
08-09-2016,626.315979,1336.800049,2181.300049,12.51000023,0.018974463,-0.005594733,-0.002225488,0.04663427,-0.037587809,0.217959088,2.660613215
09-09-2016,622.8610229,1330.099976,2127.810059,17.5,-0.005531586,-0.005024626,-0.024827742,0.335672538,-0.026141276,0.219185553,2.708293117
12-09-2016,608.242981,1321,2159.040039,15.15999985,0.0025087,-0.006865083,0.014570387,-0.143540511,-0.04016876,0.191689613,2.700150454
13-09-2016,609.2410278,1319,2127.02002,17.85000038,0.001639524,-0.001515152,-0.014941748,0.163343159,-0.04870712,0.188300326,2.684579937
14-09-2016,610.684021,1321.5,2125.77002,18.13999939,0.002365709,0.001893581,-0.000587849,0.016115881,-0.038250652,0.186118986,2.671500757
15-09-2016,607.1550293,1313.5,2147.26001,16.29999924,-0.005795514,-0.006072125,0.010058516,-0.10695435,-0.028698852,0.107319636,2.660828016
16-09-2016,606.9730225,1305.800049,2139.159912,15.36999989,-0.000299815,-0.005879413,-0.003779428,-0.058747511,-0.053085795,0.104538701,2.661719538
19-09-2016,609.2269897,1313.5,2139.120117,15.52999973,-0.001061493,0.005879413,-1.86E-05,0.01035607,-0.10654401,0.12905728,2.653186453
20-09-2016,608.3120117,1313.699951,2139.76001,15.92000008,-0.001502996,0.000152216,0.000299093,0.024802565,0.131616396,-0.150881496,2.646755984
21-09-2016,597.1489868,1326.900024,2163.120117,13.30000019,-0.018521286,0.009997867,0.010858,-0.179812136,0.219362796,-0.181936184,2.641907164
22-09-2016,596.2979736,1340.400024,2177.179932,12.02000046,-0.001426144,0.010122682,0.006478752,-0.101192082,0.253851845,-0.18750361,2.710346983
23-09-2016,602.84198,1337.199951,2164.689941,12.28999996,0.010914608,-0.002390256,-0.005753293,0.022213953,0.274907118,-0.18491266,2.694377169
26-09-2016,608.0430298,1339.699951,2146.100098,14.5,0.011940296,0.001867833,-0.00862485,0.165362729,0.180710586,-0.16541485,2.696026574
27-09-2016,606.1660156,1325.900024,2159.929932,13.10000038,-0.00309175,-0.010354179,0.006423495,-0.10153639,0.177026316,-0.176574624,2.701130798
28-09-2016,604.7280273,1319.400024,2171.370117,12.39000034,-0.002375086,-0.004914386,0.005282577,-0.055722536,0.160260858,-0.150027195,2.689040209
29-09-2016,605.6929932,1321.699951,2151.129883,14.02000046,0.00159443,0.001741644,-0.009365128,0.123595191,0.145444284,-0.160792552,2.677930197
30-09-2016,609.7349854,1313.300049,2168.27002,13.28999996,0.006651167,-0.006375659,0.007936393,-0.053473044,0.152503924,-0.201283905,2.665998503
03-10-2016,612.1329956,1309,2161.199951,13.56999969,0.002029341,-0.003279604,-0.003266023,0.020849582,0.064870594,-0.200252039,2.661125413
04-10-2016,610.2039795,1266.300049,2150.48999,13.63000011,-0.003156278,-0.033164186,-0.004967882,0.004411803,0.066897453,-0.163672234,2.652164597
05-10-2016,612.5109863,1265.199951,2159.72998,12.98999977,0.003773585,-0.000869127,0.004287486,-0.048093441,0.040352363,-0.120017993,2.648722913
06-10-2016,613.0209961,1249.800049,2160.77002,12.84000015,0.000832308,-0.012246596,0.000481444,-0.011614503,0.040930861,-0.110039281,2.642856989
07-10-2016,617.1209717,1248.900024,2153.73999,13.47999954,0.006665882,-0.000720394,-0.003258787,0.048641761,0.030217657,-0.103789798,2.637103675
11-10-2016,641.0720215,1253,2136.72998,15.35999966,0.035046199,0.003277492,-0.012524578,0.138005642,-0.042945567,-0.077223917,2.637346219
12-10-2016,636.1920166,1251.099976,2139.179932,15.90999985,-0.007641378,-0.001517531,0.001145932,0.035181127,-0.040938003,-0.07430642,2.836663076
13-10-2016,636.7860107,1255,2132.550049,16.69000053,0.000933236,0.003112428,-0.003104076,0.047861937,-0.04160763,-0.073515016,2.812560185
14-10-2016,640.3779907,1253.099976,2132.97998,16.12000084,0.005624946,-0.001515111,0.000201584,-0.034748981,-0.033837738,-0.08593569,2.777830099
17-10-2016,639.1929932,1254.400024,2126.5,16.20999908,-0.003806911,0.001036928,-0.003042618,0.00556749,-0.032678981,-0.087366054,2.751959018
18-10-2016,637.960022,1260.800049,2139.600098,15.27999973,-0.001930813,0.005089089,0.006141506,-0.059083513,-0.017309794,-0.102628473,2.73241477
19-10-2016,630.5200195,1267.900024,2144.290039,14.40999985,-0.011730713,0.005615529,0.002189572,-0.058622367,-0.026660355,-0.114434518,2.713245233
20-10-2016,630.8569946,1265.599976,2141.340088,13.75,0.000534297,-0.001815709,-0.001376671,-0.046883575,-0.026500796,-0.113889261,2.727099371
21-10-2016,632.8280029,1265.900024,2141.159912,13.34000015,0.003119464,0.000237052,-8.41E-05,-0.030271772,-0.02576356,-0.116772753,2.706878671
24-10-2016,653.7609863,1262,2151.330078,13.02000046,-0.005050235,-0.003085587,0.004738595,-0.02428038,-0.029868315,-0.116612454,2.690453219
25-10-2016,657.5880127,1271.900024,2143.159912,13.46000004,0.005836794,0.007814101,-0.003804957,0.033235655,-0.03440254,-0.117014127,2.684226315
26-10-2016,678.3040161,1264.800049,2139.429932,14.23999977,0.031016974,-0.005597819,-0.001741928,0.056332563,-0.046156379,-0.124032301,2.674729087
27-10-2016,688.3129883,1267.900024,2133.040039,15.35999966,0.014648071,0.002447962,-0.002991196,0.075711815,-0.257975712,0.050383956,2.821021689
28-10-2016,689.651001,1275.5,2126.409912,16.19000053,0.001942015,0.005976251,-0.00311314,0.052627095,-0.314675212,0.092621285,2.815533252
31-10-2016,700.9719849,1271.5,2126.149902,17.05999947,-0.001271751,-0.003140953,-0.000122284,0.05234271,-0.329892155,0.083101096,2.780294873
01-11-2016,729.7930298,1286.400024,2111.719971,18.55999947,0.040293051,0.011650333,-0.006810019,0.084272188,-0.33889696,0.15425541,2.752266502
02-11-2016,740.8289795,1306.800049,2097.939941,19.31999969,0.015008829,0.0157338,-0.006546884,0.040132114,-0.352736265,0.187992992,2.988793035
03-11-2016,688.7000122,1302.099976,2088.659912,22.07999992,-0.072964021,-0.003603111,-0.004433213,0.133531405,-0.199902522,0.179556745,2.956211734
04-11-2016,703.2349854,1303.300049,2085.179932,22.51000023,0.020885316,0.00092122,-0.00166752,0.019287447,-0.198275396,0.177879113,3.726768522
07-11-2016,703.1309814,1278.300049,2131.52002,18.70999908,-0.011863107,-0.019368439,0.0219802,-0.184901574,-0.22593204,0.205233955,3.607055042
08-11-2016,709.8480225,1273.400024,2139.560059,18.73999977,0.009507702,-0.003840601,0.003764878,0.001602173,-0.219560159,0.198995439,3.477221523
09-11-2016,723.2730103,1272.599976,2163.26001,14.38000011,0.018735864,-0.000628475,0.01101612,-0.264821904,-0.177564539,0.202998945,3.349855403
10-11-2016,715.5339966,1265.5,2167.47998,14.73999977,-0.010757646,-0.005594732,0.001948846,0.024726511,-0.169644673,0.194111413,3.276733205
14-11-2016,705.0209961,1221.199951,2164.199951,14.47999954,0.004250013,-0.035633359,-0.000115509,0.021641296,-0.167095606,0.154930065,3.192359277
15-11-2016,711.6190186,1224,2180.389893,13.36999989,0.009315098,0.002290242,0.007452955,-0.079754973,-0.156052548,0.159194675,3.098576397
16-11-2016,744.197998,1223.400024,2176.939941,13.72000027,0.044764444,-0.000490296,-0.001583517,0.025841259,-0.155711172,0.154862322,3.027996071
17-11-2016,740.9769897,1216.5,2187.120117,13.35000038,-0.004337554,-0.005656005,0.004665469,-0.027338228,-0.159807054,0.158448499,3.257100987
18-11-2016,751.585022,1208.5,2181.899902,12.85000038,0.014214767,-0.006597962,-0.002389651,-0.038172572,-0.160908351,0.155150217,3.157651584
21-11-2016,739.2479858,1209.599976,2198.179932,12.42000008,0.011184406,0.000909785,0.007433702,-0.034035758,-0.15811111,0.148219048,3.094014258
22-11-2016,751.3469849,1211,2202.939941,12.40999985,0.016234141,0.001156758,0.002163091,-0.000805496,-0.155313937,0.150044405,3.029522649
23-11-2016,744.5939941,1189.099976,2204.719971,12.43000031,-0.00902848,-0.018249767,0.000807698,0.001610343,-0.155782926,0.169751492,2.995885486
25-11-2016,741.6489868,1178.199951,2213.350098,12.34000015,0.001835415,-0.009208889,0.003906746,-0.007266899,-0.154652777,0.171453961,2.949909745
28-11-2016,735.8129883,1190.599976,2201.719971,13.14999962,0.005147704,0.010469553,-0.005268389,0.063575699,-0.154630121,0.174039871,2.892704149
29-11-2016,735.6040039,1187.900024,2204.659912,12.89999962,-0.000284059,-0.002270298,0.001334402,-0.019194448,-0.158346951,0.172933885,2.84707319
30-11-2016,745.690979,1170.800049,2198.810059,13.32999992,0.013619341,-0.014499745,-0.002656931,0.032789847,-0.162682903,0.162273427,2.807119009
01-12-2016,756.7739868,1166.900024,2191.080078,14.06999969,0.014753367,-0.003336637,-0.003521723,0.054027721,-0.169211665,0.159420428,2.799465506
02-12-2016,777.9439697,1175.099976,2191.949951,14.11999989,0.027589859,0.007002549,0.000396928,0.003547375,-0.165989749,0.182948726,2.798258105
05-12-2016,758.7000122,1174,2204.709961,12.14000034,-0.019800039,-0.000936508,0.005804427,-0.15108641,-0.182137306,0.1763803,2.885433436
06-12-2016,764.223999,1167.599976,2212.22998,11.78999996,0.00725448,-0.005466382,0.003405084,-0.029254103,-0.176319791,0.182240635,2.916569646
07-12-2016,768.132019,1175,2241.350098,12.22000027,0.00510068,0.006317809,0.013077359,0.035822264,-0.228350031,0.179753333,2.870485865
08-12-2016,770.8099976,1169.800049,2246.189941,12.64000034,0.003480289,-0.004435312,0.002157015,0.03379244,-0.234488656,0.179436582,2.828440081
09-12-2016,772.7940063,1159.400024,2259.530029,11.75,0.00257062,-0.008930185,0.005921419,-0.073013175,-0.253971225,0.179783601,2.79173343
12-12-2016,780.0869751,1163.5,2256.959961,12.64000034,0.013364293,0.003530053,-0.001138082,0.073013175,-0.257023939,0.185859847,2.760643336
13-12-2016,780.5560303,1156.699951,2271.719971,12.72000027,0.000601105,-0.005861623,0.006518483,0.006309163,-0.248358122,0.183407399,2.760056417
14-12-2016,781.4810181,1161.300049,2253.280029,13.18999958,0.001184335,0.003969028,-0.008150295,0.036283356,-0.243799356,0.17900384,2.734217308
15-12-2016,778.0880127,1127.800049,2262.030029,12.78999996,-0.004351216,-0.029271234,0.003875708,-0.030795322,-0.248276751,0.197211276,2.71263712
16-12-2016,784.9069824,1135.300049,2258.070068,12.19999981,0.008725572,0.006628101,-0.001752157,-0.047227677,-0.250614548,0.201969159,2.700960682
19-12-2016,792.7139893,1140.5,2262.530029,11.71000004,0.002758844,0.004569787,0.001973173,-0.040992755,-0.219282434,0.237755686,2.694735642
20-12-2016,800.8759766,1131.5,2270.76001,11.44999981,0.010243612,-0.007922577,0.003630912,-0.022453468,-0.2111305,0.246452784,2.680204366
21-12-2016,834.2810059,1131.099976,2265.179932,11.27000046,0.040864184,-0.000353597,-0.002460386,-0.015845345,-0.217752417,0.245759581,2.682116009
22-12-2016,864.539978,1128.800049,2260.959961,11.43000031,0.035627265,-0.002035424,-0.001864711,0.014097136,-0.220055711,0.239258014,2.94334986
23-12-2016,921.9840088,1131.900024,2263.790039,11.43999958,0.064330331,0.002742493,0.001250933,0.000874445,-0.189972474,0.243309956,3.080824698
27-12-2016,933.197998,1137.300049,2268.879883,11.98999977,0.02780264,0.004759417,0.002245849,0.046957001,-0.1770844,0.252441262,3.596136848
28-12-2016,975.9210205,1139.400024,2249.919922,12.94999981,0.044764267,0.001844754,-0.008391641,0.077022823,-0.235638379,0.261702465,3.540739345
29-12-2016,973.4970093,1156.400024,2249.26001,13.36999989,-0.002486909,0.014809923,-0.000293348,0.031917609,-0.235364291,0.238043701,3.658056013
30-12-2016,961.2379761,1150,2238.830078,14.03999996,-0.012672741,-0.00554981,-0.004647835,0.048897013,-0.219113314,0.241372011,3.49790888
03-01-2017,1043.839966,1160.400024,2257.830078,12.85000038,0.021389345,0.009002852,0.008450767,-0.088566555,-0.210284725,0.24244352,3.387436514
04-01-2017,1154.72998,1163.800049,2270.75,11.85000038,0.100960345,0.002925761,0.005705964,-0.081015941,-0.11561528,0.239261263,3.323124639
05-01-2017,1013.380005,1179.699951,2269,11.67000008,-0.13057525,0.013569572,-0.000770968,-0.015306447,-0.068391069,0.050070812,4.483496636
06-01-2017,902.2009888,1171.900024,2276.97998,11.31999969,-0.116209241,-0.006633743,0.003510789,-0.030450407,-0.090530228,0.082077751,5.918625215
09-01-2017,902.8280029,1183.5,2268.899902,11.56000042,-0.009229224,0.009849766,-0.003554905,0.020979854,-0.049998715,0.066006622,6.615484598
11-01-2017,777.757019,1195.599976,2275.320068,11.26000023,-0.154476649,0.009580731,0.002825642,-0.020220429,-0.065624631,-0.021474714,6.111104614
12-01-2017,804.8339844,1198.900024,2270.439941,11.53999996,0.034221865,0.002756359,-0.002147112,0.024562615,-0.074295393,-0.015910588,7.486416263
13-01-2017,823.9840088,1195.300049,2274.639893,11.22999954,0.023515097,-0.003007249,0.001848131,-0.02723053,-0.072656067,-0.017879277,6.957389725
17-01-2017,907.9379883,1212,2267.889893,11.86999989,0.087903898,0.013874647,-0.002971914,0.055425471,-0.099516437,0.036940394,6.444661357
18-01-2017,886.617981,1211.300049,2271.889893,12.47999954,-0.023761879,-0.000577684,0.0017622,0.050113127,-0.098884716,0.038450704,6.541948553
19-01-2017,899.072998,1200.900024,2263.689941,12.77999973,0.013950027,-0.008622907,-0.003615838,0.023754102,-0.100220419,0.039753172,6.088238241
20-01-2017,895.026001,1204.300049,2271.310059,11.53999996,-0.004511461,0.00282723,0.003360584,-0.10206217,-0.102694708,0.038037188,5.645556354
23-01-2017,921.0120239,1215,2265.199951,11.77000046,-0.003967042,0.008845551,-0.00269375,0.019734702,-0.099917524,0.034218613,5.241899988
24-01-2017,892.6870117,1210.300049,2280.070068,11.06999969,-0.031237063,-0.003875774,0.006543141,-0.061315241,-0.111453106,0.037874237,4.883999385
25-01-2017,901.5419922,1197.300049,2298.370117,10.81000042,0.009870593,-0.010799241,0.007994053,-0.023767049,-0.106980507,0.034747525,4.679850059
26-01-2017,917.5859985,1189.5,2296.679932,10.63000011,0.017639685,-0.006536012,-0.000735655,-0.016791467,-0.103329849,0.036882621,4.393542039
27-01-2017,919.75,1188.099976,2294.689941,10.57999992,0.002355587,-0.001177679,-0.000866839,-0.004714784,-0.10002563,0.035332583,4.165778905
30-01-2017,920.382019,1193.199951,2280.899902,11.88000011,0.000963159,0.004283361,-0.006027673,0.115890904,-0.098074312,0.035305289,3.935823578
31-01-2017,970.4030151,1208.599976,2278.870117,11.98999977,0.052922643,0.012823912,-0.000890302,0.009216626,-0.105094824,0.061877332,3.73584345
01-02-2017,989.0230103,1205.599976,2279.550049,11.81000042,0.019006133,-0.002485297,0.000298319,-0.015126284,-0.086299875,0.042937923,3.913556995
02-02-2017,1011.799988,1216.699951,2280.850098,11.93000031,0.022768592,0.009164888,0.000570147,0.010109596,-0.082349928,0.044036687,3.757247142
03-02-2017,1029.910034,1218.5,2297.419922,10.97000027,0.017740542,0.001478358,0.007238497,-0.083891963,-0.117117786,0.038367888,3.643429787
06-02-2017,1038.150024,1230,2292.560059,11.36999989,0.010467402,0.009393575,-0.002117598,0.035813999,-0.114505337,0.038857467,3.520516621
07-02-2017,1061.349976,1234.199951,2293.080078,11.28999996,0.022101353,0.003408778,0.000226803,-0.007060923,-0.100382937,0.028012111,3.389267012
08-02-2017,1063.069946,1237.599976,2294.669922,11.44999981,0.001619238,0.002751053,0.000693082,0.014072339,-0.101207361,0.02780155,3.328959347
09-02-2017,994.3829956,1235.099976,2307.870117,10.88000011,-0.066793737,-0.002022082,0.005736064,-0.051063461,-0.14674783,0.032045215,3.213550408
10-02-2017,988.6740112,1234.400024,2316.100098,10.85000038,-0.005757777,-0.000566877,0.003559707,-0.002761137,-0.147726587,0.028644499,3.784620331
13-02-2017,990.6420288,1224.400024,2328.25,11.06999969,-0.008582727,-0.008134094,0.005232134,0.020073604,-0.151837222,0.037180084,3.612078175
14-02-2017,1004.549988,1223.900024,2337.580078,10.73999977,0.0139417,-0.000408447,0.003999327,-0.030263651,-0.154296429,0.036458457,3.47057264
15-02-2017,1007.47998,1231.699951,2349.25,11.97000027,0.002912476,0.006352788,0.004979889,0.108428474,-0.144615909,0.037209392,3.357612753
16-02-2017,1027.439941,1240,2347.219971,11.76000023,0.01961807,0.00671609,-0.000864492,-0.01769958,-0.145264854,0.039685342,3.238310748
17-02-2017,1046.209961,1237.599976,2351.159912,11.48999977,0.018103858,-0.001937379,0.001677149,-0.02322689,-0.141991091,0.041756033,3.187939951
21-02-2017,1115.300049,1237.5,2365.379883,11.56999969,0.032180966,-8.08E-05,0.00602985,0.006938443,-0.13348323,0.040785177,3.137565484
22-02-2017,1117.439941,1232,2362.820068,11.73999977,0.001916832,-0.00445435,-0.001082786,0.01458628,-0.133764762,0.040888134,3.200350064
23-02-2017,1166.719971,1250.199951,2363.810059,11.71000004,0.043156066,0.014664634,0.000418899,-0.002558614,-0.136173156,0.055555108,3.104157316
24-02-2017,1173.680054,1256.900024,2367.340088,11.47000027,0.00594779,0.005344892,0.00149225,-0.020708226,-0.135664162,0.05434837,3.295112264
27-02-2017,1179.969971,1257.400024,2369.75,12.09000015,0.012596285,0.000397725,0.001017465,0.052643723,-0.138841192,0.055019003,3.187810348
01-03-2017,1222.5,1248.900024,2395.959961,12.53999996,0.035408953,-0.002958188,0.013581211,-0.029852972,-0.095230906,0.047763292,3.113229991
02-03-2017,1251.01001,1231.900024,2381.919922,11.81000042,0.02305329,-0.013705471,-0.005877117,-0.059976866,-0.102078735,0.040926514,3.213061227
03-03-2017,1274.98999,1225.5,2383.120117,10.96000004,0.018987095,-0.005208789,0.00050375,-0.074694381,-0.100330283,0.038629841,3.188113113
06-03-2017,1272.829956,1224.5,2375.310059,11.23999977,0.004496128,-0.000816327,-0.003282623,0.025226539,-0.096889222,0.032091885,3.1424679
07-03-2017,1223.540039,1215.099976,2368.389893,11.44999981,-0.039494405,-0.00770624,-0.002917626,0.018510889,-0.068215115,0.049213125,3.056535002
08-03-2017,1150,1208.5,2362.97998,11.85999966,-0.061986386,-0.005446437,-0.002286828,0.035181651,-0.046153603,0.069556559,3.249308225
09-03-2017,1188.48999,1202.400024,2364.870117,12.30000019,0.032921643,-0.005060341,0.000799576,0.036427913,-0.050020725,0.061289123,3.726407086
10-03-2017,1116.719971,1200.699951,2372.600098,11.65999985,-0.062287795,-0.0014149,0.00326334,-0.05343511,-0.063156,0.066219681,3.689872286
13-03-2017,1231.920044,1202.400024,2373.469971,11.35000038,0.008592593,0.0014149,0.000366566,-0.02694639,-0.06346222,0.066545326,4.054729327
14-03-2017,1240,1201.900024,2365.449951,12.30000019,0.006537416,-0.000415921,-0.003384749,0.0803815,-0.062316899,0.065138232,3.845598015
15-03-2017,1249.609985,1200.099976,2385.26001,11.63000011,0.007720111,-0.001498792,0.008339879,-0.056011302,-0.057257837,0.063960357,3.661104399
16-03-2017,1187.810059,1226.5,2381.379883,11.21000004,-0.050720166,0.021759718,-0.001628035,-0.036781736,-0.047749525,0.006073333,3.503829378
17-03-2017,1100.22998,1229.800049,2378.25,11.27999973,-0.076592094,0.00268701,-0.001315179,0.006224982,-0.028373995,-0.010536061,3.742990078
20-03-2017,1054.22998,1233.599976,2373.469971,11.34000015,0.016729459,0.00308511,-0.002011916,0.005305089,-0.030618247,-0.011131215,4.333138863
21-03-2017,1120.540039,1246.099976,2344.02002,12.47000027,0.061000123,0.01008195,-0.012485595,0.094989469,-0.092410182,0.015042575,4.109919674
22-03-2017,1049.140015,1249.300049,2348.449951,12.81000042,-0.065839952,0.002564779,0.001888103,0.026900368,-0.100113013,0.015472552,4.31511337
23-03-2017,1038.589966,1246.900024,2345.959961,13.11999989,-0.010106804,-0.001922943,-0.001060832,0.023911626,-0.089284209,0.021861719,4.585025772
24-03-2017,937.5200195,1248.199951,2343.97998,12.96000004,-0.102381158,0.001041984,-0.000844352,-0.012270081,-0.06705191,0.031252369,4.317761069
27-03-2017,1045.77002,1255.400024,2341.590088,12.5,0.078594709,0.005751792,-0.001020108,-0.03613905,-0.080206088,0.043535699,5.219091851
28-03-2017,1047.150024,1255.300049,2358.570068,11.52999973,0.001318737,-7.96E-05,0.007225309,-0.080776333,-0.081349962,0.039106005,5.433297924
29-03-2017,1039.969971,1253.400024,2361.129883,11.42000008,-0.006880373,-0.001514748,0.001084736,-0.0095861,-0.050090058,0.039730837,5.050361153
30-03-2017,1026.430054,1245,2368.060059,11.53999996,-0.013105024,-0.006724348,0.002930811,0.010453047,-0.051804935,0.044970848,4.719152689
31-03-2017,1071.790039,1247.300049,2362.719971,12.36999989,0.04324337,0.001845724,-0.002257594,0.069454919,-0.068632037,0.042453739,4.443885651
03-04-2017,1143.810059,1250.800049,2358.840088,12.38000011,0.037083843,0.002802131,-0.001643475,0.000808099,-0.092764886,0.036618388,4.380605005
04-04-2017,1133.25,1255,2360.159912,11.78999996,-0.009275236,0.003352187,0.000559366,-0.048830565,-0.143026859,0.028383908,4.272908673
05-04-2017,1124.780029,1245.400024,2352.949951,12.89000034,-0.007502124,-0.00767879,-0.003059537,0.089200132,-0.167789673,0.126424351,4.043350062
06-04-2017,1182.680054,1250.300049,2357.48999,12.39000034,0.050195608,0.003926779,0.00192765,-0.03956212,-0.137587277,0.088063948,3.839586865
07-04-2017,1176.900024,1254.300049,2355.540039,12.86999989,-0.004899211,0.003194125,-0.000827472,0.038009289,-0.142340991,0.094488124,3.9613429
10-04-2017,1187.130005,1251.099976,2357.159912,14.05000019,-0.00062315,-0.002554542,0.00068745,0.087723397,-0.124626595,0.21087227,3.763300901
11-04-2017,1205.01001,1271.199951,2353.780029,15.06999969,0.01494924,0.015938153,-0.001434908,0.070083583,-0.118342019,0.210567961,3.587082662
12-04-2017,1200.369995,1275.300049,2344.929932,15.77000046,-0.003858035,0.003220186,-0.003767037,0.045403438,-0.116586592,0.216114357,3.460691818
13-04-2017,1169.280029,1285.900024,2328.949951,15.96000004,-0.026241639,0.008277398,-0.00683802,0.011976164,-0.058972617,0.132865695,3.330371795
17-04-2017,1193.910034,1289.400024,2349.01001,14.65999985,0.009230848,0.002718132,0.008576466,-0.084962908,-0.047054637,0.131148394,3.331040852
18-04-2017,1211.670044,1291.699951,2342.189941,14.42000008,0.014765946,0.00178213,-0.002907603,-0.016506549,-0.046529271,0.143199156,3.224577047
19-04-2017,1210.290039,1281.400024,2338.169922,14.93000031,-0.001139577,-0.008005893,-0.001717825,0.034756495,-0.043534729,0.144078933,3.152581046
20-04-2017,1229.079956,1281.900024,2355.840088,14.14999962,0.015405854,0.000390122,0.00752885,-0.053658035,-0.034891227,0.148880362,3.064726361
21-04-2017,1222.050049,1287.400024,2348.689941,14.63000011,-0.00573607,0.004281328,-0.003039688,0.033359626,-0.008499769,0.13536433,3.021323998
24-04-2017,1250.150024,1275.800049,2374.149902,10.84000015,0.034951684,-0.009051229,0.010781737,-0.299831213,0.022785261,0.116524708,2.961449883
25-04-2017,1265.48999,1265.599976,2388.610107,10.76000023,0.012195828,-0.008027172,0.006072214,-0.007407434,0.030104073,0.11824093,3.087748981
26-04-2017,1281.079956,1262.099976,2387.449951,10.85000038,0.012244047,-0.002769318,-0.000485821,0.008329539,0.028747155,0.115117097,3.027638976
27-04-2017,1317.72998,1263.699951,2388.77002,10.35999966,0.028207107,0.001266906,0.000552767,-0.046212911,0.0265264,0.115961338,2.977416736
28-04-2017,1316.47998,1266.099976,2384.199951,10.81999969,-0.000949051,0.001897403,-0.001914979,0.043444042,0.037997832,0.073634493,3.034779866
01-05-2017,1421.599976,1253.300049,2388.330078,10.10999966,0.053242563,-0.010161179,0.001730792,-0.067871246,0.043484311,0.032250474,2.965057452
02-05-2017,1452.819946,1255.099976,2391.169922,10.59000015,0.021723478,0.00143512,0.001188344,0.046385175,0.044796466,0.020965351,3.331174609
03-05-2017,1490.089966,1246.400024,2388.129883,10.68000031,0.02533004,-0.006955816,-0.001272169,0.008462688,0.02988919,0.006991161,3.277998444
04-05-2017,1537.670044,1226.5,2389.52002,10.46000004,0.031431814,-0.016094831,0.000581933,-0.0208144,0.031575814,-0.031446741,3.257845494
05-05-2017,1555.449951,1224.800049,2399.290039,10.56999969,0.011496549,-0.001386979,0.004080359,0.010461309,0.03546408,-0.037014502,3.290967653
08-05-2017,1723.349976,1225.300049,2399.379883,9.770000458,0.076324819,0.000408147,3.74E-05,-0.078703258,0.028183281,-0.032609081,3.19677196
09-05-2017,1755.359985,1214.300049,2396.919922,9.960000038,0.018403899,-0.009017933,-0.001025775,0.019260563,0.068969532,-0.051576681,3.894611503
10-05-2017,1787.130005,1217.300049,2399.629883,10.21000004,0.017937028,0.002467512,0.001129963,0.02479056,0.07407968,-0.049658669,3.738256791
11-05-2017,1848.569946,1222.699951,2394.439941,10.60000038,0.033801354,0.004426157,-0.002165151,0.037486401,0.074490854,-0.050591106,3.602312081
12-05-2017,1724.23999,1226.199951,2390.899902,10.39999962,-0.06962597,0.002858428,-0.001479535,-0.019048268,0.085791005,-0.063535407,3.594726449
15-05-2017,1738.430054,1228.599976,2402.320068,10.42000008,-0.039742035,0.001955373,0.004765142,0.001921274,0.064211559,-0.067922016,4.104980484
16-05-2017,1734.449951,1235,2400.669922,10.64999962,-0.002292106,0.00519568,-0.000687133,0.021832813,0.067251438,-0.077861348,4.093814574
17-05-2017,1839.089966,1257.5,2357.030029,15.59000015,0.058580533,0.018054653,-0.018345468,0.381069837,-0.037838986,-0.007761585,3.874878215
18-05-2017,1888.650024,1251.699951,2365.719971,14.65999985,0.026591436,-0.004623035,0.003680039,-0.061507007,-0.046077907,-0.013827432,4.098242572
19-05-2017,1987.709961,1252.699951,2381.72998,12.03999996,0.051120902,0.000798595,0.006744703,-0.196888249,-0.017526317,-0.013555703,3.956707643
22-05-2017,2173.399902,1260.699951,2394.02002,10.93000031,0.06275487,0.006365901,0.005146863,-0.096723107,0.007354645,-0.025999896,4.066216426
23-05-2017,2320.419922,1254.800049,2398.419922,10.72000027,0.065455453,-0.004690847,0.001836185,-0.01940015,0.015567966,-0.043267784,4.305355888
24-05-2017,2443.639893,1252.400024,2404.389893,10.02000046,0.051740517,-0.001914506,0.002486034,-0.067528039,0.023605196,-0.048317649,4.529828391
25-05-2017,2304.97998,1255.800049,2415.070068,9.989999771,-0.058416696,0.002711129,0.004432112,-0.002998572,-0.035120766,-0.053297667,4.538663289
26-05-2017,2202.419922,1267.599976,2415.820068,9.81000042,-0.045515271,0.009352471,0.000310502,-0.018182253,-0.026493173,-0.068958462,4.660062043
30-05-2017,2175.469971,1262.099976,2412.909912,10.38000011,-0.036175774,-0.004348349,-0.001205351,0.056478572,-0.021201983,-0.050857645,4.611849209
31-05-2017,2286.409912,1272,2411.800049,10.40999985,0.049738144,0.007813484,-0.000460075,0.002885979,-0.024127497,-0.029865016,4.485294588
01-06-2017,2407.879883,1267,2430.060059,9.890000343,0.05176378,-0.003938564,0.007542596,-0.051242688,-0.007954374,-0.067435548,4.480342789
02-06-2017,2488.550049,1276.800049,2439.070068,9.75,0.032953588,0.007705085,0.003700875,-0.014256895,-0.018430969,-0.085857725,4.498302795
05-06-2017,2686.810059,1279.300049,2436.100098,10.06999969,0.067351006,0.001956106,-0.001218407,0.032293391,-0.027806739,-0.07237104,4.340908664
06-06-2017,2863.199951,1294.400024,2429.330078,10.44999981,0.063585225,0.011734195,-0.002782909,0.037041284,-0.025118717,-0.047990428,4.584354054
07-06-2017,2732.159912,1290.099976,2433.139893,10.39000034,-0.04684739,-0.00332757,0.001567029,-0.005758122,-0.030681795,-0.030711263,4.725193728
08-06-2017,2805.620117,1276.300049,2433.790039,10.15999985,0.026532117,-0.010754411,0.000267169,-0.022385411,-0.032496229,-0.041593162,4.679549098
09-06-2017,2823.810059,1268.5,2431.77002,10.69999981,0.006462467,-0.006130205,-0.000830334,0.051785297,-0.030536846,-0.039870614,4.455688735
12-06-2017,2659.629883,1266.099976,2429.389893,11.46000004,-0.106363616,-0.00189381,-0.000979242,0.068618991,-0.02622852,0.057144358,4.191919785
13-06-2017,2717.02002,1265.800049,2440.350098,10.42000008,0.021348727,-0.000236918,0.004501359,-0.095135671,-0.036459807,0.071021684,5.214663442
14-06-2017,2506.370117,1272.800049,2437.919922,10.64000034,-0.080700161,0.005514864,-0.000996327,0.020893473,-0.022411524,0.038864301,4.89703903
15-06-2017,2464.580078,1252.199951,2432.459961,10.89999962,-0.016814099,-0.016317271,-0.00224211,0.024142238,0.045973576,0.03350792,5.257066598
16-06-2017,2518.560059,1254,2433.149902,10.38000011,0.021665894,0.001436477,0.000283599,-0.048881865,0.056209237,0.046998862,4.928146737
19-06-2017,2589.600098,1244.199951,2453.459961,10.36999989,0.0160809,-0.007845728,0.008312583,-0.000963878,0.055740513,0.041394973,4.647711452
20-06-2017,2721.790039,1241,2437.030029,10.85999966,0.049786305,-0.002575208,-0.00671916,0.046169272,0.012925804,0.045982308,4.38154846
21-06-2017,2689.100098,1243.400024,2435.610107,10.75,-0.012083165,0.001932076,-0.000582814,-0.010180528,0.027380209,0.017980809,4.39554266
22-06-2017,2705.409912,1247.599976,2434.5,10.47999954,0.006046838,0.003372104,-0.000455886,-0.025437119,0.035471413,0.01669575,4.158297702
23-06-2017,2744.909912,1256.199951,2438.300049,10.02000046,0.014494816,0.006869566,0.001559699,-0.044885494,0.036873973,0.01599223,3.931842063
26-06-2017,2478.449951,1246.300049,2439.070068,9.899999619,-0.043796672,-0.007912051,0.000315752,-0.012048423,0.043640466,0.03342619,3.754788665
27-06-2017,2552.449951,1246.400024,2419.379883,11.06000042,0.029420318,8.02E-05,-0.008105587,0.110800315,0.035815828,0.029841773,3.852392633
28-06-2017,2574.790039,1248,2440.689941,10.02999973,0.008714329,0.001282854,0.008769502,-0.097754459,0.038552081,0.024969564,3.767643875
29-06-2017,2539.320068,1244.199951,2419.699951,11.43999958,-0.013871637,-0.003049556,-0.008637217,0.131535374,0.058392733,0.034219114,3.597450334
30-06-2017,2480.840088,1240.699951,2423.409912,11.18000031,-0.023299108,-0.002817017,0.001532058,-0.022989454,0.04902588,0.031424835,3.477239317
03-07-2017,2564.060059,1217.900024,2429.01001,11.22000027,0.022716585,-0.018547613,0.002308168,0.003571429,0.046155857,0.005120533,3.430140203
05-07-2017,2601.98999,1220.400024,2432.540039,11.06999969,0.000134559,0.00205061,0.001452224,-0.013459205,0.043446947,0.006989204,3.36703894
06-07-2017,2608.560059,1222.199951,2409.75,12.53999996,0.002521834,0.00147378,-0.009412987,0.124684813,0.048947192,0.004662098,3.24631688
07-07-2017,2518.659912,1208.599976,2425.179932,11.18999958,-0.035071388,-0.011189829,0.006382713,-0.113903047,0.025036867,0.029386873,3.143347444
10-07-2017,2372.560059,1212.099976,2427.429932,11.10999966,-0.059670073,0.002891728,0.000927336,-0.007174912,0.017479435,0.015935823,3.265174379
11-07-2017,2337.790039,1213.599976,2425.530029,10.89000034,-0.01476351,0.001236757,-0.000782987,-0.020000604,-0.002316154,0.033267841,3.699352341
12-07-2017,2398.840088,1218.099976,2443.25,10.30000019,0.025779268,0.003701119,0.007279051,-0.055701055,0.007432817,0.038073562,3.568083816
13-07-2017,2357.899902,1216.300049,2447.830078,9.899999619,-0.017213973,-0.001478744,0.001872829,-0.039609195,0.006733485,0.037728774,3.502838186
14-07-2017,2233.340088,1226.599976,2459.27002,9.510000229,-0.054273089,0.008432591,0.004662616,-0.040190818,-0.016520509,-0.002670359,3.413340455
17-07-2017,2228.409912,1232.800049,2459.139893,9.819999695,0.143861581,0.00504195,-5.29E-05,0.032077191,-0.028452466,0.040601434,3.724876661
18-07-2017,2318.879883,1241.099976,2460.610107,9.890000343,0.039795973,0.006710019,0.000597679,0.007103089,-0.033748168,0.056725836,5.719656469
19-07-2017,2273.429932,1241.199951,2473.830078,9.789999962,-0.019794586,8.06E-05,0.005358258,-0.010162728,-0.06776904,0.068406926,5.439700819
20-07-2017,2817.600098,1244.800049,2473.449951,9.579999924,0.214595819,0.002896299,-0.000153671,-0.021683869,-0.071037375,0.091891278,5.100167285
21-07-2017,2667.76001,1254.300049,2472.540039,9.359999657,-0.054646321,0.007602773,-0.000367939,-0.02323233,-0.065446312,0.065004944,8.223295329
24-07-2017,2754.860107,1253.900024,2469.909912,9.430000305,0.008918581,-0.000318973,-0.001064301,0.007450875,-0.065105855,0.064006311,7.745537643
26-07-2017,2529.449951,1249,2477.830078,9.600000381,-0.01842225,-0.002159357,0.000282624,0.017867009,-0.066683638,0.067847174,7.116659096
27-07-2017,2671.780029,1259.599976,2475.419922,10.10999966,0.054743059,0.00845096,-0.000973162,0.051761861,-0.075055433,0.106249159,6.579509831
28-07-2017,2809.01001,1268.400024,2472.100098,10.28999996,0.050087184,0.006962092,-0.001342016,0.017647547,-0.080353864,0.116737314,6.297047498
31-07-2017,2875.340088,1266.599976,2470.300049,10.26000023,0.041962565,-0.001420157,-0.000728411,-0.002919684,-0.081175805,0.119794256,6.015697696
01-08-2017,2718.26001,1272.599976,2476.350098,10.09000015,-0.056178985,0.004725907,0.002446121,-0.016708013,-0.089250974,0.126844832,5.711351304
02-08-2017,2710.669922,1271.800049,2477.570068,10.27999973,-0.002796165,-0.000628774,0.000492527,0.018655385,-0.089992003,0.12779344,5.599175404
03-08-2017,2804.72998,1267.800049,2472.159912,10.43999958,0.034111463,-0.003150105,-0.002186042,0.015444308,-0.09336137,0.125065256,5.199109048
04-08-2017,2895.889893,1258.300049,2476.830078,10.02999973,0.031985183,-0.007521511,0.001887321,-0.040063967,-0.090012364,0.120741614,4.950927808
07-08-2017,3378.939941,1258.199951,2480.909912,9.930000305,0.050064453,-7.96E-05,0.001645845,-0.010020067,-0.086637927,0.118147952,4.722806821
08-08-2017,3419.939941,1256.400024,2474.919922,10.96000004,0.012060956,-0.001431581,-0.002417352,0.098691776,-0.0826248,0.113795354,4.680300075
09-08-2017,3342.469971,1273,2474.02002,11.10999966,-0.022912944,0.013125811,-0.000363675,0.013593288,-0.093534981,0.100767221,4.39862189
10-08-2017,3381.280029,1283.699951,2438.209961,16.04000092,0.011544299,0.008370175,-0.014580218,0.367240087,-0.072508126,0.103791595,4.209623404
11-08-2017,3650.620117,1287.699951,2441.320068,15.51000023,0.076642704,0.003111148,0.001274757,-0.033600668,-0.067897348,0.11330475,3.986564774
14-08-2017,4325.129883,1284.199951,2465.840088,12.32999992,0.059998507,-0.002721725,0.009993651,-0.229449681,0.02203199,0.070979585,4.459337443
15-08-2017,4181.930176,1273.699951,2464.610107,12.03999996,-0.033669266,-0.008209906,-0.000498932,-0.023800874,0.02275356,0.093353074,4.579081376
16-08-2017,4376.629883,1276.900024,2468.110107,11.73999977,0.045506091,0.002509272,0.001419096,-0.025232642,0.006987166,0.096178053,4.437245181
17-08-2017,4331.689941,1286.400024,2430.01001,15.55000019,-0.010321243,0.007412354,-0.015557342,0.281058856,0.012835787,0.073098661,4.396989311
18-08-2017,4160.620117,1285.699951,2425.550049,14.26000023,-0.040293623,-0.000544359,-0.001837054,-0.08660222,0.013329473,0.090612809,4.154232287
21-08-2017,4001.73999,1290.800049,2428.370117,13.18999958,-0.021243394,0.00395894,0.001161976,-0.077999496,0.004149471,0.090935561,4.139993448
22-08-2017,4100.52002,1285.099976,2452.51001,11.35000038,0.024384536,-0.004425702,0.009891695,-0.150241157,0.034295886,0.095382098,3.978071169
23-08-2017,4151.52002,1288.900024,2444.040039,12.25,0.012360737,0.002952643,-0.00345957,0.076308159,0.034215383,0.124454156,3.840773732
24-08-2017,4334.680176,1286.5,2438.969971,12.22999954,0.043173293,-0.001863808,-0.002076617,-0.001634025,0.025005106,0.109861282,3.669492941
25-08-2017,4371.600098,1292.5,2443.050049,11.27999973,0.008481267,0.004652975,0.001671472,-0.08086069,0.026508773,0.094954314,3.74321156
28-08-2017,4382.660156,1309.699951,2444.23999,11.31999969,-5.01E-05,0.013219739,0.000486953,0.003539823,0.004905198,0.095453982,3.575932228
29-08-2017,4579.02002,1313.099976,2446.300049,11.69999981,0.043829124,0.002592669,0.000842467,0.03301778,0.000817665,0.091042283,3.425354501
30-08-2017,4565.299805,1308.099976,2457.590088,11.22000027,-0.003000819,-0.003815051,0.004604532,-0.041890902,0.002126176,0.089821112,3.555323441
31-08-2017,4703.390137,1316.199951,2471.649902,10.59000015,0.029799368,0.006173076,0.005704674,-0.05778775,0.022291458,0.06463367,3.410221929
01-09-2017,4892.009766,1324.5,2476.550049,10.13000011,0.03931966,0.00628627,0.001980578,-0.044408844,0.031575796,0.063378969,3.401858364
05-09-2017,4376.529785,1339.199951,2457.850098,12.22999954,0.032563503,0.011037355,-0.007579459,0.188390583,0.018183416,0.087774422,3.485674037
06-09-2017,4597.120117,1333.900024,2465.540039,11.63000011,0.049173922,-0.003965384,0.003123842,-0.050303936,0.025955443,0.075921718,3.487648886
07-09-2017,4599.879883,1345.099976,2465.100098,11.55000019,0.000600145,0.008361341,-0.000178452,-0.006902523,0.017520289,0.055110065,3.670388539
08-09-2017,4228.75,1346,2461.429932,12.11999989,-0.08412375,0.00066889,-0.00148996,0.048171518,0.024999197,0.056044138,3.506418634
11-09-2017,4161.27002,1331,2488.110107,10.72999954,0.009253834,-0.011206692,0.010780975,-0.121813457,0.015754108,0.081352415,4.311110101
12-09-2017,4130.810059,1328,2496.47998,10.57999992,-0.007346793,-0.002256488,0.003358303,-0.014078095,0.00637892,0.060708064,4.06989794
13-09-2017,3882.590088,1323.400024,2498.370117,10.5,-0.061971048,-0.00346985,0.000756834,-0.007590162,0.004447525,0.078015148,3.86225345
14-09-2017,3154.949951,1324.699951,2495.620117,10.43999958,-0.207529847,0.000981781,-0.001101324,-0.005730715,0.019034363,0.071994787,4.180025762
15-09-2017,3637.52002,1320.400024,2500.22998,10.17000008,0.142329504,-0.003251242,0.001845478,-0.026202325,0.048546872,0.047777911,7.672785866
18-09-2017,4065.199951,1306.300049,2503.870117,10.14999962,0.126296017,-0.010735989,0.001454862,-0.00196855,0.05292089,-0.017231949,8.326288281
19-09-2017,3924.969971,1306.199951,2506.649902,10.18000031,-0.03510423,-7.66E-05,0.00110958,0.002951373,0.050666831,-0.014786366,8.585656007
20-09-2017,3905.949951,1312,2508.23999,9.779999733,-0.004857681,0.004430569,0.000634147,-0.040085584,0.050191458,-0.018655676,7.950630267
21-09-2017,3631.040039,1290.599976,2500.600098,9.670000076,-0.0729819,-0.016445483,-0.003050566,-0.011311139,0.06537778,0.024046537,7.299436851
22-09-2017,3630.699951,1293.300049,2502.219971,9.590000153,-9.37E-05,0.002089922,0.000647584,-0.008307413,0.077230601,0.023969299,7.110555411
25-09-2017,3926.070068,1306.800049,2496.659912,10.21000004,0.063954725,0.010384309,-0.002224523,0.062646731,0.07016235,0.045921386,6.544357042
26-09-2017,3892.350098,1297,2496.840088,10.17000008,-0.00862583,-0.007527533,7.22E-05,-0.003925418,0.059863026,0.048067682,6.350551063
27-09-2017,4200.669922,1283.400024,2507.040039,9.869999886,0.076230904,-0.01054108,0.004076822,-0.029942376,0.075487564,0.011754729,5.874118699
28-09-2017,4174.72998,1285.5,2510.060059,9.550000191,-0.006194337,0.001634922,0.001203891,-0.032958667,0.073552224,0.021869078,5.928477363
29-09-2017,4163.069824,1281.5,2519.360107,9.510000229,-0.00279694,-0.003116481,0.003698263,-0.004197274,0.071253011,0.024748716,5.495085716
02-10-2017,4409.319824,1272.699951,2529.120117,9.449999809,0.00126621,-0.006890677,0.003866519,-0.006329179,0.066861418,0.02787657,5.106866276
03-10-2017,4317.47998,1271.5,2534.580078,9.510000229,-0.021048548,-0.000943284,0.002156511,0.006329179,0.081554699,0.006564046,4.761695565
04-10-2017,4229.359863,1273.699951,2537.73999,9.630000114,-0.020621245,0.001728706,0.001245944,0.012539337,0.082239597,0.011902671,4.513557832
05-10-2017,4328.410156,1269.900024,2552.070068,9.18999958,0.023149656,-0.002987836,0.005630904,-0.046767347,0.082429012,0.010466844,4.296350487
06-10-2017,4370.810059,1271.599976,2549.330078,9.649999619,0.009748055,0.001337754,-0.001074211,0.048841985,0.078456311,0.008618628,4.106703827
09-10-2017,4772.02002,1281.800049,2544.72998,10.32999992,0.034437731,0.007989447,-0.001806064,0.0680944,0.077305855,0.012530066,3.892999478
10-10-2017,4781.990234,1290.599976,2550.639893,10.07999992,0.002087127,0.006841829,0.00231972,-0.024499021,0.095488839,0.032930357,3.841466158
11-10-2017,4826.47998,1285.800049,2555.23999,9.850000381,0.009260593,-0.003726077,0.001801883,-0.023081761,0.104923551,0.008656827,3.654109757
12-10-2017,5446.910156,1293.300049,2550.929932,9.909999847,0.120931085,0.005815998,-0.001688177,0.006072839,0.085433783,0.026456192,3.500873287
13-10-2017,5647.209961,1301.5,2553.169922,9.609999657,0.036113107,0.006320316,0.000877722,-0.030740146,0.097883396,0.031072205,5.043086381
16-10-2017,5725.589844,1299.900024,2557.639893,9.909999847,0.008313064,-0.001230088,0.001749223,0.030740146,0.11887305,0.013111516,4.830071316
17-10-2017,5605.509766,1283,2559.360107,10.31000042,-0.021195573,-0.013086272,0.000672353,0.039570006,0.115330872,0.05818542,4.522803874
18-10-2017,5590.689941,1279.900024,2561.26001,10.06999969,-0.002647297,-0.002419117,0.00074206,-0.023553662,0.114949974,0.059917313,4.307305944
19-10-2017,5708.52002,1286.900024,2562.100098,10.05000019,0.020857095,0.005454276,0.000327944,-0.001988023,0.114442124,0.058423545,4.061276435
20-10-2017,6011.450195,1277.400024,2575.209961,9.970000267,0.051706217,-0.007409463,0.005103796,-0.007992043,0.132495566,0.02504212,3.892864674
23-10-2017,5930.319824,1277.699951,2564.97998,11.06999969,-0.013083661,0.000234767,-0.003980395,0.104658108,0.146044841,0.011690711,4.022373701
24-10-2017,5526.640137,1275,2569.129883,11.15999985,-0.070498084,-0.00211537,0.001616601,0.008097224,0.14117156,0.022974214,3.83839996
25-10-2017,5750.799805,1275.400024,2557.149902,11.22999954,0.039758881,0.000313695,-0.004673956,0.006252785,0.138191184,0.039240165,4.297158601
26-10-2017,5904.830078,1266.300049,2560.399902,11.30000019,0.026431732,-0.007160573,0.001270139,0.006214015,0.1389427,0.032614469,4.225811867
27-10-2017,5780.899902,1268.5,2581.070068,9.800000191,-0.02121131,0.001735799,0.00804061,-0.142420337,0.124040569,0.033596731,4.064700329
30-10-2017,6130.529785,1274.099976,2572.830078,10.5,-0.003796747,0.004404928,-0.003197577,0.068992852,0.125169164,0.039820655,3.91344529
31-10-2017,6468.399902,1267,2575.26001,10.18000031,0.053647596,-0.005588127,0.000944013,-0.030950216,0.123106576,0.027058896,3.720108121
01-11-2017,6767.310059,1274.099976,2579.360107,10.19999981,0.045174908,0.005588127,0.001590844,0.00196266,0.126068218,0.036718278,3.910726137
02-11-2017,7078.5,1274.900024,2579.850098,9.930000305,0.044958345,0.000627735,0.000189948,-0.026827193,0.122283599,0.06130467,3.960600003
03-11-2017,7207.759766,1266.5,2587.840088,9.140000343,0.01809617,-0.006610573,0.003092289,-0.082900086,0.138590242,0.058938151,3.998852413
06-11-2017,7022.759766,1279.400024,2591.129883,9.399999619,-0.053324602,0.010134047,0.001270444,0.028049226,0.13585802,0.013266612,3.826447603
07-11-2017,7144.379883,1273.699951,2590.639893,9.890000343,0.017169747,-0.004465225,-0.000189121,0.050814532,0.102571912,0.018286486,4.029009557
08-11-2017,7459.689941,1281.599976,2594.379883,9.779999733,0.043187833,0.006183266,0.001442614,-0.011184724,0.099796128,0.011522418,3.848550084
09-11-2017,7143.580078,1285.599976,2584.620117,10.5,-0.043299788,0.003116238,-0.003768981,0.0710358,0.11627538,-0.001179022,3.888576341
10-11-2017,6618.140137,1272.400024,2582.300049,11.28999996,-0.076399678,-0.010320616,-0.000898047,0.072542118,0.122540502,0.048548882,3.954543566
13-11-2017,6559.490234,1277.300049,2584.840088,11.5,0.097509937,0.003843613,0.000983151,0.018429661,0.107364787,0.064191358,4.481844808
14-11-2017,6635.75,1281.5,2578.870117,11.59000015,0.011558807,0.003282754,-0.002312281,0.007795635,0.106345866,0.070942448,5.184432913
15-11-2017,7315.540039,1276.5,2564.620117,13.13000011,0.09752916,-0.003909309,-0.005540999,0.124757027,0.04027854,0.056474838,4.840619609
16-11-2017,7871.689941,1277.400024,2585.639893,11.76000023,0.073271913,0.000704824,0.008162653,-0.110195735,0.081801602,0.058306244,5.443841854
17-11-2017,7708.990234,1295.800049,2578.850098,11.43000031,-0.020885561,0.014301521,-0.002629417,-0.028462457,0.101317076,0.037524767,5.541495771
20-11-2017,8200.639648,1274.599976,2582.139893,10.64999962,0.020219707,-0.016495918,0.00127487,-0.070681648,0.101802043,0.029567892,5.19414061
21-11-2017,8071.259766,1281.099976,2599.030029,9.729999542,-0.015902582,0.00508668,0.006519839,-0.090346007,0.085188559,0.030490188,4.874621392
22-11-2017,8253.549805,1291.599976,2597.080078,9.880000114,0.022333812,0.008162676,-0.000750543,0.015298674,0.083820001,0.030359491,4.589615747
24-11-2017,8253.69043,1286.699951,2602.419922,9.670000076,0.026384336,-0.003800978,0.002053984,-0.021484206,0.090705508,0.025720094,4.35613493
27-11-2017,9818.349609,1293.800049,2601.419922,9.869999886,0.050959102,0.005502899,-0.000384332,0.020471524,0.078680715,0.030563294,4.176142054
28-11-2017,10058.7998,1294.699951,2627.040039,10.02999973,0.02419481,0.000695308,0.009800332,0.016080734,0.0819619,0.023045429,4.241152259
29-11-2017,9888.610352,1282.099976,2626.070068,10.69999981,-0.017064229,-0.009779631,-0.000369294,0.064663148,0.107872099,0.023183475,4.06485448
30-11-2017,10233.59961,1273.199951,2647.580078,11.27999973,0.034292761,-0.006965961,0.008157587,0.052787499,0.11283728,0.021981468,3.891873669
01-12-2017,10975.59961,1278.800049,2642.219971,11.43000031,0.069998206,0.004388798,-0.002026583,0.013210282,0.092977159,0.040128645,3.839296593
04-12-2017,11657.2002,1274.300049,2639.439941,11.68000031,0.029070296,-0.00352513,-0.001052711,0.021636499,0.068754842,0.045879784,4.241568209
05-12-2017,11916.7002,1261.599976,2629.570068,11.32999992,0.022016762,-0.010016309,-0.003746391,-0.030423935,0.072051868,0.040446863,4.094998438
06-12-2017,14291.5,1262.800049,2629.27002,11.02000046,0.181724161,0.000950779,-0.000114112,-0.027742223,0.057068097,0.049461036,3.927683096
07-12-2017,17899.69922,1249.800049,2636.97998,10.15999985,0.225118954,-0.010347939,0.002928067,-0.081253418,0.086601612,-0.040068675,6.78942116
08-12-2017,16569.40039,1245.199951,2651.5,9.579999924,-0.077226265,-0.003687457,0.005491202,-0.058780843,0.01103818,-0.012885024,9.418640209
11-12-2017,16936.80078,1243.699951,2659.98999,9.340000153,0.091530333,-0.001205352,0.003196842,-0.025371315,0.015978365,-0.001903989,8.964939845
12-12-2017,17415.40039,1238.5,2664.110107,9.920000076,0.027866079,-0.004189798,0.001547724,0.06024666,0.01257744,0.044857313,8.683455466
13-12-2017,16408.19922,1245.400024,2662.850098,10.18000031,-0.059573732,0.005555813,-0.000473069,0.025872112,0.024133445,0.022576448,7.997946872
14-12-2017,16564,1253.800049,2652.01001,10.48999977,0.009450503,0.006722196,-0.004079168,0.029997359,0.028023266,0.024735637,7.586579065
15-12-2017,17706.90039,1254.300049,2675.810059,9.420000076,0.066722751,0.000398708,0.008934313,-0.107587304,0.024854394,-0.04454571,6.974856532
18-12-2017,19114.19922,1262.199951,2690.159912,9.529999733,-0.00139075,0.006278505,0.005348479,0.011609593,0.014376835,-0.049270458,6.743218635
19-12-2017,17776.69922,1260.699951,2681.469971,10.02999973,-0.072542906,-0.001189108,-0.003235498,0.051135886,0.063218969,-0.068740311,6.216503709
20-12-2017,16624.59961,1266.099976,2679.25,9.720000267,-0.067005065,0.004274207,-0.000828236,-0.031394929,0.074226001,-0.097586291,6.200483123
21-12-2017,15802.90039,1267.300049,2684.570068,9.619999886,-0.05069001,0.000947401,0.001983687,-0.010341393,0.054977011,-0.074772105,6.123749545
22-12-2017,13831.7998,1275.400024,2683.340088,9.899999619,-0.133223217,0.006371182,-0.000458272,0.028690466,0.071333856,-0.113307797,5.896732382
26-12-2017,16099.7998,1284.099976,2680.5,10.25,0.137851338,0.006798191,-0.001058976,0.034742987,0.052797764,-0.074695137,6.914222813
27-12-2017,15838.5,1287,2682.620117,10.47000027,-0.016363152,0.002255864,0.000790628,0.021236345,0.057254845,-0.083603368,7.680353191
28-12-2017,14606.5,1294.099976,2687.540039,10.18000031,-0.08097705,0.005501525,0.001832319,-0.028089009,0.053266235,-0.105992994,7.0766846
29-12-2017,14656.2002,1306.300049,2673.610107,11.03999996,0.003396832,0.009383297,-0.005196632,0.081099996,0.05910307,-0.107374203,7.011905741
02-01-2018,14982.09961,1313.699951,2695.810059,9.770000458,0.09258926,0.005648795,0.008269078,-0.122208524,0.095880339,-0.088583478,6.456232015
03-01-2018,15201,1316.199951,2713.060059,9.149999619,0.014505086,0.001901214,0.006378433,-0.065562675,0.091791621,-0.088501286,6.613941522
04-01-2018,15599.2002,1319.400024,2723.98999,9.220000267,0.025858428,0.002428346,0.004020543,0.007621229,0.096919503,-0.094130958,6.11420313
08-01-2018,15170.09961,1318.599976,2747.709961,9.520000458,-0.0826755,-0.001288471,0.001660964,0.03201983,0.092574159,-0.081766992,5.706841477
09-01-2018,14595.40039,1311.699951,2751.290039,10.07999992,-0.038619922,-0.005246581,0.001302084,0.057158358,0.091678426,-0.069423321,5.918730106
10-01-2018,14973.2998,1317.400024,2748.22998,9.819999695,0.025562165,0.004336147,-0.001112846,-0.026132164,0.11372713,-0.094432878,5.624548537
11-01-2018,13405.7998,1320.599976,2767.560059,9.880000114,-0.110581167,0.002426045,0.007009026,0.006091432,0.059162578,-0.109401812,5.274653592
12-01-2018,13980.59961,1333.400024,2786.23999,10.15999985,0.041983192,0.009645929,0.006726926,0.027945904,0.069193061,-0.095937144,6.045620507
16-01-2018,11490.5,1335.400024,2776.419922,11.65999985,-0.184581725,0.001498801,-0.003530713,0.137705741,0.120941203,-0.118443331,5.737446984
17-01-2018,11188.59961,1338,2802.560059,11.90999985,-0.026625239,0.001945071,0.009371006,0.021214203,0.098792875,-0.121726511,7.912259431
18-01-2018,11474.90039,1326,2798.030029,12.22000027,0.025266707,-0.00900907,-0.001617697,0.025695605,0.096227175,-0.128106624,7.315967797
19-01-2018,11607.40039,1331.900024,2810.300049,11.27000046,0.011480784,0.004439621,0.004375648,-0.080929607,0.087604648,-0.115881887,6.769531839
22-01-2018,10931.40039,1330.900024,2832.969971,11.02999973,-0.059374268,-0.000751089,0.008034364,-0.02152556,0.0532705,-0.111577378,6.247294096
23-01-2018,10868.40039,1335.699951,2839.129883,11.10000038,-0.005779885,0.003600039,0.002172005,0.006326334,0.053622578,-0.12327577,6.082937348
24-01-2018,11359.40039,1355.900024,2837.540039,11.47000027,0.044186097,0.015009996,-0.000560133,0.032789812,0.061719908,-0.098097116,5.631798341
25-01-2018,11259.40039,1362.400024,2839.25,11.57999992,-0.008842259,0.00478241,0.000602439,0.009544511,0.063129889,-0.096038598,5.396463222
26-01-2018,11171.40039,1351.599976,2872.870117,11.07999992,-0.007846394,-0.00795881,0.011771638,-0.044137791,0.062672937,-0.088142758,5.02824108
30-01-2018,10106.2998,1335.400024,2822.429932,14.78999996,-0.111325153,-0.012058167,-0.010958643,0.066388313,0.135101329,-0.026334733,4.701467156
31-01-2018,10221.09961,1339,2823.810059,13.53999996,0.0112952,0.002692176,0.000488866,-0.088303009,0.13678482,-0.015223047,5.657556381
01-02-2018,9170.540039,1344.300049,2821.97998,13.47000027,-0.108457996,0.003950401,-0.000648298,-0.005183254,0.146849363,-0.034204206,5.258251812
02-02-2018,8830.75,1333.699951,2762.129883,17.30999947,-0.037756228,-0.00791647,-0.021436681,0.250819328,0.164459848,-0.020912002,5.995022494
05-02-2018,6955.27002,1333,2648.939941,37.31999969,-0.173982115,-0.000524957,-0.041842541,0.768245029,0.323096389,-0.007901678,5.68470852
06-02-2018,7754,1326.099976,2695.139893,29.97999954,0.108709191,-0.005189756,0.017290573,-0.21899889,0.358040864,-0.012507572,7.636168309
07-02-2018,7621.299805,1311.599976,2681.659912,27.72999954,-0.017261906,-0.010994538,-0.005014138,-0.078015634,0.359735698,-0.002462933,7.78466694
08-02-2018,8265.589844,1316.900024,2581,33.45999908,0.081154162,0.004032761,-0.038259052,0.187835825,0.230715328,-0.000938205,7.172173627
09-02-2018,8736.980469,1313.099976,2619.550049,29.05999947,0.055463551,-0.002889773,0.014825645,-0.140988028,0.239895216,-0.00256685,7.059841512
12-02-2018,8926.570313,1324.199951,2656,25.61000061,0.093474998,0.008417731,0.013818666,-0.126379716,0.259977154,-0.008435805,6.717340392
13-02-2018,8598.30957,1328.099976,2662.939941,24.96999931,-0.037466635,0.002940864,0.002609522,-0.025307847,0.25928119,-0.021833131,6.836417272
14-02-2018,9494.629883,1355.5,2698.629883,19.26000023,0.099160741,0.020421059,0.01331344,-0.259644659,0.279371484,0.037179344,6.41726302
15-02-2018,10166.40039,1352.099976,2731.199951,19.12999916,0.06836184,-0.002511469,0.011996862,-0.006772679,0.307550041,0.044703756,6.675371785
16-02-2018,10233.90039,1353.199951,2732.219971,19.45999908,0.006617574,0.000813201,0.0003734,0.01710329,0.299998397,0.045526643,6.505399769
20-02-2018,11403.7002,1328.800049,2716.26001,20.60000038,0.015767739,-0.018195806,-0.005858517,0.056930065,0.295676635,0.047895599,6.005762936
21-02-2018,10690.40039,1330,2701.330078,20.02000046,-0.064591702,0.000902626,-0.005511664,-0.028559298,0.302104132,0.058371167,5.576682366
22-02-2018,10005,1330.599976,2703.959961,18.71999931,-0.066261211,0.000451008,0.000973077,-0.067139362,0.303044857,0.061293973,5.579485594
23-02-2018,10301.09961,1328.199951,2747.300049,16.48999977,0.02916568,-0.001805345,0.015901278,-0.126838312,0.306620045,0.05485184,5.601584458
26-02-2018,10366.7002,1330.699951,2779.600098,15.80000019,0.07011554,0.001880478,0.011688439,-0.042744171,0.316798997,0.061027374,5.272060297
27-02-2018,10725.59961,1315.5,2744.280029,18.59000015,0.034034606,-0.011488261,-0.012788311,0.162613858,0.305119271,0.040335828,5.362235428
01-03-2018,10951,1302.900024,2677.669922,22.46999931,0.051826876,-0.009624254,-0.013413966,0.123977029,0.283420964,0.024330005,5.0916599
02-03-2018,11086.40039,1321.099976,2691.25,19.59000015,0.012288391,0.013872136,0.005058785,-0.137161816,0.283570251,0.021405405,5.005810893
05-03-2018,11573.2998,1318.099976,2720.939941,18.72999954,0.00525865,-0.002273417,0.010971618,-0.044892748,0.278479314,0.028602808,4.684898043
06-03-2018,10779.90039,1333.599976,2728.120117,18.36000061,-0.071017379,0.011690747,0.002635383,-0.019952074,0.279123176,-0.004148349,4.391636818
07-03-2018,9965.570313,1326,2726.800049,17.76000023,-0.078547142,-0.005715142,-0.000483992,-0.033225668,0.280114939,0.014563553,4.721035884
08-03-2018,9395.009766,1319.900024,2738.969971,16.54000092,-0.058957511,-0.004610897,0.004453148,-0.071167006,0.277177387,0.031615786,5.088925465
09-03-2018,9337.549805,1322.400024,2786.570068,14.64000034,-0.006134788,0.001892291,0.017229547,-0.122024213,0.288937078,0.0319157,5.112910347
12-03-2018,9205.120117,1319.400024,2783.02002,15.77999973,-0.0397747,-0.00227118,-0.001274797,0.074985767,0.306912359,0.130879628,4.773042497
13-03-2018,9194.849609,1325.900024,2765.310059,16.35000038,-0.001116361,0.004914386,-0.00638391,0.035484622,0.31425825,0.121962706,4.652374625
14-03-2018,8269.80957,1324.400024,2749.47998,17.22999954,-0.10603202,-0.001131947,-0.00574097,0.052424103,0.322839346,0.137801871,4.362218362
15-03-2018,8300.860352,1316.800049,2747.330078,16.59000015,0.003747684,-0.005754957,-0.000782236,-0.037851911,0.322281293,0.14127923,5.321766469
16-03-2018,8338.349609,1311.300049,2752.01001,15.80000019,0.004506142,-0.004185539,0.001701998,-0.048790161,0.322540671,0.146604024,4.952146931
19-03-2018,8630.650391,1316.800049,2712.919922,19.02000046,0.048302107,0.004185539,-0.014306041,0.185481129,0.298405861,0.149209011,4.626186272
20-03-2018,8913.469727,1311.099976,2716.939941,18.20000076,0.032243719,-0.004338127,0.001480709,-0.044069445,0.288209145,0.142776548,4.582026525
21-03-2018,8929.280273,1320.699951,2711.929932,17.86000061,0.00177221,0.007295401,-0.001845692,-0.018858026,0.286813132,0.143547251,4.407442843
22-03-2018,8728.469727,1326.599976,2643.689941,23.34000015,-0.02274573,0.004457398,-0.025484887,0.267605024,0.278524438,0.138294043,4.146759603
23-03-2018,8879.620117,1349.300049,2588.26001,24.87000084,0.017168711,0.016966716,-0.021189807,0.063493658,0.259365298,0.154852977,3.992628519
26-03-2018,8209.400391,1354.400024,2658.550049,21.03000069,-0.034289715,0.003772594,0.026795041,-0.167712269,0.236697711,0.152419254,3.817205697
27-03-2018,7833.040039,1341.300049,2612.620117,22.5,-0.046929197,-0.009719241,-0.017427286,0.067565287,0.252415721,0.193057506,3.803502418
28-03-2018,7954.47998,1324.199951,2605,22.87000084,0.0153846,-0.012830863,-0.002920919,0.016310736,0.264517025,0.153492655,3.92871424
29-03-2018,7165.700195,1322.800049,2640.870117,19.96999931,-0.104429509,-0.001057728,0.013675777,-0.135594932,0.229390814,0.156154265,3.755254933
02-04-2018,7083.799805,1342.099976,2581.879883,23.62000084,0.034404501,0.014484794,-0.022590682,0.167862733,0.207736644,0.186949954,4.891451102
03-04-2018,7456.109863,1332.800049,2614.449951,21.10000038,0.051223353,-0.006953504,0.012535961,-0.112820788,0.221621589,0.167406777,4.687757613
04-04-2018,6853.839844,1335.800049,2644.689941,20.05999947,-0.084224756,0.002248371,0.011500102,-0.050545303,0.187520002,0.145499631,4.663325379
05-04-2018,6811.470215,1324.300049,2662.840088,18.94000053,-0.006201069,-0.008646345,0.006839421,-0.05745164,0.184984361,0.141116098,5.136499828
06-04-2018,6636.319824,1331.900024,2604.469971,21.48999977,-0.026050421,0.005722458,-0.022164067,0.126311584,0.184374038,0.135175651,4.793952069
09-04-2018,6770.72998,1336.300049,2613.159912,21.77000046,-0.036655613,0.003298125,0.003330995,0.012945196,0.187270845,0.12997152,4.568807403
10-04-2018,6834.759766,1342,2656.870117,20.46999931,0.009412415,0.004256401,0.016588599,-0.06157253,0.192829658,0.127800691,4.452931544
11-04-2018,6968.319824,1356.5,2642.189941,20.23999977,0.019352816,0.010746815,-0.005540686,-0.011299533,0.190195252,0.132117341,4.194013406
12-04-2018,7889.25,1338.400024,2663.98999,18.48999977,0.124126936,-0.013432964,0.008216899,-0.0904308,0.224387741,0.073030994,4.000116754
13-04-2018,7895.959961,1344.800049,2656.300049,17.40999985,0.000850158,0.00477045,-0.0028908,-0.060185288,0.218604024,0.059639752,5.411304379
16-04-2018,8058.669922,1347.5,2677.840088,16.55999947,-0.033008129,0.002005684,0.008076337,-0.050054628,0.217334263,0.070958057,5.030920628
17-04-2018,7902.089844,1347.199951,2706.389893,15.25,-0.019621259,-0.000222696,0.010605072,-0.082410614,0.218271699,0.072650418,4.818518264
18-04-2018,8163.419922,1351.199951,2708.639893,15.60000038,0.032535928,0.002964722,0.00083102,0.022691436,0.219748833,0.087186428,4.556166846
19-04-2018,8294.30957,1346.800049,2693.129883,15.96000004,0.015906496,-0.003261606,-0.005742582,0.022814656,0.215606699,0.082103926,4.387358822
20-04-2018,8845.830078,1336.699951,2670.139893,16.87999916,0.064376485,-0.007527591,-0.008573177,0.056043845,0.21349785,0.060588098,4.154091268
23-04-2018,8930.879883,1322.5,2670.290039,16.34000015,0.014483698,-0.010679969,5.62E-05,-0.032513341,0.213910934,0.05380476,4.396621999
24-04-2018,9697.5,1331.400024,2634.560059,18.02000046,0.082353199,0.006707154,-0.013470888,0.097866179,0.187428282,0.050240855,4.157496098
25-04-2018,8845.740234,1321.199951,2639.399902,17.84000015,-0.091932107,-0.007690661,0.001835374,-0.010039142,0.179066651,0.073390572,4.681306618
26-04-2018,9281.509766,1316.300049,2666.939941,16.23999977,0.04808821,-0.00371557,0.010380144,-0.093965815,0.19130821,0.066223592,5.281077536
27-04-2018,8987.049805,1320.300049,2669.909912,15.40999985,-0.032239593,0.003034213,0.001113005,-0.052460681,0.172656102,0.017730406,5.129950608
30-04-2018,9240.549805,1316.199951,2648.050049,15.93000031,-0.019136041,-0.003110261,-0.008221193,0.033187504,0.174639516,0.018323436,4.898422052
01-05-2018,9119.009766,1303.800049,2654.800049,15.48999977,-0.013240167,-0.009465645,0.002545802,-0.028009503,0.179094887,0.040709266,4.623610306
02-05-2018,9235.919922,1302.599976,2635.669922,15.97000027,0.012739001,-0.000920867,-0.007231951,0.030517339,0.163741054,0.030016509,4.36087236
03-05-2018,9743.860352,1310.699951,2629.72998,15.89999962,0.053537158,0.00619906,-0.002256218,-0.004392894,8.73E-05,0.044417134,4.121295966
04-05-2018,9700.759766,1312.699951,2663.419922,14.77000046,-0.00443317,0.001524739,0.01272981,-0.073720958,-0.051682144,0.067480604,4.227544824
07-05-2018,9373.009766,1312.199951,2672.629883,14.75,-0.029620923,-0.000380967,0.003451981,-0.001355045,-0.057385308,0.059395655,3.993908746
08-05-2018,9234.820313,1312,2671.919922,14.71000004,-0.014853101,-0.00015239,-0.000265677,-0.002715546,0.028653534,0.046665875,3.910700346
09-05-2018,9325.179688,1311.300049,2697.790039,13.42000008,0.009737079,-0.000533642,0.009635648,-0.0917814,0.007889943,0.053887834,3.749421622
10-05-2018,9043.94043,1320.800049,2723.070068,13.22999954,-0.030623267,0.007218602,0.009327012,-0.014259194,-0.039676148,0.009109821,3.583935538
11-05-2018,8441.490234,1319,2727.719971,12.64999962,-0.068936107,-0.001363777,0.001706139,-0.044829759,-0.039323499,0.017823088,3.577543611
14-05-2018,8716.790039,1316.5,2730.129883,12.93000031,-0.000819965,-0.001897174,0.0008831,0.021893031,-0.084665507,-0.086971011,4.080769367
15-05-2018,8510.379883,1288.900024,2711.449951,14.63000011,-0.023964474,-0.02118754,-0.006865655,0.123524006,-0.111287945,-0.057126596,3.862389131
16-05-2018,8368.830078,1290.199951,2722.459961,13.42000008,-0.016772482,0.001008047,0.00405234,-0.086328086,-0.112801568,-0.059040121,3.758471108
17-05-2018,8094.319824,1288.199951,2720.129883,13.43000031,-0.03335154,-0.00155135,-0.000856239,0.000744896,-0.107559095,-0.041365586,3.628061298
18-05-2018,8250.969727,1290.199951,2712.969971,13.42000008,0.019168177,0.00155135,-0.002635665,-0.000744896,-0.123068228,-0.034957529,3.638917217
22-05-2018,8041.779785,1291.699951,2724.439941,13.22000027,-0.045839471,0.001161935,-0.003140689,0.010646514,-0.117622344,-0.035736386,3.523495581
23-05-2018,7557.819824,1289.300049,2733.290039,12.57999992,-0.062067659,-0.001859669,0.003243145,-0.049622609,-0.144325952,-0.029207833,3.69357631
24-05-2018,7587.339844,1303.699951,2727.76001,12.52999973,0.003898283,0.011106865,-0.002025263,-0.003982498,-0.183078517,-0.032033849,4.054081339
25-05-2018,7480.140137,1303.300049,2721.330078,13.22000027,-0.014229522,-0.000306791,-0.002360003,0.053605107,-0.166645358,-0.008252067,3.839260682
29-05-2018,7472.589844,1298.699951,2689.860107,17.02000046,0.046090612,-0.00353582,-0.011631573,0.252658295,-0.161258918,0.012154621,3.685456249
30-05-2018,7406.52002,1301.5,2724.01001,14.93999958,-0.008880942,0.002153719,0.012615875,-0.130346998,-0.16388505,-0.003511327,3.7891673
31-05-2018,7494.169922,1300.099976,2705.27002,15.43000031,0.011764678,-0.00107628,-0.006903333,0.032271535,-0.175527769,-0.002898503,3.62351911
01-06-2018,7541.450195,1294.800049,2734.620117,13.46000004,0.006289123,-0.004084885,0.0107908,-0.136591359,-0.164466426,0.037721714,3.481047026
04-06-2018,7514.470215,1293.099976,2746.870117,12.73999977,-0.027016223,-0.001313863,0.004469595,-0.054975695,-0.172415957,0.017471565,3.347009962
05-06-2018,7633.759766,1297.5,2748.800049,12.39999962,0.015749961,0.003396919,0.000702346,-0.02705019,-0.164768907,0.008944965,3.351183831
06-06-2018,7653.97998,1297.099976,2772.350098,11.64000034,0.002645287,-0.000308352,0.008530901,-0.06324897,-0.164408381,0.009094113,3.26358823
07-06-2018,7678.240234,1298.699951,2770.370117,12.13000011,0.003164613,0.001232742,-0.000714444,0.041234261,-0.166978745,0.005675157,3.158079072
08-06-2018,7624.919922,1298.099976,2779.030029,12.18000031,-0.006968564,-0.000462088,0.003121029,0.004113555,-0.166936723,0.004729607,3.068739696
11-06-2018,6906.919922,1298.900024,2782,12.35000038,0.01765918,0.000616133,0.001068137,0.013860807,-0.199781906,0.001066394,3.004500304
12-06-2018,6582.359863,1295.099976,2786.850098,12.34000015,-0.048130473,-0.002929878,0.001741867,-0.000810063,-0.200530917,0.010826275,2.982402812
13-06-2018,6349.899902,1296.900024,2775.629883,12.93999958,-0.035954274,0.001388927,-0.004034255,0.047477226,-0.194351863,0.009474319,3.311272875
14-06-2018,6675.350098,1304,2782.48999,12.11999989,0.049982603,0.005459643,0.002468501,-0.065466285,-0.160919069,0.014204328,3.408572743
15-06-2018,6456.580078,1274.599976,2779.659912,11.97999954,-0.033321874,-0.022804079,-0.00101762,-0.011618417,-0.161589282,0.059136298,3.619380398
18-06-2018,6734.819824,1276.199951,2773.75,12.31000042,0.035601191,0.001254489,-0.002128391,0.02717342,-0.163715601,0.060480717,3.631511991
19-06-2018,6769.939941,1275.599976,2762.590088,13.35000038,0.005201158,-0.000470237,-0.004031518,0.081104439,-0.197153523,0.066395821,3.635169187
20-06-2018,6776.549805,1271.199951,2767.320068,12.78999996,0.000975878,-0.003455339,0.00171069,-0.042852801,-0.185724555,0.046350182,3.477952695
21-06-2018,6729.740234,1267.199951,2749.76001,14.64000034,-0.006931549,-0.003151594,-0.006365729,0.135093919,-0.159760153,0.056222956,3.340963114
22-06-2018,6083.689941,1267.400024,2754.879883,13.77000046,-0.100925135,0.000157874,0.001860203,-0.061265186,-0.205572374,0.025441687,3.234629033
25-06-2018,6249.180176,1265.599976,2717.070068,17.32999992,0.012228085,-0.001421278,-0.013819723,0.229946753,-0.208889721,0.040535149,4.49523957
26-06-2018,6093.669922,1256.599976,2723.060059,15.92000008,-0.025199769,-0.007136657,0.002202151,-0.084862914,-0.156129,0.049260972,4.237162742
27-06-2018,6157.129883,1252.800049,2699.629883,17.90999985,0.010360226,-0.003028556,-0.008641586,0.117783022,-0.125198735,0.009861048,4.085191624
28-06-2018,5903.439941,1247.800049,2716.310059,16.85000038,-0.042075519,-0.003999045,0.00615968,-0.061008528,-0.179442463,0.040209159,3.875664981
29-06-2018,6218.299805,1251.300049,2718.370117,16.09000015,0.051961304,0.00280101,0.000758116,-0.046152709,-0.131691152,0.07539403,3.930488894
02-07-2018,6614.180176,1239.800049,2726.709961,15.60000038,0.035135976,-0.009232934,0.003063261,-0.030927032,-0.12375215,0.05116042,4.055522294
03-07-2018,6529.589844,1251.599976,2713.219971,16.13999939,-0.012871726,0.009472598,-0.004959629,0.034029686,-0.166949779,0.053981991,3.983266396
05-07-2018,6639.140137,1257.300049,2736.610107,14.97000027,0.006284119,0.00454389,0.008583857,-0.075252409,-0.1557756,0.06781633,3.803880876
06-07-2018,6673.5,1254.300049,2759.820068,13.36999989,0.005162002,-0.002388916,0.008445518,-0.113034834,-0.170282283,0.063600295,3.624707599
09-07-2018,6741.75,1258.099976,2784.169922,12.68999958,-0.004754487,0.00302494,0.008784291,-0.052199134,-0.162639054,0.046519496,3.468911007
10-07-2018,6329.950195,1253.800049,2793.840088,12.64000034,-0.063027167,-0.003423648,0.003467249,-0.003947833,-0.260418999,0.189325314,3.338942137
11-07-2018,6394.709961,1242.800049,2774.02002,13.63000011,0.010178712,-0.008812041,-0.007119486,0.075406838,-0.264592104,0.176099487,3.808439876
12-07-2018,6228.810059,1245,2798.290039,12.57999992,-0.026285767,0.001768592,0.008710992,-0.080165009,-0.261959008,0.178761361,3.635824347
13-07-2018,6238.049805,1239.599976,2801.310059,12.18000031,0.00148229,-0.004346803,0.001078656,-0.032312958,-0.256251399,0.178580331,3.584682856
16-07-2018,6741.75,1238.099976,2798.429932,12.82999992,0.058347742,-0.001210801,-0.001028665,0.051990885,-0.259748767,0.164757518,3.432540033
17-07-2018,7321.040039,1225.699951,2809.550049,12.06000042,0.082432865,-0.010065857,0.003965824,-0.061891947,-0.220777906,0.102770618,3.756108555
18-07-2018,7370.779785,1226.300049,2815.620117,12.10000038,0.006771106,0.000489476,0.002158182,0.003311258,-0.183435125,0.139555046,4.394598666
19-07-2018,7466.859863,1222.400024,2804.48999,12.86999989,0.012951038,-0.003185386,-0.003960827,0.061693529,-0.18750209,0.153588885,4.138870348
20-07-2018,7354.129883,1229.5,2801.830078,12.85999966,-0.0152125,0.005791423,-0.000948898,-0.000777321,-0.103831194,0.097205556,3.928926835
23-07-2018,7711.109863,1224,2806.97998,12.61999989,0.038686564,-0.004483399,0.001836362,-0.018838844,-0.097883675,0.041042655,3.766636382
24-07-2018,8424.269531,1223.900024,2820.399902,12.40999985,0.088454642,-8.17E-05,0.004769519,-0.016780261,-0.10636912,0.059014717,3.775645396
25-07-2018,8181.390137,1231.400024,2846.070068,12.28999996,-0.02925469,0.006109252,0.009060435,-0.009716666,-0.121997476,0.05272693,4.520582588
26-07-2018,7951.580078,1225.300049,2837.439941,12.14000034,-0.028491419,-0.004966001,-0.003036903,-0.012280107,-0.127749128,0.057942198,4.354627062
27-07-2018,8165.009766,1222.599976,2818.820068,13.02999973,0.026487262,-0.002206033,-0.006583835,0.070748557,-0.14165304,0.048434638,4.207654089
30-07-2018,8180.47998,1221.300049,2802.600098,14.26000023,-0.004632013,-0.001063813,-0.005770789,0.09020406,-0.131381044,0.048312222,4.049503091
31-07-2018,7780.439941,1223.699951,2816.290039,12.82999992,-0.050137942,0.001963111,0.004872837,-0.105672258,-0.132239704,0.001226536,3.839338656
01-08-2018,7624.910156,1217.900024,2813.360107,13.14999962,-0.020192345,-0.004750932,-0.001040893,0.024635557,-0.133759288,0.006174369,3.997282406
02-08-2018,7567.149902,1210.599976,2827.219971,12.18999958,-0.007604042,-0.006012,0.00491435,-0.075805821,-0.129461412,0.009580465,3.850042985
03-08-2018,7434.390137,1214.199951,2840.350098,11.64000034,-0.017699947,0.002969299,0.004633432,-0.046168437,-0.134405864,0.005593416,3.672619574
06-08-2018,6951.799805,1208.599976,2850.399902,11.27000046,-0.01664487,-0.004622739,0.003531983,-0.032303103,-0.150455805,0.008135221,3.559779057
07-08-2018,6753.120117,1209.599976,2858.449951,10.93000031,-0.028995953,0.000827062,0.002820202,-0.030633039,-0.138121874,0.023120645,3.458496396
08-08-2018,6305.799805,1212.599976,2857.699951,10.85000038,-0.068534824,0.002477088,-0.000262414,-0.007346215,-0.126998207,0.001790559,3.459869156
09-08-2018,6568.22998,1211.900024,2853.580078,11.27000046,0.040774573,-0.000577398,-0.001442715,0.037979254,-0.133298831,0.005001679,3.989375037
10-08-2018,6184.709961,1211.099976,2833.280029,13.15999985,-0.060164276,-0.000660379,-0.007139312,0.155037546,-0.106362792,-0.035035718,3.979442858
13-08-2018,6297.569824,1191.300049,2821.929932,14.77999973,-0.003980924,-0.016483829,-0.004014038,0.116092983,-0.102521836,-0.030407733,4.243252667
14-08-2018,6199.709961,1193,2839.959961,13.31000042,-0.015661306,0.001425954,0.00636893,-0.104759234,-0.111377628,-0.033945303,4.00696282
15-08-2018,6308.52002,1177.5,2818.370117,14.64000034,0.017398593,-0.013077596,-0.007631209,0.095241868,-0.118092016,-0.059467069,3.835674916
16-08-2018,6334.72998,1176.199951,2840.689941,13.44999981,0.004146086,-0.001104685,0.007888215,-0.08477844,-0.126949365,-0.050118107,3.683311153
17-08-2018,6580.629883,1176.5,2850.129883,12.64000034,0.038083278,0.000255068,0.003317606,-0.062112676,-0.106777306,-0.046101447,3.518452942
20-08-2018,6308.529785,1186.800049,2857.050049,12.48999977,-0.030832908,0.008716721,0.002425075,-0.01193811,-0.109208022,-0.079040796,3.566924342
21-08-2018,6488.759766,1192.599976,2862.959961,12.85999966,0.028168761,0.004875127,0.0020664,0.029193386,-0.10917046,-0.060018548,3.565397072
22-08-2018,6376.709961,1196.300049,2861.820068,12.25,-0.017419129,0.003097724,-0.000398231,-0.048595755,-0.060173539,-0.05798404,3.517789335
23-08-2018,6534.879883,1187,2856.97998,12.40999985,0.024501682,-0.007804385,-0.001692694,0.01297665,-0.061151986,-0.069632424,3.427089734
24-08-2018,6719.959961,1206.300049,2874.689941,11.98999977,0.02792823,0.016128748,0.006179706,-0.034429637,-0.037460774,-0.02344951,3.376097011
27-08-2018,6884.640137,1209,2896.73999,12.15999985,0.026102376,0.002235708,0.007641141,0.014078914,-0.027762001,-0.014188432,3.358636232
28-08-2018,7096.279785,1207.400024,2897.52002,12.5,0.03027781,-0.001324264,0.000269242,0.02757678,-0.020915727,-0.0149633,3.330348198
29-08-2018,7047.160156,1204.5,2914.040039,12.25,-0.006945952,-0.002404765,0.005685242,-0.020202707,-0.023402268,-0.02026084,3.340135127
30-08-2018,6978.22998,1197.699951,2901.129883,13.52999973,-0.009829421,-0.005661533,-0.004440172,0.099383485,-0.021344487,-0.017218557,3.233962147
31-08-2018,7037.580078,1200.300049,2901.52002,12.85999966,0.008469072,0.002168556,0.000134468,-0.05078773,-0.021356669,-0.015445796,3.152818814
04-09-2018,7361.660156,1192.699951,2896.719971,13.15999985,0.013897371,-0.006351963,-0.001655692,0.023060222,-0.023087288,-0.020486737,3.071721532
05-09-2018,6792.830078,1194.900024,2888.600098,13.90999985,-0.080417816,0.001842917,-0.002807063,0.055426081,0.002044343,-0.041924372,3.020653377
06-09-2018,6529.169922,1197.900024,2878.050049,14.64999962,-0.039587838,0.002507524,-0.003658991,0.051832314,0.021366684,-0.058506785,3.919246541
07-09-2018,6467.069824,1193.599976,2871.679932,14.88000011,-0.009556698,-0.003596114,-0.002215798,0.015577728,0.009214354,-0.050431113,3.939522307
10-09-2018,6329.700195,1193,2877.129883,14.15999985,0.004566762,-0.000502787,0.001896028,-0.04959696,0.000991617,-0.07923021,3.755108207
11-09-2018,6321.200195,1195.400024,2887.889893,13.22000027,-0.001343778,0.002009735,0.003732866,-0.068690223,-0.003623121,-0.149761344,3.580720815
12-09-2018,6351.799805,1204.699951,2888.919922,13.14000034,0.004829112,0.007749655,0.000356608,-0.006069815,0.005989555,-0.150370021,3.430281965
13-09-2018,6517.310059,1202,2904.179932,12.36999989,0.025723517,-0.002243697,0.005268352,-0.060386862,0.020879424,-0.152954769,3.301791646
14-09-2018,6512.709961,1195,2904.97998,12.06999969,-0.000706077,-0.005840651,0.000275444,-0.024551167,0.020605665,-0.152067802,3.280425432
17-09-2018,6281.200195,1199.699951,2888.800049,13.68000031,-0.036880718,0.003925299,-0.005585291,0.125211925,0.038120682,-0.165597528,3.172936654
18-09-2018,6371.299805,1196.800049,2904.310059,12.78999996,0.014242424,-0.002420116,0.005354653,-0.067271322,0.057547449,-0.16940095,3.309003484
19-09-2018,6398.540039,1202.199951,2907.949951,11.75,0.004266346,0.004501802,0.001252488,-0.084810372,0.082588816,-0.165353593,3.221699319
20-09-2018,6519.669922,1206.199951,2930.75,11.80000019,0.018753904,0.003321711,0.007810014,0.004246307,0.09745534,-0.174388181,3.123489614
21-09-2018,6734.950195,1196.199951,2929.669922,11.68000031,0.032486666,-0.008325057,-0.000368601,-0.010221544,0.105372061,-0.190509249,3.087278857
24-09-2018,6595.410156,1199.300049,2919.370117,12.19999981,-0.017318843,0.002588269,-0.003521882,0.043557933,0.139542909,-0.210953782,3.162790522
25-09-2018,6446.470215,1200,2915.560059,12.42000008,-0.022841249,0.000583463,-0.001305948,0.017872147,0.150512485,-0.234382985,3.128712382
26-09-2018,6495,1194,2905.969971,12.89000034,0.007499923,-0.005012542,-0.0032947,0.037143761,0.139263991,-0.214575131,3.138190188
27-09-2018,6676.75,1182.300049,2914,12.40999985,0.027598692,-0.00984728,0.002759476,-0.037949257,0.136971373,-0.226667357,3.057320931
28-09-2018,6644.129883,1191.5,2913.97998,12.11999989,-0.004897602,0.007751282,-6.87E-06,-0.023645616,0.135236319,-0.23104196,3.094347185
01-10-2018,6589.620117,1187.099976,2924.590088,12,-0.005439204,-0.00369968,0.003634492,-0.009950321,0.131698701,-0.22857993,3.02101639
02-10-2018,6556.100098,1202.400024,2923.429932,12.05000019,-0.005099773,0.012806242,-0.000396769,0.004158026,0.140400396,-0.222834115,2.960489853
03-10-2018,6502.589844,1198.300049,2925.51001,11.60999966,-0.008195394,-0.003415653,0.000711267,-0.03719791,0.167018266,-0.243713909,2.90893849
04-10-2018,6576.689941,1197.199951,2901.610107,14.22000027,0.011331035,-0.00091847,-0.008203035,0.202782677,0.162964887,-0.240700666,2.874485186
05-10-2018,6622.47998,1201.199951,2885.570068,14.81999969,0.006938349,0.00333556,-0.005543315,0.041328156,0.189357269,-0.23317524,2.846438558
08-10-2018,6652.22998,1184.400024,2884.429932,15.68999958,0.007435585,-0.014084679,-0.000395195,0.057045941,0.188517271,-0.231171325,2.81130719
09-10-2018,6642.640137,1187.199951,2880.340088,15.94999981,-0.001442638,0.002361214,-0.00141891,0.016435277,0.206049945,-0.235599986,2.78306461
10-10-2018,6585.529785,1189.300049,2785.679932,22.95999908,-0.00863471,0.001767388,-0.033416389,0.364294714,0.149497498,-0.17924923,2.754744129
11-10-2018,6256.240234,1223.5,2728.370117,24.97999954,-0.051295382,0.028350664,-0.02078758,0.084321955,0.22091219,-0.266806071,2.748153385
12-10-2018,6274.580078,1218.099976,2767.129883,21.30999947,0.00292716,-0.004423356,0.014106235,-0.158899065,0.224465122,-0.264830589,3.190689309
15-10-2018,6596.540039,1226.400024,2750.790039,21.29999924,0.047436334,0.006790821,-0.005922482,-0.000469384,0.194557266,-0.224575014,3.09626556
16-10-2018,6596.109863,1227.300049,2809.919922,17.62000084,-6.52E-05,0.000733606,0.021267828,-0.189672369,0.179841559,-0.21376859,3.345023791
17-10-2018,6544.430176,1223.699951,2809.209961,17.39999962,-0.007865728,-0.002937658,-0.000252694,-0.012564484,0.160129496,-0.231219532,3.22761493
18-10-2018,6476.709961,1226.5,2768.780029,20.05999947,-0.010401674,0.002285569,-0.014496491,0.142257572,0.18720228,-0.221138938,3.141071848
19-10-2018,6465.410156,1225.300049,2767.780029,19.88999939,-0.001746207,-0.000978833,-0.000361235,-0.008510694,0.183227996,-0.235601635,3.07667268
22-10-2018,6487.160156,1221.199951,2755.879883,19.63999939,0.000741749,-0.00335181,-0.004308797,-0.01264879,0.20033524,-0.232923746,3.001131784
23-10-2018,6475.740234,1233.400024,2740.689941,20.70999908,-0.00176194,0.009940661,-0.005527076,0.053048359,0.199103708,-0.227824584,2.935827126
24-10-2018,6495.839844,1227.800049,2656.100098,25.22999954,0.003099025,-0.004550614,-0.031350774,0.197417113,0.18794131,-0.227890332,2.882665119
25-10-2018,6476.290039,1229.099976,2705.570068,24.21999931,-0.003014126,0.001058185,0.018453718,-0.040855035,0.179473333,-0.238188702,2.836784253
26-10-2018,6474.75,1232.5,2658.689941,24.15999985,-0.000237825,0.002762453,-0.017479138,-0.002480343,0.175197224,-0.242563669,2.801549166
29-10-2018,6332.629883,1224.5,2641.25,24.70000076,-0.023990543,-0.00651203,-0.006581208,0.022104908,0.19024914,-0.221991472,2.769127565
30-10-2018,6334.27002,1222.599976,2682.629883,23.35000038,0.000258964,-0.001552879,0.015545323,-0.056206274,0.193466694,-0.230515903,2.85640615
31-10-2018,6317.609863,1212.300049,2711.73999,21.22999954,-0.002633627,-0.008460297,0.010792879,-0.095181746,0.199617733,-0.2271895,2.814629034
01-11-2018,6377.779785,1236,2740.370117,19.34000015,0.00947909,0.019360937,0.010502499,-0.093239756,0.221886857,-0.19505089,2.782509916
02-11-2018,6388.439941,1230.900024,2723.060059,19.51000023,0.001670057,-0.00413473,-0.006336721,0.008751668,0.228611638,-0.197127517,2.764256329
05-11-2018,6419.660156,1229.800049,2738.310059,19.95999908,0.006803869,-0.000894035,0.005584694,0.022803059,0.214649674,-0.216240803,2.737576458
06-11-2018,6461.009766,1223.800049,2755.449951,19.90999985,0.006420435,-0.004890782,0.006239788,-0.002508115,0.215888998,-0.236644956,2.72058488
07-11-2018,6530.140137,1226.199951,2813.889893,16.36000061,0.010642787,0.001959105,0.020987079,-0.196382742,0.234224988,-0.23399054,2.70579575
08-11-2018,6453.720215,1222.900024,2806.830078,16.71999931,-0.011771661,-0.002694809,-0.002512069,0.021766198,0.248195056,-0.211315936,2.704498054
09-11-2018,6385.620117,1206.400024,2781.01001,17.36000061,-0.010608136,-0.013584369,-0.009241586,0.037563178,0.25295064,-0.186423021,2.720134498
12-11-2018,6371.27002,1201.300049,2726.219971,20.45000076,-0.006258557,-0.004236394,-0.019898151,0.163814175,0.249980407,-0.187086253,2.72759164
13-11-2018,6359.490234,1199.199951,2722.179932,20.02000046,-0.001850603,-0.001749717,-0.001483019,-0.021251123,0.262961153,-0.162464404,2.718049039
14-11-2018,5738.350098,1207.900024,2701.580078,21.25,-0.102776493,0.007228708,-0.007596189,0.059625099,0.263836034,-0.220407122,2.701241614
15-11-2018,5648.029785,1212.800049,2730.199951,19.97999954,-0.015864956,0.004048441,0.010538033,-0.061625145,0.251054131,-0.221164623,4.240264351
16-11-2018,5575.549805,1220.800049,2736.27002,18.13999939,-0.012915842,0.006574645,0.002220838,-0.096612339,0.252768336,-0.209016938,4.037736731
19-11-2018,4871.490234,1223.099976,2690.72998,20.10000038,-0.143561473,0.001882178,-0.016783161,0.102600423,0.307880549,-0.23456009,3.851030812
20-11-2018,4451.870117,1219,2641.889893,22.47999954,-0.090075634,-0.003357749,-0.018317996,0.111906171,0.344352049,-0.204018968,5.852869481
21-11-2018,4602.169922,1225.800049,2649.929932,20.79999924,0.033203655,0.005562881,0.003038669,-0.077673055,0.349182604,-0.181256932,6.140792608
23-11-2018,4347.109863,1221,2632.560059,21.52000046,-0.004322277,-0.003923537,-0.00657642,0.034029807,0.348920867,-0.18181865,5.765819559
26-11-2018,3779.129883,1220.199951,2673.449951,18.89999962,-0.059289959,-0.000655455,0.015412976,-0.129820855,0.291755199,-0.176169714,5.348371165
27-11-2018,3820.719971,1211.199951,2682.169922,19.02000046,0.010945085,-0.007403176,0.003256384,0.006329179,0.294221929,-0.187849218,5.330196575
28-11-2018,4257.419922,1221.400024,2743.790039,18.48999977,0.108224446,0.008386198,0.022714051,-0.028261048,0.374062673,-0.096256391,4.968040209
29-11-2018,4278.84668,1224.099976,2737.800049,18.79000092,0.005020181,0.002208098,-0.002185495,0.016094829,0.381837541,-0.090958987,5.728307816
30-11-2018,4017.268555,1220.199951,2760.169922,18.06999969,-0.063081298,-0.00319112,0.008137548,-0.039071774,0.3477498,-0.070029096,5.313122998
03-12-2018,3894.130859,1233.900024,2790.370117,16.44000053,-0.06119579,0.011165165,0.010882002,-0.094535666,0.310941141,-0.10817568,5.345317887
04-12-2018,3956.893799,1241.099976,2700.060059,20.73999977,0.015988811,0.005818159,-0.032900229,0.23234677,0.262210163,-0.098861168,5.349506032
06-12-2018,3521.101807,1238.099976,2695.949951,21.19000053,-0.064046619,-0.002420137,-0.001523388,0.021465206,0.256879934,-0.08577138,4.997103967
07-12-2018,3419.937256,1246.800049,2633.080078,23.22999954,-0.029151749,0.007002381,-0.023596335,0.09191513,0.26658908,-0.100575113,5.100449922
10-12-2018,3502.656006,1243.699951,2637.719971,22.63999939,-0.031358503,-0.00248954,0.001760603,-0.025726301,0.256560422,-0.090081772,4.852754345
11-12-2018,3424.588135,1241.900024,2636.780029,21.76000023,-0.022540328,-0.001448284,-0.00035641,-0.039644794,0.255173473,-0.085225333,4.653862695
12-12-2018,3486.950195,1244.400024,2651.070068,21.45999908,0.018046273,0.002011021,0.005404871,-0.013882738,0.257530442,-0.076825592,4.42777266
13-12-2018,3313.677246,1242.699951,2650.540039,20.64999962,-0.050968961,-0.001367113,-0.00019995,-0.038475394,0.248211202,-0.066213545,4.197080198
14-12-2018,3242.484863,1237,2599.949951,21.62999916,-0.021718554,-0.004597299,-0.019271212,0.0463659,0.250671409,-0.065596998,4.293097772
17-12-2018,3545.864746,1247.400024,2545.939941,24.52000046,0.086253877,0.008372311,-0.020992285,0.125407929,0.163487945,-0.020455821,4.1121244
18-12-2018,3696.059082,1249.199951,2546.159912,25.57999992,0.041485075,0.001441903,8.64E-05,0.042321663,0.164089048,0.004728104,4.716568476
20-12-2018,4134.441406,1263.599976,2467.419922,28.37999916,0.098676791,0.009142648,-0.015897809,0.103873849,0.107065097,0.056798355,4.593860737
21-12-2018,3896.543701,1253.800049,2416.620117,30.11000061,-0.0592623,-0.007785792,-0.02080312,0.059172721,0.134175875,0.080532365,5.285704449
24-12-2018,4078.599121,1267.5,2351.100098,36.06999969,0.019714192,0.010867478,-0.027486573,0.180604124,0.110516672,0.09921229,5.278168868
26-12-2018,3857.297607,1269.199951,2467.699951,30.40999985,0.01089755,0.001340286,0.048403178,-0.17068999,0.119509092,0.123425117,4.946495918
27-12-2018,3654.833496,1277.300049,2488.830078,29.95999908,-0.0539163,0.006361771,0.008526229,-0.014908369,0.104001705,0.107748271,4.629731749
28-12-2018,3923.918701,1279.900024,2485.73999,28.34000015,0.071040286,0.002033456,-0.001242354,-0.055588888,0.103219233,0.109334242,4.678616469
31-12-2018,3742.700439,1278.300049,2506.850098,25.42000008,-0.032400736,-0.001250861,0.008456626,-0.108737971,0.095283265,0.113545632,4.900910722
02-01-2019,3943.409424,1281,2510.030029,23.21999931,0.025657067,0.002109915,0.001267693,-0.090522322,0.097899876,0.115041009,4.702552407
03-01-2019,3836.741211,1291.800049,2447.889893,25.45000076,-0.027422322,0.00839561,-0.025068332,0.091701826,0.110545255,0.107934882,4.470809488
04-01-2019,3857.717529,1282.699951,2531.939941,21.37999916,0.005452332,-0.007069439,0.033759399,-0.174259907,0.118164726,0.099299053,4.299546337
07-01-2019,4025.248291,1286.800049,2549.689941,21.39999962,-0.012684701,0.003191361,0.006985976,0.000935038,0.116349151,0.115984408,4.054358012
08-01-2019,4030.8479,1283.199951,2574.409912,20.46999931,0.001390155,-0.002801634,0.009648587,-0.044430538,0.118281087,0.113126915,3.864534103
09-01-2019,4035.296387,1289.300049,2584.959961,19.97999954,0.001103002,0.004742553,0.004089671,-0.024228616,0.122536331,0.114592306,3.674029403
10-01-2019,3678.924561,1284.699951,2596.639893,19.5,-0.092459282,-0.003574283,0.004508241,-0.024317285,0.088852989,0.232425091,3.509467647
11-01-2019,3687.365479,1287.099976,2596.26001,18.19000053,0.00229177,0.001866417,-0.000146309,-0.069542444,0.085610582,0.238465747,4.481752825
14-01-2019,3706.052246,1289.099976,2582.610107,19.06999969,0.042188102,0.001552675,-0.005271395,0.047244382,0.087321588,0.221640893,4.211884893
15-01-2019,3630.675293,1286.199951,2610.300049,18.60000038,-0.020548563,-0.002252185,0.010664619,-0.024954802,0.080231172,0.223486468,4.177355824
16-01-2019,3655.006836,1291.599976,2616.100098,19.04000092,0.006679301,0.004189644,0.002219521,0.023380476,0.081321455,0.226939756,4.006253601
17-01-2019,3678.563965,1291,2635.959961,18.05999947,0.006424486,-0.000464629,0.007562731,-0.052842559,0.083927049,0.225706641,3.800471068
18-01-2019,3657.839355,1281.300049,2670.709961,17.79999924,-0.005649816,-0.007541886,0.013096913,-0.014501104,0.084205235,0.221501892,3.62194929
22-01-2019,3604.577148,1282.5,2632.899902,20.79999924,0.007950531,0.000936072,-0.014258477,0.155754536,0.078932698,0.22478097,3.471847269
23-01-2019,3585.123047,1283.099976,2638.699951,19.52000046,-0.005411672,0.000467708,0.00220049,-0.063513346,0.079971952,0.225736833,3.341916001
24-01-2019,3600.865479,1279.099976,2642.330078,18.88999939,0.004381431,-0.003122319,0.00137478,-0.032806955,0.092423235,0.227186028,3.231877961
25-01-2019,3599.765869,1297.400024,2664.76001,17.42000008,-0.00030542,0.014205594,0.008452868,-0.081013673,0.092654124,0.223846174,3.132237788
28-01-2019,3470.450439,1302.400024,2643.850098,18.87000084,-0.032185563,0.003846454,-0.007877776,0.079954428,0.10208498,0.21761338,3.04691029
29-01-2019,3448.116943,1308.199951,2640,19.12999916,-0.006456127,0.004443374,-0.001457308,0.013684336,0.099494454,0.213075358,3.157398959
30-01-2019,3486.181641,1309.900024,2681.050049,17.65999985,0.010978783,0.001298708,0.01542961,-0.079955553,0.103642496,0.214846591,3.077845268
31-01-2019,3457.792725,1319.699951,2704.100098,16.56999969,-0.008176607,0.007453584,0.008560649,-0.063708374,0.102290045,0.221253689,3.015284596
01-02-2019,3487.945313,1316.900024,2706.530029,16.13999939,0.008682383,-0.002123893,0.000898207,-0.026293188,0.098233079,0.214285353,2.963267076
04-02-2019,3459.154053,1314.300049,2724.870117,15.72999954,-0.001403801,-0.001976267,0.006753381,-0.025730937,0.101146783,0.217625979,2.912747548
05-02-2019,3466.357422,1314.199951,2737.699951,15.56999969,0.002080243,-7.62E-05,0.00469737,-0.010223722,0.100323677,0.219164191,2.862947207
06-02-2019,3413.767822,1309.5,2731.610107,15.38000011,-0.015287694,-0.003582693,-0.002226916,-0.012277995,0.098557515,0.228886047,2.819899063
07-02-2019,3399.47168,1309.400024,2706.050049,16.37000084,-0.004196583,-7.63E-05,-0.009401193,0.062382471,0.087932834,0.227584547,2.833461815
08-02-2019,3666.780273,1313.699951,2707.879883,15.72000027,0.075693936,0.003278511,0.000675973,-0.040516639,0.087483969,0.233403519,2.800905989
11-02-2019,3648.430664,1307,2709.800049,15.97000027,-0.011380348,-0.005113112,0.000708852,0.015778175,0.086941214,0.245426895,3.622188689
12-02-2019,3653.528564,1309.199951,2744.72998,15.43000031,0.001396311,0.001681792,0.012807853,-0.034398293,0.091416895,0.248654888,3.488352688
13-02-2019,3632.070557,1310.800049,2753.030029,15.64999962,-0.005890544,0.001221449,0.003019432,0.014157206,0.091798853,0.250836191,3.349841166
14-02-2019,3616.880859,1309.800049,2745.72998,16.21999931,-0.004190874,-0.000763184,-0.002655163,0.035774114,0.073927933,0.307465409,3.239669166
15-02-2019,3620.810791,1318.099976,2775.600098,14.90999985,0.001085963,0.006316796,0.010820005,-0.084212888,0.078685063,0.310475355,3.142588829
19-02-2019,3947.094482,1340.099976,2779.76001,14.88000011,0.007981955,0.016552933,0.001497621,-0.002014081,0.079364058,0.308170818,3.055182463
20-02-2019,3999.820557,1343.300049,2784.699951,14.02000046,0.013269765,0.00238509,0.001775534,-0.059533123,0.013653333,0.343329408,2.988306984
21-02-2019,3954.118164,1323.5,2774.879883,14.46000004,-0.01149189,-0.014849567,-0.003532669,0.030901305,-0.039654174,0.313611146,2.948415123
22-02-2019,4005.526611,1329.199951,2792.669922,13.51000023,0.012917451,0.004297478,0.006390639,-0.06795605,-0.039550355,0.307968257,2.92009614
25-02-2019,3882.696289,1325.900024,2796.110107,14.85000038,0.018788447,-0.002485728,0.001231104,0.094569722,-0.040298094,0.301036298,2.890201778
26-02-2019,3854.35791,1325.099976,2793.899902,15.17000008,-0.007325399,-0.000603583,-0.00079077,0.021319907,-0.012790525,0.298782521,2.894400732
27-02-2019,3851.047363,1317.699951,2792.379883,14.69999981,-0.000859279,-0.005600154,-0.000544197,-0.031472318,-0.013663369,0.309657556,2.85959588
28-02-2019,3854.7854,1312.800049,2784.48999,14.77999973,0.000970184,-0.003725458,-0.002829508,0.005427417,-0.10582446,0.267154397,2.817992274
01-03-2019,3859.58374,1296.400024,2803.689941,13.56999969,0.001244001,-0.012571087,0.006871657,-0.085413446,-0.104082888,0.249743087,2.78235163
04-03-2019,3761.557129,1284.800049,2792.810059,14.63000011,-0.022506314,-0.008988109,-0.003888107,0.075212771,-0.085539826,0.246881601,2.752628797
05-03-2019,3896.375,1282,2789.649902,14.73999977,0.035213632,-0.002181744,-0.001132173,0.007490648,-0.064692421,0.3041987,2.830430738
06-03-2019,3903.942627,1284.900024,2771.449951,15.73999977,0.001940339,0.002259555,-0.006545474,0.065640357,-0.046686476,0.299472236,2.987798164
07-03-2019,3911.484375,1283.800049,2748.929932,16.59000015,0.001929965,-0.000856445,-0.008158911,0.052594885,-0.054661697,0.292205852,2.92455539
08-03-2019,3901.131592,1297,2743.070068,16.04999924,-0.002650275,0.010229437,-0.002133964,-0.033091311,-0.089306957,0.305065157,2.871445605
11-03-2019,3905.227295,1288.800049,2783.300049,14.32999992,-0.011804535,-0.006342315,0.014559536,-0.113353566,-0.095928297,0.303600701,2.829920652
12-03-2019,3909.15625,1296.300049,2791.52002,13.77000046,0.00100557,0.0058025,0.002948966,-0.039862891,-0.098140072,0.298506939,2.823372072
13-03-2019,3906.717285,1307.5,2810.919922,13.40999985,-0.000624106,0.008602827,0.006925547,-0.02649166,-0.101939813,0.291271309,2.786831676
14-03-2019,3924.369141,1293.400024,2808.47998,13.5,0.004508157,-0.010842488,-0.000868399,0.006689,-0.108215511,0.277462453,2.757139638
15-03-2019,3960.911133,1301.800049,2822.47998,12.88000011,0.009268473,0.006473531,0.004972519,-0.047013956,-0.134453191,0.27015027,2.733322845
18-03-2019,4032.507324,1300.300049,2832.939941,13.10000038,0.001806543,-0.001152915,0.003699097,0.01693653,-0.048514988,0.2303216,2.722952294
19-03-2019,4071.190186,1305,2832.570068,13.56000042,0.009547038,0.003607996,-0.00013057,0.034512054,-0.046093932,0.233041669,2.70329747
20-03-2019,4087.476318,1300.5,2824.22998,13.90999985,0.003992357,-0.003454235,-0.002948697,0.025483682,0.05453003,0.168499615,2.698975336
21-03-2019,4029.326904,1306.099976,2854.879883,13.63000011,-0.014328402,0.004296773,0.010794015,-0.020334741,-0.040308275,0.112932845,2.684579298
22-03-2019,4023.968262,1311.599976,2800.709961,16.47999954,-0.001330795,0.004202168,-0.019156827,0.189874243,0.001313512,0.090616281,2.717417812
25-03-2019,3963.070557,1321.900024,2798.360107,16.32999992,-0.014801996,0.007822367,-0.000839373,-0.009143594,-0.037265381,0.07555716,2.700133974
26-03-2019,3985.080811,1314.300049,2818.459961,14.68000031,0.005538473,-0.005765872,0.007157053,-0.106517858,-0.006091326,0.114472989,2.73283099
27-03-2019,4087.066162,1309.900024,2805.370117,15.14999962,0.025269802,-0.003353425,-0.004655143,0.031514463,-0.000440375,0.094776889,2.714486276
28-03-2019,4069.107178,1289.800049,2815.439941,14.43000031,-0.004403784,-0.015463612,0.003583055,-0.048691113,0.019284307,0.094128263,2.798359702
29-03-2019,4098.374512,1293,2834.399902,13.71000004,0.007166826,0.002477894,0.006711706,-0.051183898,0.024578046,0.090749952,2.772129781
01-04-2019,4158.183105,1288.400024,2867.189941,13.39999962,0.012773998,-0.003563942,0.011502196,-0.022870818,-0.042504706,0.118785534,2.749958138
02-04-2019,4879.87793,1290,2867.23999,13.35999966,0.16004198,0.001241061,1.75E-05,-0.002989536,-0.076479461,0.104338102,2.748795359
03-04-2019,4973.021973,1289.900024,2873.399902,13.73999977,0.018907493,-7.75E-05,0.002146072,0.028046128,-0.069684546,0.109268477,5.686622922
04-04-2019,4922.798828,1289,2879.389893,13.57999992,-0.010150462,-0.000697991,0.002082465,-0.011713154,-0.06901882,0.109649333,5.303415318
05-04-2019,5036.681152,1290.400024,2892.73999,12.81999969,0.022870127,0.001085543,0.004625718,-0.057591689,-0.063555762,0.112889558,4.948944199
08-04-2019,5289.770996,1297.099976,2895.77002,13.18000031,0.017328473,0.005178718,0.001046912,0.027694125,-0.046317672,0.09361883,4.671182732
09-04-2019,5204.958496,1303.5,2878.199951,14.27999973,-0.016163227,0.00492197,-0.006085976,0.080159386,-0.029692206,0.082256158,4.406322741
10-04-2019,5324.551758,1309.099976,2888.209961,13.30000019,0.022716803,0.004286905,0.003471838,-0.071095889,-0.001654963,0.08549587,4.18278294
11-04-2019,5064.487793,1288.599976,2888.320068,13.02000046,-0.050075525,-0.015783521,3.81E-05,-0.021277378,0.029574111,0.159584294,4.0067296
12-04-2019,5089.539063,1290.599976,2907.409912,12.01000023,0.004934263,0.001550869,0.006587578,-0.080747017,0.029524678,0.159253188,4.129537173
15-04-2019,5067.108398,1286.800049,2905.580078,12.31999969,-0.019661686,-0.002948653,-0.000629567,0.025484278,0.033668247,0.16489253,3.905675766
16-04-2019,5235.55957,1272.599976,2907.060059,12.18000031,0.03270341,-0.011096522,0.000509228,-0.011428646,0.042955815,0.123957767,3.768864481
17-04-2019,5251.937988,1272.199951,2900.449951,12.60000038,0.00312342,-0.000314386,-0.002276401,0.033901557,0.051138856,0.123690712,3.723382783
18-04-2019,5298.385742,1271.900024,2905.030029,12.09000015,0.008805048,-0.000235782,0.001577847,-0.041318167,0.051809406,0.124389945,3.552388814
22-04-2019,5399.365234,1273.5,2907.969971,12.42000008,0.015836583,0.001257151,0.001011506,0.026929405,0.051058532,0.125658158,3.412597954
23-04-2019,5572.362305,1269.300049,2933.679932,12.27999973,0.031537679,-0.00330341,0.008802351,-0.011336182,0.073971375,0.130009003,3.315935263
24-04-2019,5464.866699,1275.5,2927.25,13.14000034,-0.019479347,0.004872653,-0.002194169,0.067689138,0.048105038,0.133745864,3.339330497
25-04-2019,5210.515625,1275.800049,2926.169922,13.25,-0.04766091,0.000235212,-0.000369042,0.008336513,0.054140818,0.132770243,3.289209634
26-04-2019,5279.348145,1284.900024,2939.879883,12.72999954,0.013123813,0.007107442,0.00467435,-0.040036176,0.050581912,0.136071805,3.535903466
29-04-2019,5247.352539,1278.599976,2943.030029,13.10999966,-0.007175279,-0.004915203,0.001070949,0.029413895,0.062076433,0.153111415,3.41040207
30-04-2019,5350.726563,1282.800049,2945.830078,13.11999989,0.019508687,0.003279517,0.000950965,0.000762503,0.061424898,0.158187514,3.29437072
01-05-2019,5402.697266,1281.400024,2923.72998,14.80000019,0.009665965,-0.001091978,-0.007530446,0.120489419,0.060715817,0.156995563,3.2342732
02-05-2019,5505.283691,1269.699951,2917.52002,14.42000008,0.01880998,-0.009172636,-0.002126245,-0.026011057,0.057478094,0.143457502,3.143528168
03-05-2019,5768.289551,1279.199951,2945.639893,12.86999989,0.046667296,0.007454231,0.009592127,-0.113717124,0.083636689,0.16383499,3.104286739
06-05-2019,5746.807129,1281.699951,2932.469971,15.43999958,-0.008473311,0.001952439,-0.004481013,0.182062505,0.082156913,0.160434457,3.340758669
07-05-2019,5829.501465,1283.5,2884.050049,19.31999969,0.014287066,0.001403438,-0.016649488,0.224179296,0.069220971,0.145997737,3.23878702
08-05-2019,5982.45752,1279.400024,2879.419922,19.39999962,0.025899955,-0.003199484,-0.001606715,0.004132233,0.063057423,0.13250668,3.162592291
09-05-2019,6174.528809,1283.5,2870.719971,19.10000038,0.031601133,0.003199484,-0.003025999,-0.015584691,0.060777121,0.141083506,3.16684882
10-05-2019,6378.849121,1285.699951,2881.399902,16.04000092,0.032555119,0.001712558,0.003713394,-0.174602696,0.071381017,0.147289982,3.218581959
13-05-2019,7814.915039,1300.099976,2811.870117,20.54999924,0.11407867,0.011137887,-0.024426469,0.247775244,-0.164952329,0.229446446,3.269414039
14-05-2019,7994.416016,1294.699951,2834.409912,18.05999947,0.022709208,-0.004162195,0.007983988,-0.129161385,-0.150659557,0.230856157,4.75047994
15-05-2019,8205.167969,1296.300049,2850.959961,16.44000053,0.026020896,0.00123512,0.005821994,-0.093982096,-0.142152504,0.249982642,4.497605213
16-05-2019,7884.90918,1285,2876.320068,15.28999996,-0.039813494,-0.008755372,0.008855957,-0.072518405,-0.170777709,0.275677707,4.295750878
17-05-2019,7343.895508,1274.5,2859.530029,15.96000004,-0.071081277,-0.008204774,-0.005854437,0.042886577,-0.129495893,0.297678798,4.252583724
20-05-2019,7978.309082,1276.099976,2840.22998,16.30999947,-0.027125846,0.001254588,-0.006772258,0.021692789,-0.111394837,0.288465794,4.616041909
21-05-2019,7963.327637,1272,2864.360107,14.94999981,-0.001879537,-0.003218068,0.008459949,-0.087067097,-0.116494414,0.292106116,4.42217385
22-05-2019,7680.066406,1273.599976,2856.27002,14.75,-0.036218764,0.001257052,-0.002828392,-0.013468204,-0.105947188,0.281165186,4.160980146
23-05-2019,7881.84668,1284.800049,2822.23999,16.92000008,0.025934033,0.008755585,-0.011985692,0.137253276,-0.119932706,0.287922723,4.106689238
24-05-2019,7987.371582,1283,2826.060059,15.85000038,0.013299516,-0.001402017,0.001352644,-0.065326834,-0.120986497,0.286335473,3.959835302
28-05-2019,8719.961914,1276.5,2802.389893,17.5,-0.009793263,-0.005079128,-0.00841095,0.099031357,-0.107014463,0.294985978,3.775033124
29-05-2019,8659.487305,1280.599976,2783.02002,17.89999962,-0.006959352,0.003206741,-0.00693591,0.022599811,-0.108144175,0.274164031,3.614059361
30-05-2019,8319.472656,1287.099976,2788.860107,17.29999924,-0.040056648,0.005062908,0.002096273,-0.034094234,-0.111728075,0.25480635,3.467984139
31-05-2019,8574.501953,1305.800049,2752.060059,18.70999908,0.03019404,0.01442431,-0.013283205,0.078351634,-0.132234965,0.270557457,3.579653438
03-06-2019,8208.995117,1322.699951,2744.449951,18.86000061,-0.063018059,0.012859148,-0.002769071,0.007985218,-0.118874565,0.186573786,3.54540504
04-06-2019,7707.770996,1323.400024,2803.27002,16.96999931,-0.063001478,0.000529136,0.021205927,-0.105596271,-0.195387369,0.189874295,3.958933003
05-06-2019,7824.231445,1328.300049,2826.149902,16.09000015,0.014996474,0.003695765,0.008128727,-0.053249068,-0.180108881,0.18549788,4.269157583
06-06-2019,7822.023438,1337.599976,2843.48999,15.93000031,-0.000282241,0.006976979,0.006116841,-0.009993827,-0.180649456,0.183921651,4.048325206
07-06-2019,8043.951172,1341.199951,2873.340088,16.29999924,0.027977129,0.002687754,0.010442979,0.022960918,-0.162364855,0.193429454,3.833897736
10-06-2019,8000.32959,1324.699951,2886.72998,15.93999958,0.039812033,-0.012378717,0.00464922,-0.022333414,-0.152272042,0.156450681,3.741691356
11-06-2019,7927.714355,1326.400024,2885.719971,15.98999977,-0.009117973,0.001282542,-0.000349941,0.003131865,-0.152698755,0.154929578,3.766372483
12-06-2019,8145.857422,1331.900024,2879.840088,15.90999985,0.02714474,0.004137989,-0.002039658,-0.00501568,-0.154536,0.159642986,3.604584495
13-06-2019,8230.923828,1339.199951,2891.639893,15.81999969,0.010388753,0.005465872,0.004089011,-0.00567289,-0.153204518,0.159869246,3.543023443
14-06-2019,8693.833008,1340.099976,2886.97998,15.27999973,0.054715665,0.000671836,-0.001612812,-0.034730177,-0.157265479,0.158077866,3.408314828
17-06-2019,9320.352539,1338.699951,2889.669922,15.35000038,0.035588478,-0.001045262,0.000931315,0.004570733,-0.144633767,0.1613482,3.684513981
18-06-2019,9081.762695,1346.599976,2917.75,15.14999962,-0.025932151,0.005883922,0.00967049,-0.013114992,-0.180777664,0.148700898,3.678697076
19-06-2019,9273.521484,1344.599976,2926.459961,14.32999992,0.020894884,-0.001486326,0.002980717,-0.05564527,-0.181421812,0.161642759,3.617841749
20-06-2019,9527.160156,1392.900024,2954.179932,14.75,0.026983496,0.035291369,0.009427605,0.028887846,-0.168973219,0.168202963,3.514628594
21-06-2019,10144.55664,1396.199951,2950.459961,15.39999962,0.062790587,0.002366303,-0.001260016,0.043124402,-0.16833475,0.174629006,3.466645772
24-06-2019,11011.10254,1414.300049,2945.350098,15.26000023,0.014244096,0.012880518,-0.001733388,-0.009132444,-0.166970722,0.168336134,3.849980241
25-06-2019,11790.91699,1414.900024,2917.379883,16.28000069,0.068425403,0.000424131,-0.009541776,0.064702362,-0.196286964,0.16137287,3.683423566
26-06-2019,13016.23145,1411.599976,2913.780029,16.20999908,0.098867663,-0.002335079,-0.001234696,-0.004309123,-0.201145593,0.13612592,4.100545325
27-06-2019,11182.80664,1408.400024,2924.919922,15.81999969,-0.151819674,-0.00226947,0.003815886,-0.024353336,-0.227294857,0.169916286,4.944147496
28-06-2019,12407.33203,1409.699951,2941.76001,15.07999992,0.103910113,0.000922556,0.005740942,-0.047905586,-0.18949108,0.160714235,6.679210524
01-07-2019,10583.13477,1385.599976,2964.330078,14.06000042,-0.021871651,-0.01724364,0.007643019,-0.070035441,-0.197492286,0.178807,6.951725767
02-07-2019,10801.67773,1404.599976,2973.01001,12.93000031,0.020439794,0.013619306,0.002923847,-0.0837837,-0.199597078,0.183031134,6.44419024
03-07-2019,11961.26953,1417.699951,2995.820068,12.56999969,0.101972423,0.009283258,0.007643096,-0.028237218,-0.156597561,0.208530653,5.97886554
05-07-2019,10978.45996,1396.699951,2990.409912,13.27999973,-0.02135601,-0.014923529,-0.001807534,0.054946126,-0.162324236,0.22881013,6.374869688
08-07-2019,12285.95801,1397,2975.949951,13.96000004,0.070393312,0.000214804,-0.004847173,0.049936976,-0.178066285,0.22131813,5.930887975
09-07-2019,12573.8125,1397.5,2979.629883,14.09000015,0.023159293,0.000357846,0.001235793,0.009269237,-0.181699674,0.183096608,5.904870514
10-07-2019,12156.5127,1410.099976,2993.070068,13.02999973,-0.033751228,0.008975681,0.004500547,-0.078210966,-0.18809452,0.164240441,5.511226238
11-07-2019,11358.66211,1404.300049,2999.909912,12.93000031,-0.067884416,-0.004121614,0.00228262,-0.007704154,-0.192729176,0.174633047,5.238110786
12-07-2019,11815.98633,1409.900024,3013.77002,12.39000034,0.039472754,0.003979804,0.004609534,-0.042660493,-0.185909321,0.195195649,5.343987308
15-07-2019,10895.08984,1411.400024,3014.300049,12.68000031,0.060443601,0.00106334,0.000175854,0.02313625,-0.186490629,0.191184666,5.113155526
16-07-2019,9477.641602,1409.199951,3004.040039,12.85999966,-0.139376706,-0.001560004,-0.003409585,0.014095719,-0.144463795,0.197326799,5.115866836
17-07-2019,9693.802734,1421.300049,2984.419922,13.97000027,0.022551279,0.008549847,-0.006552665,0.0827905,-0.147975936,0.200257658,6.5120941
18-07-2019,10666.48242,1426.099976,2995.110107,13.52999973,0.095619553,0.003371449,0.003575598,-0.03200277,-0.14215411,0.206749821,6.046061799
19-07-2019,10530.73242,1425.099976,2976.610107,14.44999981,-0.012808462,-0.000701459,-0.006195889,0.065784979,-0.13827366,0.213130833,6.330791846
22-07-2019,10343.10645,1425.300049,2985.030029,13.52999973,-0.024449354,0.000140383,0.002824702,-0.065784979,-0.144689944,0.213135648,5.865155811
23-07-2019,9900.767578,1420.099976,3005.469971,12.60999966,-0.043707967,-0.003655078,0.006824145,-0.0704193,-0.158775522,0.222505408,5.49443785
24-07-2019,9811.925781,1422.800049,3019.560059,12.06999969,-0.009013725,0.001899521,0.004677193,-0.043767113,-0.161234727,0.219143251,5.298962125
25-07-2019,9911.841797,1413.900024,3003.669922,12.73999977,0.010131621,-0.006274935,-0.005276296,0.054023622,-0.161070158,0.216274999,4.942496513
26-07-2019,9870.303711,1418.5,3025.860107,12.15999985,-0.004199559,0.003248114,0.007360536,-0.046594768,-0.165000889,0.215546987,4.624731029
29-07-2019,9519.145508,1419.599976,3020.969971,12.82999992,-0.003535536,0.000775149,-0.001617422,0.053634309,-0.162660572,0.224494523,4.340862254
30-07-2019,9607.423828,1429.699951,3013.179932,13.93999958,0.009231028,0.007089473,-0.002581985,0.082976203,-0.181196425,0.216695059,4.091565106
31-07-2019,10085.62793,1426.099976,2980.379883,16.12000084,0.048575318,-0.002521169,-0.010945207,0.145298414,-0.200980105,0.20781263,3.878796464
01-08-2019,10399.66895,1420.900024,2953.560059,17.87000084,0.03066254,-0.003652938,-0.009039528,0.103062587,-0.212060105,0.201747088,3.973353285
02-08-2019,10518.1748,1445.599976,2932.050049,17.61000061,0.011330721,0.017233953,-0.007309389,-0.014656419,-0.209791024,0.201360816,3.878754067
05-08-2019,11805.65332,1464.599976,2844.73999,24.59000015,0.073397413,0.013057708,-0.030230182,0.333872905,-0.256191795,0.223241614,3.699374498
06-08-2019,11478.16895,1472.400024,2881.77002,20.17000008,-0.028131633,0.005311588,0.012933024,-0.198143507,-0.272617127,0.218363653,4.194708513
07-08-2019,11941.96875,1507.300049,2883.97998,19.48999977,0.039612103,0.023426264,0.000766582,-0.034294854,-0.191979817,0.205361118,4.069103666
08-08-2019,11966.40723,1497.699951,2938.090088,16.90999985,0.002044345,-0.006389438,0.018588462,-0.141996348,-0.193810588,0.21047691,4.034313558
09-08-2019,11862.93652,1496.599976,2918.649902,17.96999931,-0.008684364,-0.000734713,-0.006638593,0.060798509,-0.193194109,0.213148049,3.821361153
12-08-2019,11382.61621,1505.300049,2882.699951,21.09000015,-0.012307995,0.005796394,-0.012393809,0.160095339,-0.166358684,0.194068503,3.650697844
13-08-2019,10895.83008,1502.199951,2926.320068,17.52000046,-0.043707143,-0.002061579,0.015018346,-0.18545589,-0.213993143,0.173731866,3.516216805
14-08-2019,10051.7041,1515.900024,2840.600098,22.10000038,-0.080637972,0.00907867,-0.029730352,0.232234514,-0.105304992,0.145276199,3.66126921
15-08-2019,10311.5459,1519.599976,2847.600098,21.18000031,0.025522046,0.002437788,0.002461237,-0.042520271,-0.101600437,0.143392085,4.349726502
16-08-2019,10374.33887,1512.5,2888.679932,18.46999931,0.006071112,-0.004683215,0.014323058,-0.136909598,-0.10519574,0.140724533,4.165621892
19-08-2019,10916.05371,1500.400024,2923.649902,16.87999916,0.053652864,-0.008032155,0.012033176,-0.090018318,-0.077547854,0.114658887,3.938247224
20-08-2019,10763.23242,1504.599976,2900.51001,17.5,-0.014098603,0.00279531,-0.007946215,0.036071441,-0.070596657,0.115472289,4.082841126
22-08-2019,10131.05566,1497.300049,2922.949951,16.68000031,-0.000690128,-0.004863547,-0.000506203,0.054200463,-0.076366968,0.11275261,3.894493717
23-08-2019,10407.96484,1526.599976,2847.110107,19.87000084,0.026965839,0.019379506,-0.026288881,0.175000684,-0.092663184,0.121566391,3.700607473
26-08-2019,10370.82031,1526.300049,2878.379883,19.31999969,0.022654331,-0.000196486,0.010923113,-0.028070286,-0.084572052,0.124785946,3.622348758
27-08-2019,10185.5,1541,2869.159912,20.30999947,-0.018030983,0.009585018,-0.003208322,0.049972536,-0.072413232,0.109186972,3.528491971
28-08-2019,9754.422852,1537.800049,2887.939941,19.35000038,-0.043244332,-0.002078701,0.006524152,-0.04842091,-0.091576476,0.149694831,3.439521384
29-08-2019,9510.200195,1526.5,2924.580078,17.87999916,-0.025355881,-0.007375322,0.012607482,-0.079009716,-0.057215716,0.158036603,3.595065591
30-08-2019,9598.173828,1519.099976,2926.459961,18.97999954,0.009207927,-0.004859495,0.000642581,0.059703046,-0.059096947,0.156861486,3.543589735
03-09-2019,10623.54004,1545.900024,2906.27002,19.65999985,0.026398798,0.017488243,-0.006923009,0.035200338,-0.061351289,0.164868931,3.405941442
04-09-2019,10594.49316,1550.300049,2937.780029,17.32999992,-0.002737944,0.002842211,0.010783725,-0.126147008,-0.072669879,0.164583579,3.371825091
05-09-2019,10575.5332,1515.400024,2976,16.27000046,-0.001791209,-0.022769045,0.012925913,-0.06311615,-0.081421473,0.18492112,3.25283457
06-09-2019,10353.30273,1506.199951,2978.709961,15,-0.021237571,-0.006089556,0.000910191,-0.081272748,-0.082261559,0.191742158,3.150395454
09-09-2019,10334.97461,1502.199951,2978.429932,15.27000046,-0.010233096,-0.002659223,-9.40E-05,0.017839948,-0.080336812,0.193110752,3.14413573
10-09-2019,10115.97559,1490.300049,2979.389893,15.19999981,-0.021417821,-0.007953193,0.000322252,-0.004594734,-0.080534919,0.200885654,3.078608146
11-09-2019,10178.37207,1494.400024,3000.929932,14.60999966,0.006149168,0.00274733,0.007203672,-0.039589213,-0.077528856,0.204472434,3.086360135
12-09-2019,10410.12695,1498.699951,3009.570068,14.22000027,0.022513994,0.002873228,0.002875016,-0.027056759,-0.076717708,0.208786732,3.011196529
13-09-2019,10360.54688,1490.900024,3007.389893,13.73999977,-0.004774055,-0.005218052,-0.000724677,-0.034338173,-0.066489965,0.216467811,3.017771557
16-09-2019,10276.79395,1503.099976,2997.959961,14.67000008,-0.00687718,0.008149645,-0.003140513,0.065493327,-0.066264439,0.214608654,2.956297238
17-09-2019,10241.27246,1505.099976,3005.699951,14.43999958,-0.003462463,0.001329699,0.002578425,-0.015802493,-0.074693629,0.212949846,2.909946949
18-09-2019,10198.24805,1507.5,3006.72998,13.94999981,-0.00420993,0.001593325,0.000342633,-0.03452261,-0.072638338,0.212753602,2.863387398
19-09-2019,10266.41504,1498.400024,3006.790039,14.05000019,0.006661946,-0.006054761,2.00E-05,0.007142915,-0.071999712,0.209378282,2.825874935
20-09-2019,10181.6416,1507.300049,2992.070068,15.31999969,-0.008291636,0.005922115,-0.004907599,0.086536735,-0.047601179,0.211058033,2.79365491
23-09-2019,9729.324219,1523.699951,2991.780029,14.90999985,-0.03445525,0.010821552,-9.69E-05,-0.027127026,-0.042869357,0.215190294,2.779085853
24-09-2019,8620.566406,1532.099976,2966.600098,17.04999924,-0.12099365,0.005497772,-0.008451989,0.13411804,0.019545157,0.174797953,2.973409023
25-09-2019,8486.993164,1504.599976,2984.870117,15.96000004,-0.015616015,-0.018112261,0.006139685,-0.066064565,-0.007764194,0.190931259,4.831534554
26-09-2019,8118.967773,1507.5,2977.620117,16.06999969,-0.044331751,0.001925584,-0.002431871,0.006868566,0.003251804,0.177691377,4.550879753
27-09-2019,8251.845703,1499.099976,2961.790039,17.21999931,0.016233872,-0.005587738,-0.005330535,0.069117298,-0.003244428,0.161694119,4.50915021
30-09-2019,8293.868164,1465.699951,2976.73999,16.23999977,0.023135804,-0.022532001,0.00503491,-0.058594138,-0.033327481,0.091523006,4.261211306
01-10-2019,8343.276367,1482,2940.25,18.55999947,0.005939523,0.011059616,-0.012334127,0.133531378,-0.038441018,0.082819794,4.076379912
02-10-2019,8393.041992,1501,2887.610107,20.55999947,0.005947039,0.012739026,-0.018065404,0.102338716,-0.031404939,0.091893534,3.860453519
03-10-2019,8259.992188,1507.099976,2910.629883,19.12000084,-0.015979387,0.004055706,0.007940305,-0.072612463,-0.037988726,0.091507728,3.673193268
04-10-2019,8205.939453,1506.199951,2952.01001,17.04000092,-0.006565426,-0.000597368,0.014116785,-0.115171376,-0.033059097,0.104432797,3.551485384
07-10-2019,8245.623047,1497.699951,2938.790039,17.86000061,0.031722605,-0.005659325,-0.004488352,0.047000034,-0.031986605,0.0773471,3.413410109
08-10-2019,8228.783203,1497.199951,2893.060059,20.28000069,-0.002044365,-0.000333901,-0.01568316,0.127071603,-0.041219261,0.071973099,3.420842966
09-10-2019,8595.740234,1506.099976,2919.399902,18.63999939,0.043628604,0.005926848,0.009063297,-0.084325436,-0.024275962,0.084041423,3.293891479
10-10-2019,8586.473633,1494.800049,2938.129883,17.56999969,-0.001078627,-0.007531061,0.006395202,-0.059116892,-0.046409979,0.073980498,3.449109064
11-10-2019,8321.756836,1482.699951,2970.27002,15.57999992,-0.031314741,-0.008127734,0.01087958,-0.120204849,-0.055560395,0.078954175,3.317192874
14-10-2019,8374.686523,1491.699951,2966.149902,14.56999969,0.006430503,0.006051659,-0.001388082,-0.067023436,-0.080307085,0.071965608,3.365689246
15-10-2019,8205.369141,1477.599976,2995.679932,13.53999996,-0.020424934,-0.009497243,0.009906445,-0.073316335,-0.092139519,0.081174503,3.248636854
16-10-2019,8047.526855,1488,2989.689941,13.68000031,-0.019423892,0.007013803,-0.002001545,0.01028667,-0.087388942,0.073858875,3.2198116
17-10-2019,8103.911133,1492.300049,2997.949951,13.78999996,0.00698198,0.00288565,0.002759022,0.008008755,-0.072184344,0.064947086,3.18923821
18-10-2019,7973.20752,1488.199951,2986.199951,14.25,-0.01625994,-0.002751284,-0.003927046,0.032813218,-0.067528463,0.068377707,3.09954788
21-10-2019,8243.720703,1482.400024,3006.719971,14,0.002628793,-0.003904891,0.006848114,-0.017699577,-0.062384909,0.072646832,3.069931316
22-10-2019,8078.203125,1481.699951,2995.98999,14.46000004,-0.020282321,-0.000472368,-0.003575049,0.03232889,-0.05846962,0.074124318,2.993946541
23-10-2019,7514.671875,1489.900024,3004.52002,14.01000023,-0.072312103,0.005518976,0.002843103,-0.031614843,-0.067029089,0.051376956,3.008679393
24-10-2019,7493.48877,1498.900024,3010.290039,13.71000004,-0.00282288,0.006022502,0.001918605,-0.02164588,-0.065450754,0.046946719,3.748425639
25-10-2019,8660.700195,1499.5,3022.550049,12.64999962,0.144761094,0.000400197,0.00406443,-0.080468311,-0.005109476,0.046603384,3.57618762
28-10-2019,9256.148438,1490,3039.419922,13.10999966,-0.031432677,-0.006355599,0.00556582,0.035718087,0.001873347,0.064879092,5.663515165
29-10-2019,9427.6875,1487,3036.889893,13.19999981,0.018362812,-0.002015452,-0.000832752,0.006841544,0.005737738,0.050824541,5.355579371
30-10-2019,9205.726563,1493.199951,3046.77002,12.32999992,-0.023825096,0.004160768,0.003248089,-0.068181504,0.125711224,-0.005442257,5.009833857
31-10-2019,9199.584961,1511.400024,3037.560059,13.22000027,-0.000667373,0.012114954,-0.003027439,0.069695544,0.141686237,0.003588337,4.74339979
01-11-2019,9261.104492,1508,3066.909912,12.30000019,0.006664947,-0.00225212,0.009615931,-0.072131577,0.14770397,-0.059213875,4.441948589
05-11-2019,9342.527344,1480.800049,3074.620117,13.10000038,-0.007473715,-0.018201754,-0.001186403,0.020826087,0.145966762,-0.051983064,4.18014235
06-11-2019,9360.879883,1490.199951,3076.780029,12.61999989,0.001962481,0.006327791,0.000702251,-0.037329411,0.145276648,-0.04929042,3.958279497
07-11-2019,9267.561523,1464.199951,3085.179932,12.72999954,-0.010018996,-0.017601321,0.002726375,0.008678529,0.141936791,-0.040276728,3.755320774
08-11-2019,8804.880859,1461.300049,3093.080078,12.06999969,-0.051214084,-0.001982501,0.002557403,-0.053238367,0.170653066,-0.039631582,3.597821028
11-11-2019,8757.788086,1455.5,3087.01001,12.68999958,-0.033431848,-0.003977,-0.001964395,0.050091239,0.052406771,0.006991855,3.822408223
12-11-2019,8815.662109,1452.099976,3091.840088,12.68000031,0.006586553,-0.002338716,0.001563423,-0.000788276,0.050502732,0.000494332,3.799904855
13-11-2019,8808.262695,1461.699951,3094.040039,13,-0.000839701,0.006589341,0.000711282,0.024923384,0.04232948,0.004530388,3.621683247
14-11-2019,8708.094727,1471.800049,3096.629883,13.05000019,-0.011437202,0.006886066,0.000836693,0.003838791,-0.001805002,0.028623351,3.465132665
15-11-2019,8491.992188,1467.300049,3120.459961,12.05000019,-0.025129398,-0.003062164,0.007666029,-0.079723473,-0.016245987,0.033269477,3.354656379
18-11-2019,8309.286133,1470.900024,3122.030029,12.46000004,-0.031824239,0.002450464,0.000503026,0.033458841,-0.014642066,0.030290883,3.342096892
19-11-2019,8206.145508,1473.300049,3120.179932,12.85999966,-0.012490375,0.001630341,-0.00059277,0.031598176,0.058727895,-0.010788528,3.390833953
21-11-2019,7642.75,1463.099976,3103.540039,13.13000011,-0.049086768,-0.00694736,-0.001584006,0.027018269,0.04571154,0.004747819,3.295819471
25-11-2019,7146.133789,1456.599976,3133.639893,11.86999989,0.013839371,-0.00445252,0.007479252,-0.038831832,0.052514204,0.006415723,3.560800606
26-11-2019,7218.371094,1459.800049,3140.52002,11.53999996,0.010057836,0.002194537,0.002193164,-0.028194941,0.06948773,0.007171077,3.43414054
27-11-2019,7531.663574,1453.400024,3153.629883,11.75,0.042486626,-0.004393817,0.004165736,0.018033983,0.099682107,-0.011532848,3.314434256
29-11-2019,7761.243652,1465.599976,3140.97998,12.61999989,0.03917091,0.008359042,-0.004019286,0.071429607,0.079559073,0.01713658,3.451666955
02-12-2019,7321.988281,1462.300049,3113.870117,14.90999985,-0.013875477,-0.002254126,-0.008668484,0.16674927,0.107149873,-0.018583722,3.524174978
03-12-2019,7320.145508,1478.199951,3093.199951,15.96000004,-0.000251708,0.010814526,-0.006660225,0.068053476,0.102070711,-0.014901459,3.414925891
04-12-2019,7252.034668,1474,3112.76001,14.80000019,-0.009348133,-0.002845305,0.006303658,-0.075458401,0.098994272,-0.009333535,3.287416022
05-12-2019,7448.307617,1476.900024,3117.429932,14.52000046,0.026704768,0.001965519,0.001499127,-0.019100153,0.100734925,-0.010224398,3.196354818
06-12-2019,7546.996582,1459.099976,3145.909912,13.61999989,0.013162839,-0.012125522,0.009094246,-0.063987749,0.110905768,-0.02478481,3.200823324
09-12-2019,7400.899414,1459.300049,3135.959961,15.85999966,-0.021844254,0.000137112,-0.003167834,0.152260902,0.115411757,-0.033984817,3.126250795
10-12-2019,7278.119629,1462.599976,3132.52002,15.68000031,-0.016728999,0.002258755,-0.001097536,-0.01141416,0.112283453,-0.038333639,3.128658436
11-12-2019,7217.427246,1469.400024,3141.629883,14.98999977,-0.008373984,0.004638514,0.002903938,-0.045002738,0.107308817,-0.04547138,3.09684322
12-12-2019,7243.134277,1466.699951,3168.570068,13.93999958,0.003555472,-0.001839225,0.008538667,-0.072620922,0.111769043,-0.046267562,3.032348996
13-12-2019,7269.68457,1475.599976,3168.800049,12.63000011,0.003658879,0.006049724,7.26E-05,-0.09868743,0.111005908,-0.041750054,2.96275017
16-12-2019,6932.480469,1475,3191.449951,12.14000034,-0.031216548,-0.00040668,0.007122361,-0.039569132,0.096425173,-0.041643887,2.904278471
17-12-2019,6640.515137,1474.599976,3192.52002,12.28999996,-0.04302814,-0.00027124,0.000335236,0.012280107,0.097402202,-0.041685416,3.034251537
18-12-2019,7276.802734,1472.599976,3191.139893,12.57999992,0.09150204,-0.001357221,-0.000432394,0.023322325,0.081964416,-0.041071772,3.278040716
19-12-2019,7202.844238,1478.199951,3205.370117,12.5,-0.0102156,0.003795569,0.004449379,-0.006379601,0.079572694,-0.041262028,4.252137032
20-12-2019,7218.816406,1474.699951,3221.219971,12.51000023,0.002215026,-0.002370552,0.004932596,0.000799698,0.078961275,-0.021674871,4.027879582
23-12-2019,7355.628418,1482.5,3224.01001,12.60999966,-0.020981219,0.005275306,0.000865769,0.00796178,-0.007902566,0.019159284,3.815798755
24-12-2019,7322.532227,1499.099976,3223.379883,12.67000008,-0.004509591,0.01113506,-0.000195467,0.004746878,-0.002334489,0.001391871,3.700004419
26-12-2019,7238.966797,1509.300049,3239.909912,12.64999962,-0.004986735,0.006781088,0.005115062,-0.001579815,-0.016988089,0.006060263,3.53686272
27-12-2019,7290.088379,1513.800049,3240.02002,13.43000031,0.007037181,0.002977079,3.40E-05,0.059833848,-0.007449545,0.015694799,3.397551313
30-12-2019,7292.995117,1514.5,3221.290039,14.81999969,-0.017622203,0.000462273,-0.005797596,0.098486566,-0.00606085,0.064940509,3.27679126
31-12-2019,7193.599121,1519.5,3230.780029,13.77999973,-0.013722695,0.003295982,0.002941691,-0.072759353,0.003308508,0.055953832,3.225612214
02-01-2020,6985.470215,1524.5,3257.850098,12.47000027,-0.030272928,0.003285154,0.008343895,-0.099892465,0.004410292,0.040728639,3.161977712
03-01-2020,7344.884277,1549.199951,3234.850098,14.02000046,0.050171746,0.01607215,-0.007084909,0.117159133,-0.034363915,0.108510781,3.230070184
06-01-2020,7769.219238,1566.199951,3246.280029,13.85000038,0.047161467,0.010913635,0.003527145,-0.012199654,-0.020536861,0.143043614,3.484623157
07-01-2020,8163.692383,1571.800049,3237.179932,13.78999996,0.049526889,0.003569218,-0.002807175,-0.004341571,-0.022593591,0.169587266,3.642549962
08-01-2020,8079.862793,1557.400024,3253.050049,13.44999981,-0.010321673,-0.009203711,0.004890473,-0.024964597,-0.029344558,0.172900509,3.796639461
09-01-2020,7879.071289,1551.699951,3274.699951,12.53999996,-0.025164851,-0.003666707,0.006633214,-0.07005556,-0.079465387,0.164167526,3.634305714
10-01-2020,8166.554199,1557.5,3265.350098,12.56000042,0.035837017,0.003730899,-0.002859262,0.001593662,-0.09915757,0.173995937,3.574974199
13-01-2020,8144.194336,1548.400024,3288.129883,12.31999969,-0.005913064,-0.005859816,0.006951994,-0.019293261,-0.073489782,0.158362459,3.590967121
14-01-2020,8827.764648,1542.400024,3283.149902,12.39000034,0.080596506,-0.003882495,-0.001515681,0.00566579,-0.096026072,0.121211081,3.445800587
15-01-2020,8807.010742,1552.099976,3289.290039,12.42000008,-0.002353749,0.006269176,0.00186845,0.002418359,-0.080335228,0.10709996,4.14505393
16-01-2020,8723.786133,1549,3316.810059,12.31999969,-0.009494746,-0.001999276,0.008331747,-0.008084149,-0.094336058,0.119117903,3.919524588
17-01-2020,8929.038086,1558.800049,3329.620117,12.10000038,0.023255339,0.006306764,0.003854723,-0.018018449,-0.089129472,0.126618161,3.737660576
21-01-2020,8745.894531,1556.400024,3320.790039,12.85000038,0.010141928,-0.001540848,-0.0026555,0.060138357,-0.105186499,0.120943199,3.629670207
22-01-2020,8680.875977,1555.300049,3321.75,12.90999985,-0.007461951,-0.000706993,0.000289034,0.004658352,-0.10620078,0.122961143,3.481944405
23-01-2020,8406.515625,1564.599976,3325.540039,12.97999954,-0.032115368,0.0059617,0.001140326,0.005407483,-0.117649048,0.107379298,3.356158795
24-01-2020,8445.43457,1571.099976,3295.469971,14.56000042,0.004618933,0.004145811,-0.009083289,0.114868396,-0.110145831,0.138976996,3.405082995
27-01-2020,8909.819336,1576.800049,3243.629883,18.22999954,0.035760425,0.003621512,-0.015855752,0.224790492,-0.155413139,0.147475359,3.280042574
28-01-2020,9358.589844,1569.199951,3276.23999,16.28000069,0.049140657,-0.004831604,0.010003384,-0.113131161,-0.175590485,0.152174385,3.350443478
29-01-2020,9316.629883,1569.800049,3273.399902,16.38999939,-0.004493659,0.00038235,-0.00086725,0.006733953,-0.160673593,0.134360267,3.563178388
30-01-2020,9508.993164,1583.5,3283.659912,15.48999977,0.020437037,0.008689333,0.003129457,-0.056476716,-0.152249594,0.150899716,3.419224293
31-01-2020,9350.529297,1582.900024,3225.52002,18.84000015,-0.016805049,-0.000378964,-0.017864444,0.195787638,-0.095836132,0.161063827,3.344337601
03-02-2020,9293.521484,1577.199951,3248.919922,17.96999931,-0.00545597,-0.003607531,0.007228426,-0.047278615,-0.100419614,0.169451335,3.277572756
04-02-2020,9180.962891,1550.400024,3297.590088,16.04999924,-0.012185454,-0.017138114,0.014869316,-0.112994861,-0.120442703,0.181107592,3.177265232
05-02-2020,9613.423828,1557.800049,3334.689941,15.14999962,0.046028348,0.004761623,0.011187779,-0.057708295,-0.074905191,0.191628706,3.114371298
06-02-2020,9729.801758,1565.099976,3345.780029,14.96000004,0.012033084,0.004675103,0.003320155,-0.012620532,-0.072900281,0.195616829,3.33998153
07-02-2020,9795.943359,1568.599976,3327.709961,15.47000027,0.006774835,0.002233782,-0.005415491,0.033522707,-0.07363606,0.19031852,3.240038035
10-02-2020,9856.611328,1574.699951,3352.090088,15.03999996,-0.026042506,0.003881261,0.00729969,-0.028189366,-0.08468105,0.169296689,3.142268169
11-02-2020,10208.23633,1565.599976,3357.75,15.18000031,0.035052447,-0.005795625,0.001687049,0.009265476,-0.09631454,0.126920287,3.175316745
12-02-2020,10326.05469,1567.400024,3379.449951,13.73999977,0.011475405,0.00114909,0.006441853,-0.099667522,-0.092092157,0.128174007,3.259038279
13-02-2020,10214.37988,1575.099976,3373.939941,14.14999962,-0.010873763,0.004900536,-0.001631776,0.029403327,-0.087640679,0.125496678,3.169663119
14-02-2020,10312.11621,1582.699951,3380.159912,13.68000031,0.009523015,0.004813472,0.001841836,-0.033779663,-0.08858682,0.137352175,3.10254461
18-02-2020,10141.99609,1600,3370.290039,14.82999992,0.045575692,0.010871411,-0.002924214,0.080717217,-0.087312428,0.159718101,3.031879072
19-02-2020,9633.386719,1607.5,3386.149902,14.38000011,-0.051449984,0.004676548,0.004694748,-0.030813791,-0.106345361,0.142252972,3.270829307
20-02-2020,9608.475586,1616.599976,3373.22998,15.56000042,-0.002589266,0.005644986,-0.003822817,0.078865185,-0.105539158,0.139120305,3.57582657
21-02-2020,9686.441406,1644.599976,3337.75,17.07999992,0.008081532,0.017172015,-0.010573809,0.093204638,-0.123004722,0.095597797,3.427316036
24-02-2020,9650.174805,1672.400024,3225.889893,25.03000069,-0.028031992,0.016762556,-0.034088079,0.382166949,-0.013775449,0.050373009,3.304116029
25-02-2020,9341.705078,1646.900024,3128.209961,27.85000038,-0.032487238,-0.015364987,-0.030747904,0.106757847,0.064460243,0.103084033,3.324747762
26-02-2020,8820.522461,1640,3116.389893,27.55999947,-0.057407688,-0.004198506,-0.003785697,-0.010467553,0.066862429,0.153594643,3.383300817
28-02-2020,8672.455078,1564.099976,2954.219971,40.11000061,-0.012836218,-0.047385679,-0.008272463,0.023969881,0.084348144,0.144611178,3.750022406
02-03-2020,8869.669922,1592.300049,3090.22998,33.41999817,0.03525074,0.017868979,0.045010869,-0.182471227,0.141741977,0.168983792,3.603278462
03-03-2020,8787.786133,1642.099976,3003.370117,36.81999969,-0.009274765,0.030796353,-0.028510485,0.096886699,0.150504542,0.139471283,3.608700804
04-03-2020,8755.246094,1641.099976,3130.120117,31.98999977,-0.003709744,-0.000609162,0.041336349,-0.140617821,0.126949022,0.137510523,3.469735807
05-03-2020,9078.762695,1666.400024,3023.939941,39.61999893,0.036284842,0.015298892,-0.034510782,0.213910668,0.06701402,0.159240635,3.337877983
06-03-2020,9122.545898,1670.800049,2972.370117,41.93999863,0.004811004,0.002636957,-0.017200944,0.056905978,0.061097794,0.170212419,3.402420325
09-03-2020,7923.644531,1674.5,2746.560059,54.45999908,-0.023014293,0.00221203,-0.079010413,0.261226478,0.115043,0.167314627,3.277955237
10-03-2020,7909.729492,1659.099976,2882.22998,47.29999924,-0.001757685,-0.009239341,0.048215052,-0.140956191,0.100241244,0.169207426,3.26247326
11-03-2020,7911.430176,1641.400024,2741.379883,53.90000153,0.000214988,-0.010725721,-0.050102893,0.130620227,0.100344419,0.171120297,3.158555578
12-03-2020,4970.788086,1589.300049,2480.639893,75.47000122,-0.464730175,-0.032255853,-0.099944852,0.336604736,0.536129871,0.421970775,3.068939087
13-03-2020,5563.707031,1515.699951,2711.02002,57.83000183,0.112686222,-0.047416352,0.088808407,-0.266227539,0.565031271,0.251763355,14.97725211
16-03-2020,5014.47998,1485.900024,2386.129883,82.69000244,-0.072645058,-0.019856681,-0.127652197,0.357591001,0.546664709,0.27060968,14.07561439
17-03-2020,5225.629395,1524.900024,2529.189941,75.91000366,0.041245526,0.025908184,0.058226313,-0.085550229,0.550490471,0.281923299,13.02870685
18-03-2020,5238.438477,1477.300049,2398.100098,76.44999695,0.002448204,-0.03171272,-0.053222272,0.007088416,0.543522832,0.273579062,11.93780656
19-03-2020,6191.192871,1478.599976,2409.389893,72,0.167104324,0.000879547,0.004696761,-0.059970773,0.528836939,0.26355767,10.88685545
20-03-2020,6198.77832,1484,2304.919922,66.04000092,0.00122445,0.003645467,-0.044327624,-0.086405486,0.521711357,0.263695174,11.22308838
23-03-2020,6416.314941,1567,2237.399902,61.59000015,0.095783238,0.054421819,-0.029731501,-0.069761111,0.496318876,0.310270934,10.24184978
24-03-2020,6734.803711,1660.199951,2447.330078,61.66999817,0.048444709,0.057775084,0.089683233,0.001298037,0.492370513,0.316970211,9.816780218
25-03-2020,6681.062988,1632.300049,2475.560059,63.95000076,-0.00801156,-0.016947955,0.01146899,0.036303981,0.49118981,0.317212371,9.095239028
26-03-2020,6716.44043,1650.099976,2630.070068,61,0.005281211,0.010845784,0.060543831,-0.047227676,0.479032687,0.316736177,8.330247835
27-03-2020,6469.79834,1623.900024,2541.469971,65.54000092,-0.037413377,-0.016005199,-0.034267846,0.071786793,0.482669552,0.32228722,7.638346507
30-03-2020,6429.841797,1622,2626.649902,57.08000183,0.082268449,-0.001170723,0.032966591,-0.138206833,0.492856773,0.317348918,7.122705359
31-03-2020,6438.644531,1583.400024,2584.590088,53.54000092,0.001368107,-0.024085507,-0.016142311,-0.064024769,0.496193938,0.314558762,7.031102478
01-04-2020,6606.776367,1578.199951,2470.5,57.06000137,0.025777803,-0.003289523,-0.045146363,0.063674315,0.487405744,0.306931222,6.473114349
02-04-2020,6793.624512,1625.699951,2526.899902,50.90999985,0.027888756,0.029653536,0.022572657,-0.114044005,0.488527534,0.304923042,6.023558445
03-04-2020,6733.387207,1633.699951,2488.649902,46.79999924,-0.008906284,0.004908889,-0.015252861,-0.084176178,0.490331068,0.303455888,5.63600032
06-04-2020,7271.78125,1677,2663.679932,45.24000168,0.068384016,0.026159132,0.067968244,-0.033901498,0.501448677,0.316311369,5.240233225
07-04-2020,7176.414551,1664.800049,2659.409912,46.70000076,-0.013201383,-0.007301457,-0.001604339,0.031762493,0.503638699,0.316241623,5.314656813
08-04-2020,7334.098633,1665.400024,2749.97998,43.34999847,0.021734626,0.000360324,0.033489371,-0.074437513,0.504402621,0.315429864,4.966872676
09-04-2020,7302.089355,1736.199951,2789.820068,41.66999817,-0.004373998,0.041633439,0.01438347,-0.039525267,0.503602908,0.299282741,4.681819221
13-04-2020,6845.037598,1744.800049,2761.629883,41.16999817,-0.018247903,0.004941175,-0.010156059,-0.01207161,0.508656181,0.306879034,4.391178815
14-04-2020,6842.427734,1756.699951,2846.060059,37.75999832,-0.000381351,0.006797057,0.03011456,-0.086459494,0.505381464,0.306937393,4.178895903
15-04-2020,6642.109863,1727.199951,2783.360107,40.84000015,-0.029712937,-0.016935449,-0.022276733,0.0784117,0.508345427,0.310742035,3.947589472
16-04-2020,7116.804199,1720.400024,2799.550049,40.11000061,0.069029113,-0.003944736,0.005799838,-0.018036302,0.507458646,0.303017107,3.87252337
17-04-2020,7096.18457,1689.199951,2874.560059,38.15000153,-0.002901521,-0.018301821,0.026440932,-0.050099897,0.50435517,0.301943437,4.251020758
20-04-2020,6881.958496,1701.599976,2823.159912,43.83000183,-0.043707893,0.007313955,-0.018042846,0.138792758,0.50654414,0.297413862,4.012424978
21-04-2020,6880.323242,1678.199951,2736.560059,45.40999985,-0.000237643,-0.013847209,-0.031155115,0.035413786,0.50616203,0.29879568,4.059598513
22-04-2020,7117.20752,1728.699951,2799.310059,41.97999954,0.033849812,0.029647891,0.022671301,-0.078539038,0.508463507,0.303433618,3.843678418
23-04-2020,7429.724609,1733.300049,2797.800049,41.38000107,0.042973347,0.002657481,-0.000539568,-0.014395605,0.511610508,0.302925899,3.795348939
24-04-2020,7550.900879,1723.5,2836.73999,35.93000031,0.016178084,-0.005670027,0.013822091,-0.141225089,0.510952479,0.306093294,3.842989152
27-04-2020,7795.601074,1711.900024,2878.47998,33.29000092,0.014957356,-0.006753228,0.014606868,-0.076315531,0.511350267,0.304320236,3.68455947
28-04-2020,7807.058594,1710.5,2863.389893,33.56999969,0.001468663,-0.000818154,-0.00525617,0.008375723,0.511163314,0.30328836,3.54402593
29-04-2020,8801.038086,1703.400024,2939.51001,31.22999954,0.119841406,-0.004159457,0.026236704,-0.072253645,0.51602066,0.28956835,3.397607209
30-04-2020,8658.553711,1684.199951,2912.429932,34.15000153,-0.016321978,-0.011335623,-0.009255143,0.089383474,0.51720431,0.29099348,4.958779269
01-05-2020,8864.766602,1694.5,2830.709961,37.18999863,0.02353691,0.006097067,-0.028460211,0.08527724,0.514476921,0.290448027,4.664810431
04-05-2020,8912.654297,1706.900024,2842.73999,35.97000122,0.001705272,0.007291162,0.004240823,-0.033354579,0.512978711,0.289333856,4.427182542
05-05-2020,9003.070313,1704.400024,2868.439941,33.61000061,0.010093567,-0.001465717,0.008999935,-0.067861632,0.512880993,0.288870685,4.164029868
06-05-2020,9268.761719,1684.199951,2848.419922,34.11999893,0.029084126,-0.011922512,-0.00700388,0.015060031,0.511689608,0.283811571,3.943544325
07-05-2020,9951.518555,1721.800049,2881.189941,31.44000053,0.071075367,0.022079639,0.011438956,-0.081802707,0.515460893,0.295982955,3.842086452
08-05-2020,9842.666016,1709.900024,2929.800049,27.97999954,-0.010998547,-0.00693538,0.016730795,-0.116591032,0.512688782,0.300076916,4.260981498
11-05-2020,8601.795898,1695.300049,2930.189941,27.56999969,-0.017817357,-0.008575158,0.000133069,-0.014761739,0.51197571,0.301799787,4.03788862
12-05-2020,8804.477539,1704.400024,2870.120117,33.04000092,0.023289396,0.005353412,-0.020713366,0.180990762,0.508996141,0.303200476,3.872342981
13-05-2020,9269.987305,1713.900024,2820,35.27999878,0.051521607,0.005558333,-0.017616997,0.06559722,0.50272138,0.304232789,3.744292659
14-05-2020,9733.72168,1738.099976,2852.5,32.61000061,0.048814308,0.014021059,0.011458918,-0.078697188,0.505471027,0.305500601,3.902186649
15-05-2020,9328.197266,1753.400024,2863.699951,31.88999939,-0.042554541,0.008764226,0.003918675,-0.022326547,0.506760579,0.303768628,3.994962552
18-05-2020,9726.575195,1731.800049,2953.909912,29.29999924,0.005757095,-0.012395416,0.031015209,-0.084704972,0.503709015,0.30328398,4.032775295
19-05-2020,9729.038086,1744.199951,2922.939941,30.53000069,0.00025318,0.007134612,-0.010539748,0.041122339,0.504083974,0.30394876,3.82235935
20-05-2020,9522.981445,1750.599976,2971.610107,27.98999977,-0.021407054,0.003662603,0.016513991,-0.086862534,0.497328927,0.310919446,3.637730226
21-05-2020,9081.761719,1720.5,2948.51001,29.53000069,-0.047439781,-0.017343626,-0.007803968,0.053559424,0.494208524,0.313700826,3.551977941
22-05-2020,9182.577148,1734.599976,2955.449951,28.15999985,0.011039705,0.008161879,0.002350946,-0.047504193,0.495999542,0.312179643,3.736441758
26-05-2020,8835.052734,1704.800049,2991.77002,28.01000023,-0.008103064,-0.017328995,0.012214285,-0.005340928,0.493882203,0.318125644,3.575977292
27-05-2020,9181.017578,1710.300049,3036.129883,27.62000084,0.038410971,0.003220992,0.014718447,-0.014021419,0.494079416,0.315299677,3.438301752
28-05-2020,9525.750977,1713.300049,3029.72998,28.59000015,0.036860715,0.001752542,-0.002110139,0.034516833,0.492726017,0.32810139,3.505396572
29-05-2020,9439.124023,1736.900024,3044.310059,27.51000023,-0.009135579,0.013680565,0.004800794,-0.038507428,0.499702976,0.323884874,3.544043263
01-06-2020,10167.26855,1737.800049,3055.72998,28.22999954,0.071989316,0.000518044,0.003744216,0.025835643,0.50762088,0.318898092,3.414000095
02-06-2020,9529.803711,1725.199951,3080.820068,26.84000015,-0.064749475,-0.007277016,0.008177307,-0.050491908,0.500761973,0.32286425,3.965567252
03-06-2020,9656.717773,1697.800049,3122.870117,25.65999985,0.013229695,-0.016009633,0.013556671,-0.044959965,0.506145291,0.320903294,4.300623586
04-06-2020,9800.636719,1718.900024,3112.350098,25.80999947,0.014793539,0.012351241,-0.003374389,0.00582864,0.515713156,0.320317475,4.070218276
05-06-2020,9665.533203,1676.199951,3193.929932,24.52000046,-0.013881075,-0.025155268,0.025874013,-0.051272863,0.516625524,0.321728951,3.875278837
08-06-2020,9771.489258,1698.300049,3232.389893,25.80999947,0.00129406,0.013098482,0.011969656,0.051272863,0.391866897,0.242893799,3.714916906
09-06-2020,9795.700195,1714.699951,3207.179932,27.56999969,0.002474648,0.00961033,-0.007829743,0.065966221,0.329137301,0.374994752,3.54470977
11-06-2020,9321.78125,1732,3002.100098,40.79000092,-0.057155719,0.010855446,-0.060752693,0.391708762,0.278428368,0.324976848,3.398340032
12-06-2020,9480.84375,1729.300049,3041.310059,36.09000015,0.016919584,-0.00156008,0.012976287,-0.122421153,0.266792269,0.315833694,3.757298231
15-06-2020,9450.702148,1720.300049,3066.590088,34.40000153,0.006785862,-0.005218008,0.008277861,-0.047959214,0.266663805,0.318104091,3.614136426
16-06-2020,9538.024414,1729.599976,3124.73999,33.66999817,0.009197339,0.005391431,0.018784853,-0.02144943,0.301524915,0.370074609,3.461910563
17-06-2020,9480.254883,1729.199951,3113.48999,33.47000122,-0.006075177,-0.000231308,-0.003606796,-0.005957627,0.303942155,0.371194229,3.33604901
18-06-2020,9411.84082,1724.800049,3115.340088,32.93999863,-0.007242644,-0.002547716,0.000594043,-0.015961869,0.384129606,0.285886703,3.228354579
19-06-2020,9288.018555,1745.900024,3097.73999,35.11999893,-0.013243316,0.012159066,-0.005665514,0.064083055,0.363254482,0.237073265,3.139922616
22-06-2020,9648.717773,1756.699951,3117.860107,31.77000046,0.036420399,0.006166825,0.006474093,-0.100248276,0.366700699,0.233601655,3.087856311
23-06-2020,9629.658203,1772.099976,3131.290039,31.37000084,-0.001977301,0.008728249,0.004298169,-0.012670414,0.394178207,0.232132652,3.203632795
24-06-2020,9313.610352,1765.800049,3050.330078,33.84000015,-0.033370923,-0.003561397,-0.026195266,0.07579149,0.387662374,0.213382098,3.108812792
25-06-2020,9264.813477,1762.099976,3083.76001,32.22000122,-0.005253081,-0.002097607,0.010899828,-0.049056124,0.351515461,0.230932784,3.21921185
26-06-2020,9162.917969,1772.5,3009.050049,34.72999954,-0.011059044,0.005884714,-0.024525204,0.075016438,0.357630353,0.228409899,3.127320886
29-06-2020,9190.854492,1774.800049,3053.23999,31.78000069,0.005156697,0.001296789,0.014578888,-0.088766671,0.398097526,0.233235346,3.067711899
30-06-2020,9137.993164,1793,3100.290039,30.43000031,-0.005768118,0.010202427,0.015292349,-0.043408209,0.386580618,0.214103767,2.994096278
01-07-2020,9228.325195,1773.199951,3115.860107,28.62000084,0.009836785,-0.011104398,0.005009564,-0.06132317,0.382635018,0.213359014,2.938675144
02-07-2020,9123.410156,1784,3130.01001,27.68000031,-0.011433925,0.006072238,0.00453097,-0.033395662,0.315363114,0.154533031,2.895241527
06-07-2020,9375.474609,1788.5,3179.719971,27.94000053,0.032690364,0.002519246,0.015756931,0.009349231,0.32088416,0.149177119,2.875704456
07-07-2020,9252.277344,1804.199951,3145.320068,29.43000031,-0.013227475,0.008739973,-0.010877478,0.0519552,0.321022077,0.142723115,2.996199465
08-07-2020,9428.333008,1815.5,3169.939941,28.07999992,0.018849585,0.006243659,0.007796986,-0.046956996,0.328062762,0.183663014,2.96789331
09-07-2020,9277.967773,1799.199951,3152.050049,29.26000023,-0.016076773,-0.009018817,-0.005659591,0.041163827,0.325278014,0.198627464,2.958771118
10-07-2020,9278.807617,1798.199951,3185.040039,27.29000092,9.05E-05,-0.000555957,0.01041181,-0.069701035,0.336735939,0.201635816,2.952282147
13-07-2020,9243.614258,1811,3155.219971,32.18999863,-0.003551358,0.007093041,-0.009406645,0.165135434,0.320201051,0.172117148,2.895001877
14-07-2020,9243.213867,1810.599976,3197.52002,29.52000046,-4.33E-05,-0.00022091,0.013317301,-0.086587787,0.32007371,0.194440419,2.851042952
15-07-2020,9192.836914,1811.400024,3226.560059,27.76000023,-0.005465062,0.000441772,0.009041057,-0.061471871,0.330005122,0.19182861,2.810294769
16-07-2020,9132.227539,1798.699951,3215.570068,28,-0.006614939,-0.007035886,-0.003411915,0.008608366,0.308434206,0.218170218,2.784473102
17-07-2020,9151.392578,1808.300049,3224.72998,25.68000031,0.002096417,0.00532305,0.002844563,-0.086492019,0.31309712,0.215699221,2.766132242
20-07-2020,9164.231445,1815.900024,3251.840088,24.45999908,-0.002352686,0.004194022,0.008371797,-0.048673398,0.296918831,0.183678719,2.739198813
21-07-2020,9374.887695,1842.400024,3257.300049,24.84000015,0.022726572,0.014487857,0.001677629,0.01541617,0.303960523,0.192594546,2.719426678
22-07-2020,9525.363281,1864.099976,3276.02002,24.31999969,0.015923467,0.011709267,0.005730631,-0.021156219,0.301947959,0.20270812,2.781978141
23-07-2020,9581.072266,1889.099976,3235.659912,26.07999992,0.005831453,0.013322162,-0.012396378,0.06986969,0.296590351,0.206783882,2.789631477
24-07-2020,9536.892578,1897.300049,3215.629883,25.84000015,-0.004621806,0.004331336,-0.00620964,-0.009245049,0.298222016,0.20454036,2.762083963
27-07-2020,10990.87305,1931,3239.409912,24.73999977,0.104008666,0.017606155,0.007367929,-0.043502327,0.225050588,0.344493646,2.742487691
28-07-2020,10912.82324,1944.699951,3218.439941,25.44000053,-0.007126663,0.007069695,-0.006494435,0.027901402,0.220846437,0.329420804,4.220497577
29-07-2020,11100.46777,1953.5,3258.439941,24.10000038,0.017048707,0.004514937,0.012351783,-0.054110903,0.257854499,0.327689216,3.992620985
30-07-2020,11111.21387,1942.300049,3246.219971,24.76000023,0.000967607,-0.005749773,-0.003757302,0.027017601,0.258680476,0.329314986,3.816712192
31-07-2020,11323.4668,1962.800049,3271.120117,24.45999908,0.018922423,0.010499187,0.007641236,-0.012190364,0.260074024,0.335418542,3.632677194
03-08-2020,11246.34863,1966,3294.610107,24.28000069,0.017286053,0.001628972,0.007155363,-0.007386098,0.273947503,0.364916732,3.516974626
04-08-2020,11205.89258,2001.199951,3306.51001,23.76000023,-0.003603747,0.017745955,0.003605423,-0.02164949,0.261426544,0.292870152,3.410892415
05-08-2020,11747.02246,2031.099976,3327.77002,22.98999977,0.047160038,0.01483053,0.00640916,-0.032944175,0.27596876,0.310913787,3.287406979
06-08-2020,11779.77344,2051.5,3349.159912,22.64999962,0.002784144,0.009993727,0.006407126,-0.014899494,0.274905877,0.297158214,3.488349176
07-08-2020,11601.47266,2010.099976,3351.280029,22.20999908,-0.015251902,-0.020386773,0.000632829,-0.019617238,0.302598583,0.308390807,3.350090595
10-08-2020,11878.11133,2024.400024,3360.469971,22.12999916,0.017184201,0.007088912,0.002738465,-0.003608481,0.361360057,0.310576841,3.274188952
11-08-2020,11410.52539,1932.599976,3333.689941,24.03000069,-0.040161113,-0.046407138,-0.008001055,0.082368962,0.365026423,0.34783775,3.205257491
12-08-2020,11584.93457,1934.900024,3380.350098,22.28000069,0.015169301,0.001189424,0.013899502,-0.075613632,0.380221493,0.37423908,3.373309721
13-08-2020,11784.1377,1956.699951,3373.429932,22.12999916,0.017048854,0.011203698,-0.002049273,-0.00675533,0.387307516,0.385626304,3.279847567
14-08-2020,11768.87109,1937,3372.850098,22.04999924,-0.001296361,-0.010118971,-0.000171897,-0.003621549,0.389082626,0.38655214,3.209363027
17-08-2020,12254.40234,1985,3381.98999,21.35000038,0.02995176,0.02447853,0.002706178,-0.03226081,0.411073742,0.408615521,3.113000037
18-08-2020,11991.2334,1999.400024,3389.780029,21.51000023,-0.021709415,0.007228234,0.00230074,0.007466196,0.396566369,0.363446888,3.159922907
19-08-2020,11758.2832,1958.699951,3374.850098,22.54000092,-0.019617887,-0.020566185,-0.004414123,0.046773595,0.401295673,0.377999077,3.15539875
20-08-2020,11878.37207,1933.800049,3385.51001,22.71999931,0.010161328,-0.012793959,0.003153655,0.007954014,0.410572195,0.364032626,3.137078058
21-08-2020,11592.48926,1934.599976,3397.159912,22.54000092,-0.024361863,0.00041357,0.0034352,-0.007954014,0.391250974,0.366315547,3.062720908
24-08-2020,11774.5957,1927.699951,3431.280029,22.37000084,0.009364459,-0.003573017,0.009993615,-0.007570736,0.405979641,0.369353982,3.096360805
25-08-2020,11366.13477,1911.800049,3443.620117,22.03000069,-0.035306004,-0.008282325,0.0035899,-0.015315621,0.398183992,0.393035077,3.026256827
26-08-2020,11488.36328,1940.699951,3478.72998,23.27000046,0.010696335,0.015003475,0.010144001,0.054759805,0.421395647,0.426856891,3.175485889
27-08-2020,11323.39746,1921.599976,3484.550049,24.46999931,-0.014463478,-0.009890548,0.001671646,0.050282852,0.473852278,0.427505412,3.09666669
28-08-2020,11542.5,1964.599976,3508.01001,22.95999908,0.019164719,0.02213049,0.006710003,-0.063694318,0.472562549,0.457797303,3.057750921
31-08-2020,11680.82031,1967.599976,3500.310059,26.40999985,-0.002623558,0.001525864,-0.002197375,0.139989189,0.479178336,0.453895677,3.034964621
01-09-2020,11970.47852,1968.199951,3526.649902,26.12000084,0.024495288,0.000304881,0.007496831,-0.011041384,0.52344231,0.441945544,2.967037591
02-09-2020,11414.03418,1934.400024,3580.840088,26.56999969,-0.047599828,-0.017322181,0.01524905,0.017081412,0.462717227,0.478851646,2.996016595
03-09-2020,10245.29688,1927.599976,3455.060059,33.59999847,-0.108024908,-0.00352152,-0.035757594,0.234743273,0.562098496,0.443768334,3.313554524
04-09-2020,10511.81348,1923.900024,3426.959961,30.75,0.025680959,-0.001921305,-0.008166281,-0.088636027,0.498914146,0.482958894,4.703544427
08-09-2020,10131.5166,1933,3331.840088,31.45999908,-0.023223906,0.004718812,-0.028148829,0.022826874,0.500335906,0.480223239,4.471796567
09-09-2020,10242.34766,1944.699951,3398.959961,28.80999947,0.010879836,0.006034498,0.019944761,-0.087994338,0.498091104,0.48556859,4.274388941
10-09-2020,10363.13867,1954.199951,3339.189941,29.70999908,0.011724295,0.004873179,-0.017741246,0.030761128,0.475610962,0.485545359,4.041313655
11-09-2020,10400.91504,1937.800049,3340.969971,26.87000084,0.003638635,-0.008427543,0.00053293,-0.100473205,0.474602925,0.480191448,3.840976386
14-09-2020,10680.83789,1953.099976,3383.540039,25.85000038,0.034003651,0.007864507,0.012661335,-0.038699838,0.48533681,0.482542981,3.654269701
15-09-2020,10796.95117,1956.300049,3401.199951,25.59000015,0.010812511,0.001637118,0.005205786,-0.01010896,0.48325406,0.49468392,3.639428859
16-09-2020,10974.90527,1960.199951,3385.48999,26.04000092,0.016347532,0.001991525,-0.004629647,0.017432196,0.473750849,0.492876639,3.492033268
17-09-2020,10948.99023,1940,3357.01001,26.45999908,-0.002364092,-0.010358511,-0.00844795,0.016000272,0.473867638,0.493959849,3.385519499
18-09-2020,10944.58594,1952.099976,3319.469971,25.82999992,-0.000402337,0.006217731,-0.011245577,-0.02409752,0.445805785,0.490769958,3.264066362
21-09-2020,10462.25977,1901.199951,3281.060059,27.78000069,-0.044493311,-0.026420464,-0.011638564,0.072779758,0.47079353,0.522414657,3.15882407
22-09-2020,10538.45996,1898.599976,3315.570068,26.86000061,0.007256945,-0.00136848,0.010463016,-0.033678148,0.475745817,0.526039162,3.392934322
23-09-2020,10246.18652,1859.900024,3236.919922,28.57999992,-0.028125829,-0.020594024,-0.024007339,0.062068956,0.495241513,0.539202026,3.273228019
24-09-2020,10760.06641,1868.300049,3246.590088,28.51000023,0.048936136,0.004506217,0.002983006,-0.002452259,0.502760097,0.540932854,3.300332758
25-09-2020,10692.7168,1857.699951,3298.459961,26.37999916,-0.00627889,-0.005689815,0.015850439,-0.077648795,0.486255245,0.550988813,3.521732881
28-09-2020,10709.65234,1872.800049,3351.600098,26.19000053,-0.006108227,0.008095526,0.015982192,-0.007228437,0.475456575,0.551452843,3.387276172
29-09-2020,10844.64063,1894.300049,3335.469971,26.27000046,0.012525583,0.01141474,-0.004824283,0.003049942,0.45710083,0.556140646,3.272048493
30-09-2020,10784.49121,1887.5,3363,26.37000084,-0.005561903,-0.003596201,0.008219843,0.003799411,0.447755042,0.565977353,3.184119819
01-10-2020,10619.45215,1908.400024,3380.800049,26.70000076,-0.015421675,0.011012005,0.00527895,0.012436562,0.438080108,0.550508798,3.098284157
02-10-2020,10575.97461,1900.199951,3348.419922,27.62999916,-0.004102545,-0.004306089,-0.009623813,0.034238515,0.433888392,0.547201053,3.064190754
05-10-2020,10793.33984,1912.5,3408.600098,27.95999908,0.011532279,0.006452169,0.017813109,0.011872776,0.437540468,0.548357534,2.99403349
06-10-2020,10604.40625,1901.099976,3360.969971,29.47999954,-0.017659664,-0.005978634,-0.014072064,0.052937167,0.445371241,0.55409254,2.946817613
07-10-2020,10668.96875,1883.599976,3419.439941,28.05999947,0.006069812,-0.009247827,0.017247164,-0.049366996,0.446937682,0.548676132,2.952185132
08-10-2020,10915.68555,1888.599976,3446.830078,26.36000061,0.022861385,0.002650974,0.007978213,-0.062497323,0.456561706,0.548172654,2.898203098
09-10-2020,11064.45801,1919.5,3477.139893,25,0.013537194,0.016228935,0.008755095,-0.052971908,0.457640918,0.547790698,2.927774265
12-10-2020,11555.36328,1922.5,3534.219971,25.06999969,0.014924866,0.001561687,0.01628253,0.002796075,0.460122573,0.547786682,2.899079683
13-10-2020,11425.89941,1888.5,3511.929932,26.06999969,-0.011267026,-0.017843559,-0.006326892,0.039113316,0.466451366,0.550061277,2.88133625
14-10-2020,11429.50684,1901.300049,3488.669922,26.39999962,0.000315673,0.006755025,-0.006645172,0.012578779,0.466952005,0.542849101,2.863443484
15-10-2020,11495.34961,1903.199951,3483.340088,26.96999931,0.005744241,0.000998766,-0.001528924,0.021361116,0.464322046,0.540100784,2.820485763
16-10-2020,11322.12305,1900.800049,3483.810059,27.40999985,-0.015183968,-0.001261778,0.00013491,0.016182793,0.472540079,0.54207431,2.78762614
19-10-2020,11742.03711,1906.400024,3426.919922,29.18000031,0.022276341,0.002941784,-0.016464664,0.062575649,0.441061557,0.544288274,2.806437394
20-10-2020,11916.33496,1910.400024,3443.120117,29.35000038,0.014734827,0.002095997,0.004716195,0.005809006,0.465065485,0.528319486,2.848939503
21-10-2020,12823.68945,1924.599976,3435.560059,28.64999962,0.073384054,0.007405484,-0.002198114,-0.024139129,0.419680471,0.525939071,2.838980508
22-10-2020,12965.8916,1901.099976,3453.48999,28.11000061,0.011027988,-0.012285488,0.005205354,-0.019028023,0.415886137,0.513765976,3.600357644
23-10-2020,12931.53906,1902,3465.389893,27.54999924,-0.00265297,0.000473311,0.003439838,-0.020122899,0.415466598,0.514043472,3.459113499
26-10-2020,13075.24805,1902.699951,3400.969971,32.45999908,0.003376507,0.00036794,-0.018764473,0.164006026,0.399206364,0.50946016,3.327324416
27-10-2020,13654.21875,1908.800049,3390.679932,33.34999847,0.043327559,0.003200894,-0.003030205,0.027049193,0.378940809,0.506401248,3.212710471
28-10-2020,13271.28516,1876.199951,3271.030029,40.27999878,-0.028445849,-0.017226369,-0.035925542,0.188797311,0.403109167,0.533710549,3.381783181
29-10-2020,13437.88281,1865.599976,3310.110107,37.59000015,0.012475103,-0.005665725,0.011876525,-0.069116976,0.401926571,0.511933423,3.392019675
30-10-2020,13546.52246,1877.400024,3269.959961,38.02000046,0.008052076,0.00630515,-0.012203713,0.011374287,0.394538417,0.515588026,3.285678165
02-11-2020,13550.48926,1890.400024,3310.23999,37.13000107,-0.01367823,0.006900606,0.012242951,-0.023687052,0.382928438,0.501871959,3.183404514
03-11-2020,13950.30078,1908.5,3369.159912,35.54999924,0.029078415,0.009529133,0.017642738,-0.043485162,0.396845018,0.50621495,3.126351779
04-11-2020,14133.70703,1894.599976,3443.439941,29.56999969,0.013061445,-0.007309872,0.021807526,-0.184179811,0.391804415,0.469667233,3.163093947
05-11-2020,15579.84863,1945.300049,3510.449951,27.57999992,0.097415811,0.02640851,0.019273266,-0.069669454,0.423298826,0.539104343,3.094098267
06-11-2020,15565.88086,1950.300049,3509.439941,24.86000061,-0.00089693,0.002567,-0.000287757,-0.103830759,0.42600441,0.535708693,4.266787681
09-11-2020,15332.31543,1853.199951,3550.5,25.75,-0.0095582,-0.051069384,0.011631975,0.035174516,0.416723217,0.48567722,4.024513348
10-11-2020,15290.90234,1875.400024,3545.530029,24.79999924,-0.002704687,0.011908135,-0.001400775,-0.037591005,0.418005818,0.465518253,3.828588241
11-11-2020,15701.33984,1860.699951,3572.659912,23.45000076,0.026488016,-0.007869248,0.007622728,-0.055973095,0.426080144,0.46844937,3.645290934
12-11-2020,16276.34375,1872.599976,3537.01001,25.35000038,0.035966701,0.006375092,-0.010028652,0.077908218,0.401224809,0.464242504,3.572531651
13-11-2020,16317.80859,1885.699951,3585.149902,23.10000038,0.002544313,0.006971252,0.013518547,-0.092946111,0.396970823,0.470055366,3.590197825
16-11-2020,16716.11133,1887.300049,3626.909912,22.45000076,0.046563899,0.000848183,0.011580735,-0.028541986,0.413512113,0.469468844,3.437446411
17-11-2020,17645.40625,1884.5,3609.530029,22.70999908,0.054102476,-0.001484728,-0.004803444,0.011514668,0.39171891,0.45705345,3.597997926
18-11-2020,17804.00586,1873.5,3567.790039,23.84000015,0.008948,-0.005854194,-0.011631211,0.048559533,0.39950592,0.448851399,3.821697024
19-11-2020,17817.08984,1861.099976,3581.870117,23.11000061,0.00073462,-0.006640642,0.003938676,-0.031099398,0.39838583,0.453067247,3.644552756
20-11-2020,18621.31445,1872.599976,3557.540039,23.70000076,0.044148763,0.006160129,-0.006815737,0.02520963,0.383641221,0.452586338,3.48413223
23-11-2020,18364.12109,1837.800049,3577.590088,22.65999985,-0.000320185,-0.018758596,0.005620108,-0.044873831,0.379245578,0.452126079,3.60577115
24-11-2020,19107.46484,1804.800049,3635.409912,21.63999939,0.039680268,-0.018119421,0.016032459,-0.046057823,0.391523207,0.415348409,3.451138129
25-11-2020,18732.12109,1805.699951,3629.649902,21.25,-0.019839332,0.000498492,-0.001585675,-0.01818653,0.388107876,0.409485108,3.529179984
27-11-2020,17108.40234,1781.900024,3638.350098,20.84000015,-0.002464794,-0.013268077,0.002394111,-0.019482671,0.438032498,0.386221598,3.45071707
30-11-2020,19625.83594,1775.699951,3621.629883,20.56999969,0.076663152,-0.003485541,-0.004606141,-0.013040535,0.282491801,0.406436569,3.319912894
01-12-2020,18802.99805,1814.099976,3662.449951,20.77000046,-0.042830531,0.02139478,0.011208141,0.009675971,0.253293463,0.319386612,3.984835128
02-12-2020,19201.0918,1825.699951,3669.01001,21.17000008,0.020950814,0.006373985,0.001789565,0.019075429,0.217298978,0.337051082,4.027518426
03-12-2020,19445.39844,1836.800049,3666.719971,21.28000069,0.012643316,0.006061505,-0.000624352,0.005182608,0.221158088,0.337683625,3.864351525
04-12-2020,18699.76563,1835.900024,3699.120117,20.79000092,-0.039099468,-0.000490116,0.008797464,-0.023295551,0.201620365,0.327196709,3.690651491
07-12-2020,19191.63086,1861.800049,3691.959961,21.29999924,-0.007965957,0.01400895,-0.001937513,0.024234891,0.203860447,0.307361947,3.748101084
08-12-2020,18321.14453,1870.800049,3702.25,20.68000031,-0.04641846,0.004822385,0.002783271,-0.029539972,0.182164136,0.274149214,3.585684263
09-12-2020,18553.91602,1834.599976,3672.820068,22.27000046,0.012625041,-0.019539712,-0.007980965,0.074073437,0.178688966,0.264532083,3.749811048
10-12-2020,18264.99219,1833.599976,3668.100098,22.52000046,-0.01569464,-0.000545227,-0.001285935,0.011163322,0.183787902,0.261412814,3.592011354
11-12-2020,18058.9043,1839.800049,3663.459961,23.30999947,-0.011347357,0.003375662,-0.001265798,0.034478607,0.181844385,0.253088262,3.481054267
14-12-2020,19246.64453,1828.699951,3647.48999,24.71999931,0.005431863,-0.006051591,-0.004368788,0.058730175,0.17879342,0.256993619,3.36785873
15-12-2020,19417.07617,1852.300049,3694.620117,22.88999939,0.008816158,0.012822831,0.012838482,-0.076912498,0.147326411,0.202942331,3.249130497
16-12-2020,21310.59766,1856.099976,3701.169922,22.5,0.093051598,0.002049363,0.001771226,-0.017184798,0.137976965,0.1984591,3.154043273
17-12-2020,22805.16211,1887.199951,3722.47998,21.93000031,0.067782427,0.016616724,0.005741143,-0.025659733,0.100287051,0.204139781,4.207484862
18-12-2020,23137.96094,1885.699951,3709.409912,21.56999969,0.014487681,-0.000795144,-0.003517297,-0.01655213,0.099030736,0.199104181,4.487078216
21-12-2020,22803.08203,1879.199951,3694.919922,25.15999985,-0.029138077,-0.00345295,-0.003913928,0.15395198,0.12375465,0.199048924,4.236320125
22-12-2020,23783.0293,1866.599976,3687.26001,24.22999954,0.042076568,-0.006727547,-0.002075245,-0.03766391,0.131360907,0.194562498,4.111747769
23-12-2020,23241.3457,1874.699951,3690.01001,23.30999947,-0.023039437,0.00433004,0.000745533,-0.038709086,0.13242919,0.185899087,4.093305973
24-12-2020,23735.94922,1879.900024,3703.060059,21.53000069,0.021057909,0.002769976,0.00353035,-0.079435087,0.13978373,0.184863176,3.948755118
28-12-2020,27084.80859,1877.199951,3735.360107,21.70000076,0.030458043,-0.001437318,0.008684708,0.007864952,0.152042045,0.200362318,3.797390769
29-12-2020,27362.4375,1879.699951,3727.040039,23.07999992,0.010198176,0.001330885,-0.002229865,0.061654143,0.144317373,0.197672535,3.729249537
30-12-2020,28840.95313,1891,3732.040039,22.77000046,0.052625182,0.005993626,0.001340648,-0.013522538,0.145513982,0.206997111,3.56765497
31-12-2020,29001.7207,1893.099976,3756.070068,22.75,0.005558802,0.001109894,0.006418205,-0.000878755,0.120736835,0.199986623,3.778156814
04-01-2021,31971.91406,1944.699951,3700.649902,26.96999931,-0.025022467,0.026892014,-0.014864763,0.170159966,0.158931431,0.140689615,3.601604079
05-01-2021,33992.42969,1952.699951,3726.860107,25.34000015,0.061280012,0.004105307,0.007057631,-0.062340931,0.16732166,0.144693421,3.546568385
06-01-2021,36824.36328,1906.900024,3748.139893,25.06999969,0.080021828,-0.023734106,0.005693603,-0.010712281,0.177146847,0.070467082,3.886192049
07-01-2021,39371.04297,1912.300049,3803.790039,22.37000084,0.066870924,0.002827832,0.01473826,-0.113951087,0.209629105,0.075295337,4.444079289
08-01-2021,40797.60938,1834.099976,3824.679932,21.55999947,0.03559289,-0.041752847,0.005476837,-0.036881092,0.204523905,0.020103998,4.658324701
11-01-2021,35566.65625,1849.599976,3799.610107,24.07999992,-0.075513901,0.008415502,-0.006576328,0.110541896,0.22208977,-0.006511301,4.496806855
12-01-2021,33922.96094,1842.900024,3801.189941,23.32999992,-0.047316478,-0.003628955,0.000415702,-0.031641535,0.218528025,0.000992666,4.870701436
13-01-2021,37316.35938,1853.599976,3809.840088,22.20999908,0.095339721,0.00578925,0.002273056,-0.049197486,0.212204519,0.017369858,4.805493506
14-01-2021,39187.32813,1850.300049,3795.540039,23.25,0.048921613,-0.001781866,-0.003760513,0.045762535,0.213429131,0.015089738,5.380006231
15-01-2021,36825.36719,1829.300049,3768.25,24.34000015,-0.062166499,-0.011414408,-0.007216001,0.045815962,0.235477448,0.042099484,5.221332236
19-01-2021,36069.80469,1839.5,3798.909912,23.23999977,-0.015413523,0.005560389,0.008103458,-0.046246172,0.239679961,0.020585446,5.259295549
20-01-2021,35547.75,1865.900024,3851.850098,21.57999992,-0.014579217,0.014249728,0.013839417,-0.074107966,0.221258463,0.00585997,4.92515053
21-01-2021,30825.69922,1865.300049,3853.070068,21.31999969,-0.142528131,-0.000321599,0.000316673,-0.012121371,0.206369018,0.005559108,4.62907911
22-01-2021,33005.76172,1855.699951,3841.469971,21.90999985,0.068333411,-0.005159967,-0.003015153,0.027297562,0.193072982,-0.00220509,6.276282082
25-01-2021,32366.39258,1854.900024,3855.360107,23.19000053,0.002382269,-0.000431158,0.003609318,0.056778028,0.200255521,-0.005567622,6.169385407
26-01-2021,32569.84961,1850.699951,3849.620117,23.02000046,0.006266383,-0.00226688,-0.001489943,-0.007357751,0.164085471,-0.025326872,5.704188157
27-01-2021,30432.54688,1844.900024,3750.77002,37.20999908,-0.067874345,-0.003138831,-0.026013315,0.480214095,0.241953985,-0.017803075,5.292689954
28-01-2021,33466.09766,1837.900024,3787.379883,30.20999908,0.09502026,-0.00380146,0.009713299,-0.208404553,0.263421966,-0.025027299,5.387947169
29-01-2021,34316.38672,1847.300049,3714.23999,33.09000015,0.025090071,0.005101511,-0.019500378,0.091058161,0.253072171,-0.017833624,5.811436924
01-02-2021,33537.17578,1860.800049,3773.860107,30.23999977,0.012687542,0.007281389,0.0159243,-0.090065583,0.244159764,-0.022490932,5.436827739
02-02-2021,35510.28906,1830.5,3826.310059,25.55999947,0.057167939,-0.016417375,0.013802529,-0.168136935,0.270816275,-0.041618343,5.065794727
03-02-2021,37472.08984,1832.199951,3830.169922,22.90999985,0.053773898,0.00092825,0.001008261,-0.109455119,0.219859197,-0.109762288,5.040146158
04-02-2021,36926.06641,1788.900024,3871.73999,21.77000046,-0.014678677,-0.023916484,0.010794848,-0.051040594,0.205385976,-0.087879241,4.982621261
05-02-2021,38144.30859,1810.900024,3886.830078,20.87000084,0.032458853,0.012223053,0.00388992,-0.042220135,0.219567165,-0.127890637,4.67977535
08-02-2021,46196.46484,1831.900024,3915.590088,21.23999977,0.171820562,0.01152972,0.007372107,0.017573424,0.234282711,-0.054586217,4.492661361
09-02-2021,46481.10547,1835.300049,3911.22998,21.62999916,0.006142619,0.00185429,-0.001114145,0.018195016,0.233481168,-0.052916474,6.824380628
10-02-2021,44918.18359,1840.599976,3909.879883,21.98999977,-0.034203203,0.00288361,-0.000345245,0.016506593,0.249455912,-0.061450158,6.290061806
11-02-2021,47909.33203,1824.900024,3916.379883,21.25,0.064467616,-0.008566388,0.001661075,-0.034230899,0.258106457,-0.070235755,5.919124329
12-02-2021,47504.85156,1821.599976,3934.830078,19.96999931,-0.008478465,-0.001809982,0.004699971,-0.062125782,0.245001353,-0.070824085,5.829084255
16-02-2021,49199.87109,1797.199951,3932.590088,21.45999908,0.025835261,-0.013485351,-0.000569435,0.071959581,0.256741032,-0.073903472,5.410528233
17-02-2021,52149.00781,1771.099976,3931.330078,21.5,0.058214152,-0.014629062,-0.000320453,0.001862241,0.254537311,-0.090926517,5.088304782
18-02-2021,51679.79688,1773.400024,3913.969971,22.48999977,-0.009038227,0.001297813,-0.004425614,0.045017821,0.260582308,-0.094776729,5.070284936
19-02-2021,55888.13281,1775.800049,3906.709961,22.04999924,0.078285135,0.001352431,-0.001856619,-0.019758189,0.261231678,-0.095959429,4.740964355
22-02-2021,54207.32031,1806.699951,3876.5,23.45000076,-0.059663447,0.017250897,-0.007762893,0.06155796,0.285250565,-0.13949849,5.055014184
23-02-2021,48824.42578,1804.400024,3881.370117,23.11000061,-0.104585245,-0.00127381,0.00125553,-0.014605077,0.266358051,-0.119910063,5.093496351
24-02-2021,49705.33203,1796.400024,3925.429932,21.34000015,0.017881496,-0.004443464,0.011287668,-0.079682198,0.26238412,-0.120337075,5.8058105
25-02-2021,47093.85156,1774.400024,3829.340088,28.88999939,-0.053969759,-0.012322324,-0.024783394,0.30291224,0.301105277,-0.102139625,5.405499932
26-02-2021,46339.76172,1728.099976,3811.149902,27.95000076,-0.016142075,-0.026439826,-0.004761532,-0.033078266,0.32311434,-0.074519018,5.320163333
01-03-2021,49631.24219,1722.5,3901.820068,23.35000038,0.09490116,-0.003245801,0.023512173,-0.179820226,0.390563296,-0.049560303,4.981177721
02-03-2021,48378.98828,1733.099976,3870.290039,24.10000038,-0.025554925,0.006134974,-0.008113679,0.031614856,0.397197748,-0.058240303,5.502590502
03-03-2021,50538.24219,1715.300049,3819.719971,26.67000008,0.043664728,-0.010323677,-0.013152336,0.101327485,0.373236793,-0.066121186,5.182074453
04-03-2021,48561.16797,1700.199951,3768.469971,28.56999969,-0.039906122,-0.008842158,-0.013508038,0.068817865,0.406725513,-0.05428604,5.007434743
05-03-2021,48927.30469,1698,3841.939941,24.65999985,0.00751142,-0.001294775,0.019308356,-0.147174714,0.38944454,-0.046800195,4.852068231
08-03-2021,52246.52344,1677.699951,3821.350098,25.46999931,0.020103137,-0.012027309,-0.005373643,0.03231877,0.39492193,-0.03862126,4.541019375
09-03-2021,54824.11719,1716.599976,3875.439941,24.03000069,0.04815684,0.022921797,0.014055401,-0.058198184,0.404426573,-0.01572452,4.303877041
10-03-2021,56008.55078,1721.5,3898.810059,22.55999947,0.02137418,0.002850428,0.006012204,-0.063124675,0.40365793,-0.014562225,4.314170613
11-03-2021,57805.12109,1722.300049,3939.340088,21.90999985,0.031573,0.000464631,0.010341826,-0.029235256,0.404187546,-0.010763609,4.113173313
12-03-2021,57332.08984,1719.5,3943.340088,20.69000053,-0.008216873,-0.001627084,0.001014883,-0.057292629,0.403244626,-0.011712466,4.003623626
15-03-2021,55907.19922,1728.900024,3968.939941,20.03000069,-0.058955208,0.005451831,0.00647094,-0.032419334,0.390969983,-0.022401326,3.806899379
16-03-2021,56804.90234,1730.599976,3962.709961,19.79000092,0.015929472,0.000982773,-0.001570917,-0.012054378,0.395985455,-0.029635731,4.093038422
17-03-2021,58870.89453,1726.800049,3974.120117,19.22999954,0.035724187,-0.002198142,0.002875245,-0.02870527,0.39252977,-0.058973415,3.899025665
18-03-2021,57858.92188,1732.199951,3915.459961,21.57999992,-0.017339152,0.003122236,-0.01487056,0.11529542,0.398666148,-0.062516792,3.857614792
19-03-2021,58346.65234,1741.400024,3913.100098,20.95000076,0.008394319,0.005297153,-0.000602886,-0.029628274,0.395151203,-0.065715633,3.715540991
22-03-2021,54529.14453,1737.800049,3940.590088,18.87999916,-0.053456881,-0.002069428,0.007000557,-0.104035567,0.381307575,-0.05902249,3.551927363
23-03-2021,54738.94531,1724.699951,3910.52002,20.29999924,0.003840115,-0.00756688,-0.007660118,0.072517732,0.381601943,-0.052666705,3.818356742
24-03-2021,52774.26563,1732.900024,3889.139893,21.20000076,-0.036551758,0.004743226,-0.005482337,0.043380369,0.386732481,-0.061450325,3.634826852
25-03-2021,51704.16016,1724.900024,3909.52002,19.80999947,-0.020485433,-0.004627228,0.005226583,-0.067814384,0.378274668,-0.058598011,3.676028641
26-03-2021,55137.3125,1732.199951,3974.540039,18.86000061,0.064288419,0.004223157,0.016494419,-0.049143524,0.393798125,-0.049677816,3.578573243
29-03-2021,57750.19922,1712.099976,3971.090088,20.73999977,0.031655029,-0.011671576,-0.00086839,0.095020882,0.393522037,-0.064512151,3.956732068
30-03-2021,58917.69141,1683.900024,3958.550049,19.61000061,0.02001461,-0.016608127,-0.003162829,-0.05602452,0.393292007,-0.067326196,3.872287221
31-03-2021,58918.83203,1713.800049,3972.889893,19.39999962,1.94E-05,0.01760061,0.003615954,-0.010766625,0.384496088,-0.046773001,3.726718529
01-04-2021,59095.80859,1726.5,4019.870117,17.32999992,0.002999233,0.007383082,0.01175583,-0.112833947,0.373078046,-0.057677712,3.555184028
05-04-2021,59057.87891,1727,4077.909912,17.90999985,0.005081207,0.000289561,0.014334988,0.032920108,0.362545728,-0.014997666,3.407527931
06-04-2021,58192.35938,1741.5,4073.939941,18.12000084,-0.014763898,0.008361012,-0.000974005,0.011657139,0.347189016,-0.029339989,3.282603066
07-04-2021,56048.9375,1740.099976,4079.949951,17.15999985,-0.037528871,-0.000804242,0.001474146,-0.054435262,0.342013706,0.005940634,3.21494595
08-04-2021,58323.95313,1756.800049,4097.169922,16.95000076,0.039787676,0.009551431,0.004211751,-0.012313206,0.33189136,0.043830227,3.349641711
09-04-2021,58245.00391,1743.300049,4128.799805,16.69000053,-0.00135455,-0.007714103,0.007690288,-0.015458109,0.330229671,0.041061499,3.448915782
12-04-2021,59893.45313,1731.199951,4127.990234,16.90999985,-0.005187619,-0.006965115,-0.000196098,0.013095384,0.336318536,0.023666407,3.317249296
13-04-2021,63503.45703,1746.199951,4141.589844,16.64999962,0.058527143,0.008627189,0.003289072,-0.01549496,0.346687197,0.041917522,3.210421223
14-04-2021,63109.69531,1734.900024,4124.660156,16.98999977,-0.006219938,-0.006492182,-0.004096104,0.020214729,0.335229288,0.019637779,3.59359333
15-04-2021,63314.01172,1765.400024,4170.419922,16.56999969,0.003232251,0.017427519,0.011033101,-0.025031109,0.338205653,0.021358854,3.448718725
16-04-2021,61572.78906,1779,4185.470215,16.25,-0.027886622,0.007674101,0.003602323,-0.019500904,0.348781341,0.022858817,3.31634559
19-04-2021,55724.26563,1769.400024,4163.259766,17.29000092,-0.008788979,-0.005410889,-0.00532069,0.062035444,0.376340465,0.030866189,3.333484775
20-04-2021,56473.03125,1777.300049,4134.939941,18.68000031,0.013347501,0.004454866,-0.006825561,0.077325096,0.388479726,0.04193776,3.233589011
21-04-2021,53906.08984,1792.300049,4173.419922,17.5,-0.046519746,0.008404352,0.009263021,-0.065252568,0.365814202,0.022250234,3.154570272
22-04-2021,51762.27344,1781.199951,4134.97998,18.70999908,-0.040581884,-0.006212471,-0.009253338,0.06685721,0.377771006,0.032057406,3.417391602
23-04-2021,51093.65234,1777,4180.169922,17.32999992,-0.013001303,-0.002360718,0.01086941,-0.076618992,0.318969209,0.026878192,3.545511558
26-04-2021,54021.75391,1779.199951,4187.620117,17.63999939,0.097479707,0.001237248,0.001780685,0.017729917,0.292842419,0.043678059,3.429294466
27-04-2021,55033.11719,1778,4186.720215,17.55999947,0.018548319,-0.000674661,-0.000214919,-0.004545458,0.320937473,0.040165601,4.474115109
28-04-2021,54824.70313,1773.199951,4183.180176,17.28000069,-0.003794255,-0.002703341,-0.000845898,-0.016073755,0.326222166,0.039904678,4.239319269
29-04-2021,53555.10938,1768.099976,4211.470215,17.61000061,-0.023429674,-0.002880286,0.006740042,0.018917154,0.299548204,0.074754075,4.003286152
30-04-2021,57750.17578,1767.300049,4181.169922,18.61000061,0.075415188,-0.000452524,-0.007220713,0.055232146,0.269242311,0.071581391,3.874501994
03-05-2021,57200.29297,1791.400024,4192.660156,18.30999947,0.010001102,0.013544465,0.002744322,-0.016251774,0.28157328,0.054677976,4.356503894
04-05-2021,53333.53906,1775.800049,4164.660156,19.47999954,-0.069993636,-0.008746398,-0.006700737,0.061940945,0.29681099,0.067644015,4.110966333
05-05-2021,57424.00781,1784.099976,4167.589844,19.14999962,0.073897086,0.00466302,0.000703216,-0.017085579,0.27917768,0.001879507,4.4919461
06-05-2021,56396.51563,1815.5,4201.620117,18.38999939,-0.018055094,0.017446839,0.008132299,-0.04049569,0.270159742,-0.015409371,4.797039778
07-05-2021,57356.40234,1831.099976,4232.600098,16.69000053,0.016877097,0.008555954,0.007346291,-0.096997236,0.271548352,-0.005574348,4.530517731
10-05-2021,55859.79688,1837.5,4188.430176,19.65999985,-0.041595541,0.003489086,-0.010490481,0.163776337,0.292977928,0.010383387,4.282073631
11-05-2021,56704.57422,1835.900024,4152.100098,21.84000015,0.015009957,-0.000871114,-0.00871175,0.105157051,0.287031396,0.008878122,4.258737526
12-05-2021,49150.53516,1822.599976,4063.040039,27.59000015,-0.142967147,-0.007270798,-0.021682782,0.233710236,0.379435448,0.065617468,4.039324914
13-05-2021,49716.19141,1823.800049,4112.5,23.12999916,0.011442928,0.000658224,0.012099645,-0.176322954,0.387297101,0.105132284,5.942110726
14-05-2021,49880.53516,1837.900024,4173.850098,18.80999947,0.003300187,0.007701365,0.014807779,-0.206741825,0.381605856,0.105946464,5.510839811
17-05-2021,43537.51172,1867.5,4163.290039,19.71999931,-0.064883984,0.015977009,-0.002533258,0.047244699,0.403509029,0.062093964,5.119378454
18-05-2021,42909.40234,1867.800049,4127.830078,21.34000015,-0.014531934,0.000160656,-0.008553772,0.078949939,0.392963393,0.106276562,5.209830267
19-05-2021,37002.44141,1881.300049,4115.680176,22.18000031,-0.148107076,0.007201759,-0.002947752,0.038607743,0.398003926,0.053541624,4.878735332
20-05-2021,40782.73828,1881.800049,4159.120117,20.67000008,0.097275016,0.000265738,0.010499429,-0.070507618,0.411628627,0.053973039,6.555052953
21-05-2021,37304.69141,1876.699951,4155.859863,20.14999962,-0.089139817,-0.002713902,-0.000784188,-0.025479108,0.385243231,0.038846184,6.757998255
24-05-2021,38705.98047,1884.599976,4197.049805,18.39999962,0.107222437,0.004200695,0.009862497,-0.090853626,0.399086181,0.036647374,6.851064292
25-05-2021,38402.22266,1898.099976,4188.129883,18.84000015,-0.007878783,0.007137789,-0.002127545,0.023631633,0.349466211,0.055670134,7.136101134
26-05-2021,39294.19922,1901.300049,4195.990234,17.36000061,0.022961566,0.001684515,0.001875058,-0.081813533,0.344273734,0.060770298,6.57361953
27-05-2021,38436.96875,1895.699951,4200.879883,16.73999977,-0.022057181,-0.002949751,0.001164636,-0.036367693,0.383028938,0.089966792,6.102044573
28-05-2021,35697.60547,1902.5,4204.109863,16.76000023,-0.073936112,0.003580673,0.000768586,0.001194057,0.367404131,0.066533459,5.692571871
01-06-2021,36684.92578,1902.900024,4202.040039,17.89999962,-0.017507854,0.00021024,-0.000492455,0.065805583,0.376478725,0.069097525,5.789276968
02-06-2021,37575.17969,1907.5,4208.120117,17.47999954,0.023977789,0.002414433,0.001445889,-0.023743347,0.385749623,0.08609526,5.399256593
03-06-2021,39208.76563,1871.199951,4192.850098,18.04000092,0.042556617,-0.019213574,-0.003635303,0.031534221,0.354201027,-0.006166283,5.069939887
04-06-2021,36894.40625,1889.800049,4229.890137,16.42000008,-0.060840387,0.009891119,0.008795303,-0.094091457,0.324580072,-0.029164289,4.902712476
08-06-2021,33472.63281,1892.199951,4227.259766,17.06999969,-0.002627775,-0.002428134,0.00017501,0.03882241,0.314963679,-0.027821573,4.983893084
09-06-2021,37345.12109,1893.199951,4219.549805,17.88999939,0.109474102,0.000528346,-0.001825533,0.046919344,0.286547342,-0.032173171,4.654981078
10-06-2021,36702.59766,1894.199951,4239.180176,16.10000038,-0.017354743,0.000528067,0.004641455,-0.105422568,0.301126453,-0.022161356,5.531671802
11-06-2021,37334.39844,1877.400024,4247.439941,15.64999962,0.017067578,-0.008908706,0.001946539,-0.028348403,0.304238169,-0.029940912,5.17159902
14-06-2021,40218.47656,1864,4255.149902,16.38999939,0.028258788,-0.007163138,0.001813556,0.046200463,0.302853518,-0.035063102,4.843793385
15-06-2021,40406.26953,1854.5,4246.589844,17.02000046,0.004658453,-0.005109598,-0.00201372,0.037717795,0.302727022,-0.035367467,4.607548772
16-06-2021,38347.0625,1859.5,4223.700195,18.14999962,-0.052307032,0.002692516,-0.005404704,0.06428139,0.314702555,-0.040542738,4.323265738
17-06-2021,38053.50391,1773.800049,4221.859863,17.75,-0.007684761,-0.047183469,-0.000435811,-0.022285024,0.333029142,-0.028156749,4.410965096
18-06-2021,35787.24609,1767.900024,4166.450195,20.70000076,-0.061401591,-0.00333175,-0.013211356,0.153748221,0.363024364,-0.019191354,4.159836153
21-06-2021,31676.69336,1781.800049,4224.790039,17.88999939,-0.119521796,0.007831701,0.013905164,-0.145891874,0.271652485,-0.041292664,4.400746304
22-06-2021,32505.66016,1776.300049,4246.439941,16.65999985,0.025833048,-0.00309154,0.005111406,-0.071231236,0.278571299,-0.047220097,5.626138067
23-06-2021,33723.02734,1782.300049,4241.839844,16.31999969,0.036766675,0.003372116,-0.001083871,-0.020619297,0.241000082,-0.052131301,5.277281059
24-06-2021,34662.4375,1775.599976,4266.490234,15.97000027,0.0274757,-0.003766312,0.00579443,-0.021679352,0.25022743,-0.042996818,5.036326845
25-06-2021,31637.7793,1776.599976,4280.700195,15.61999989,-0.091304654,0.000563031,0.003325063,-0.022159842,0.242992617,-0.028723824,4.770170977
28-06-2021,34434.33594,1779.599976,4290.609863,15.76000023,-0.006233262,0.001687195,0.002312289,0.008922962,0.242568738,-0.032999773,5.335302248
29-06-2021,35867.77734,1762.800049,4291.799805,16.02000046,0.040785121,-0.009485125,0.000277298,0.016362871,0.239577115,-0.050036881,4.969534418
30-06-2021,35040.83594,1770.800049,4297.5,15.82999992,-0.023325203,0.004527968,0.001327278,-0.011931101,0.240172579,-0.052358429,4.802671488
01-07-2021,33572.11719,1775.900024,4319.939941,15.47999954,-0.042818246,0.002875901,0.005208041,-0.02235803,0.230899675,-0.053304197,4.560875947
02-07-2021,33897.04688,1782.599976,4352.339844,15.06999969,0.009632021,0.003765609,0.007472096,-0.026842846,0.234847531,-0.052707223,4.502476676
06-07-2021,34235.19531,1793.5,4343.540039,16.44000053,0.01439221,0.006096059,-0.002023903,0.08701143,0.226653805,-0.063456706,4.237748536
07-07-2021,33855.32813,1801.5,4358.129883,16.20000076,-0.011157827,0.004450633,0.003353347,-0.014706133,0.226235099,-0.063117921,4.019097768
08-07-2021,32877.37109,1799.599976,4320.819824,19,-0.029311779,-0.001055247,-0.008597881,0.15942769,0.232096613,-0.061802722,3.828803882
09-07-2021,33798.01172,1810,4369.549805,16.18000031,0.027617363,0.005762441,0.011214826,-0.160663049,0.238927854,-0.0745384,3.769797171
12-07-2021,33155.84766,1805.5,4384.629883,16.17000008,-0.032180926,-0.002489284,0.003445233,-0.000618252,0.236838956,-0.0718171,3.685138699
13-07-2021,32702.02539,1809.400024,4369.209961,17.12000084,-0.013782086,0.00215775,-0.003523011,0.057089741,0.236470622,-0.080970495,3.675039234
14-07-2021,32822.34766,1824.300049,4374.299805,16.32999992,0.0036726,0.008201066,0.001164257,-0.047243517,0.239777368,-0.072575323,3.543020476
15-07-2021,31780.73047,1828.400024,4360.029785,17.01000023,-0.032249468,0.002244902,-0.003267574,0.040797518,0.244394493,-0.074530256,3.397447982
16-07-2021,31421.53906,1814.5,4327.160156,18.45000076,-0.011366531,-0.007631333,-0.007567415,0.081262992,0.252802376,-0.07635694,3.439926115
19-07-2021,30817.83203,1808.699951,4258.490234,22.5,-0.031272503,-0.003201619,-0.015996781,0.198450897,0.276600312,-0.062969646,3.332961371
20-07-2021,29807.34766,1810.900024,4323.060059,19.72999954,-0.033338556,0.001215645,0.015048806,-0.131375012,0.242216851,-0.071745991,3.378083329
21-07-2021,32110.69336,1802.900024,4358.689941,17.90999985,0.074434172,-0.00442748,0.008208042,-0.096781089,0.267916273,-0.084042702,3.434973356
22-07-2021,32313.10547,1805,4367.47998,17.69000053,0.006283789,0.001164099,0.002014639,-0.012359669,0.272287249,-0.090253179,4.0238713
23-07-2021,33581.55078,1801.400024,4411.790039,17.20000076,0.038503942,-0.001996438,0.010094332,-0.02809011,0.287157464,-0.092632192,3.815248346
26-07-2021,37337.53516,1798.699951,4422.299805,17.57999992,0.054695429,-0.001499999,0.002379367,0.02185246,0.288106079,-0.09498944,3.813853744
27-07-2021,39406.94141,1799.5,4401.459961,19.36000061,0.053942853,0.000444694,-0.004723583,0.096447225,0.275823507,-0.095590344,3.998077892
29-07-2021,40008.42188,1831.199951,4419.149902,17.70000076,0.000312874,0.017462614,0.004197332,-0.033882647,0.3129755,-0.088393124,4.134072653
30-07-2021,42235.54688,1812.599976,4395.259766,18.23999977,0.054172231,-0.010209198,-0.005420714,0.030052289,0.290571985,-0.117700338,3.908278481
02-08-2021,39201.94531,1818.099976,4387.160156,19.45999908,-0.019525249,0.003029721,-0.001844506,0.064744058,0.276706541,-0.142012032,4.065707868
03-08-2021,38152.98047,1810.099976,4423.149902,18.04000092,-0.027122491,-0.004409907,0.008169961,-0.075769464,0.273459983,-0.153648788,3.904972713
04-08-2021,39747.50391,1810.5,4402.660156,17.96999931,0.040943165,0.000220971,-0.004643151,-0.003887903,0.264950764,-0.149792787,3.816737866
05-08-2021,40869.55469,1805.099976,4429.100098,17.28000069,0.027838357,-0.002987072,0.005987486,-0.039153859,0.266294117,-0.161511135,3.839234987
06-08-2021,42816.5,1760,4436.52002,16.14999962,0.046538141,-0.025302169,0.001673865,-0.067629777,0.253964942,-0.190027052,3.745223489
09-08-2021,46365.40234,1723.400024,4432.350098,16.71999931,0.056962712,-0.021014711,-0.00094035,0.034685541,0.258126239,-0.221413829,3.842285629
10-08-2021,45585.03125,1728.800049,4436.75,16.79000092,-0.016974141,0.003128456,0.000992187,0.004177959,0.132714144,-0.269221132,4.050684266
11-08-2021,45593.63672,1750.400024,4442.410156,16.17000008,0.000188761,0.012416793,0.001274931,-0.037625847,0.128673876,-0.265065887,3.879266548
12-08-2021,44428.28906,1749,4460.830078,15.59000015,-0.025891754,-0.000800151,0.004137808,-0.036527985,0.125920544,-0.267815724,3.68700997
13-08-2021,47793.32031,1775.199951,4468,15.44999981,0.07300948,0.014868869,0.001606016,-0.009020702,0.114311817,-0.18895926,3.624498963
16-08-2021,46004.48438,1786.900024,4479.709961,16.12000084,-0.022408307,0.006569223,0.002617422,0.042451798,0.106730485,-0.193187498,4.1338841
17-08-2021,44695.35938,1785,4448.080078,17.90999985,-0.028869199,-0.001063873,-0.007085744,0.105298418,0.0899994,-0.163983861,3.979601636
18-08-2021,44801.1875,1781.599976,4400.27002,21.56999969,0.002364967,-0.001906592,-0.010806653,0.185944239,0.035251655,-0.174721909,3.892801208
19-08-2021,46717.57813,1780.199951,4405.799805,21.67000008,0.041885853,-0.000786133,0.001255903,0.004625373,0.026720099,-0.18595488,3.698619172
20-08-2021,49339.17578,1781,4441.669922,18.55999947,0.054597907,0.000449314,0.008108604,-0.15492012,-0.009770058,-0.213146415,3.752806627
23-08-2021,49546.14844,1803.199951,4479.529785,17.14999962,0.004541347,0.012387833,0.008487668,-0.079010547,-0.010570133,-0.206325408,3.948934625
24-08-2021,47706.11719,1805.599976,4486.22998,17.21999931,-0.037844894,0.001330096,0.001494619,0.004073308,-0.012507807,-0.211248235,3.748424229
25-08-2021,48960.78906,1788.199951,4496.189941,16.79000092,0.025960122,-0.009683433,0.002217657,-0.025287934,-0.010720396,-0.220464365,3.781897142
26-08-2021,46942.21875,1792.199951,4470,18.84000015,-0.042102297,0.002234388,-0.00584195,0.115198752,0.008105922,-0.216080663,3.684065075
27-08-2021,49058.66797,1816.599976,4509.370117,16.38999939,0.04409943,0.01352272,0.008769072,-0.139310922,0.02640195,-0.185606351,3.77606414
30-08-2021,47054.98438,1809,4528.790039,16.19000053,-0.03702464,-0.004192402,0.004297324,-0.012277555,0.017856042,-0.182016947,3.839560741
31-08-2021,47166.6875,1815,4522.680176,16.47999954,0.002371072,0.003311261,-0.001350027,0.017753696,0.031042394,-0.157423971,3.848219334
01-09-2021,48847.02734,1813.099976,4524.089844,16.11000061,0.035005654,-0.001047394,0.00031164,-0.022707262,0.062552933,-0.132995142,3.660012594
02-09-2021,49327.72266,1808.699951,4536.950195,16.40999985,0.009792725,-0.002429746,0.002838606,0.018450661,0.062822375,-0.133894328,3.653164122
07-09-2021,46811.12891,1795.900024,4520.029785,18.13999939,-0.117232495,-0.01930136,-0.003401352,0.100228515,0.119582807,-0.044162933,3.501273448
08-09-2021,46091.39063,1790.699951,4514.069824,17.95999908,-0.015494794,-0.002899725,-0.001319437,-0.009972399,0.126363717,-0.041864183,5.025783038
09-09-2021,46391.42188,1797.400024,4493.279785,18.79999924,0.006488391,0.003734612,-0.004616247,0.045709817,0.122068699,-0.035096348,4.720455515
10-09-2021,44883.91016,1789.599976,4458.580078,20.95000076,-0.033035187,-0.004349072,-0.007752552,0.108281854,0.136309982,-0.022958396,4.424082275
13-09-2021,44963.07422,1792,4468.72998,19.37000084,-0.024174296,0.001340197,0.0022739,-0.078413162,0.135177121,-0.023876149,4.300765789
14-09-2021,47092.49219,1804.699951,4443.049805,19.45999908,0.046272007,0.007062031,-0.005763214,0.004635509,0.093956799,-0.001224708,4.133118209
15-09-2021,48176.34766,1792.400024,4480.700195,18.18000031,0.022754601,-0.006838828,0.008438294,-0.068038924,0.102889835,-0.028566703,4.153939113
16-09-2021,47783.35938,1754.599976,4473.75,18.69000053,-0.008190739,-0.021314621,-0.001552345,0.027666545,0.050231323,-0.027704348,3.98215012
17-09-2021,47267.51953,1749.400024,4432.990234,20.80999947,-0.01085408,-0.002968011,-0.00915263,0.107444965,0.183304488,0.027043337,3.788246685
20-09-2021,42843.80078,1761.800049,4357.72998,25.70999908,-0.098107938,0.007063155,-0.017123078,0.211446371,0.274306149,-0.010235744,3.628842868
21-09-2021,40693.67578,1776,4354.189941,24.36000061,-0.051488268,0.008027603,-0.000812689,-0.053937518,0.280423435,-0.039095339,4.676615408
22-09-2021,43574.50781,1776.699951,4395.640137,20.87000084,0.068399602,0.000394039,0.009474585,-0.154629707,0.302060009,-0.03131632,4.689131385
23-09-2021,44895.09766,1747.699951,4448.97998,18.62999916,0.029856309,-0.016457074,0.01206168,-0.113539622,0.344695937,-0.050792011,4.872667017
24-09-2021,42839.75,1749.699951,4455.47998,17.75,-0.046862195,0.001143707,0.001459943,-0.048387624,0.338918356,-0.053272113,4.641958845
27-09-2021,42235.73047,1750,4443.109863,18.76000023,-0.022771583,0.000171471,-0.002780244,0.05534144,0.346065877,-0.036403156,4.610612868
28-09-2021,41034.54297,1735.800049,4352.629883,23.25,-0.028852333,-0.008147358,-0.020574318,0.214578176,0.357106346,-0.01875356,4.39162547
29-09-2021,41564.36328,1721.5,4359.459961,22.55999947,0.012828925,-0.008272427,0.001567954,-0.030126729,0.376175298,-0.015680727,4.241734132
30-09-2021,43790.89453,1755.300049,4307.540039,23.13999939,0.05218276,0.019443807,-0.011981203,0.025384292,0.32679011,0.032119456,4.0178817
01-10-2021,48116.94141,1757,4357.040039,21.10000038,0.094208419,0.000967999,0.011425952,-0.092289637,0.36639293,0.033615999,4.12811131
04-10-2021,49112.90234,1766.199951,4300.459961,22.95999908,0.018763729,0.005222509,-0.013070952,0.084480473,0.349775228,0.041029627,4.873764838
05-10-2021,51514.8125,1759.599976,4345.720215,21.29999924,0.047747611,-0.003743822,0.010469517,-0.075046495,0.355456932,0.033719342,4.588532279
06-10-2021,55361.44922,1760.5,4363.549805,21,0.072014101,0.000511363,0.004094399,-0.014184599,0.355857767,0.030264285,4.54512715
07-10-2021,53805.98438,1757.900024,4399.759766,19.54000092,-0.028498794,-0.001477931,0.008264039,-0.072058744,0.345152969,0.028420862,4.810457483
08-10-2021,53967.84766,1756.300049,4391.339844,18.77000046,0.003003761,-0.000910577,-0.001915557,-0.040203818,0.342767167,0.03109868,4.598260162
11-10-2021,57484.78906,1754.599976,4361.189941,20,0.048348963,-0.000968454,-0.006889442,0.063472399,0.322742158,0.031972931,4.314221629
12-10-2021,56041.05859,1758.300049,4350.649902,19.85000038,-0.025435764,0.002106564,-0.002419706,-0.007528247,0.321098288,0.033219252,4.324727607
13-10-2021,57401.09766,1793.699951,4363.799805,18.63999939,0.023978815,0.019933037,0.003017956,-0.06289425,0.318627511,0.041100336,4.16155135
14-10-2021,57321.52344,1796.699951,4438.259766,16.86000061,-0.001387246,0.001671123,0.016919162,-0.100365788,0.278191338,0.035619101,3.995339649
15-10-2021,61593.94922,1767.199951,4471.370117,16.29999924,0.071887458,-0.016555276,0.007432521,-0.033778928,0.338531579,-0.005747604,3.788531851
18-10-2021,62026.07813,1764.800049,4486.459961,16.30999947,0.007646292,-0.001358948,0.003369088,0.000613323,0.320104288,0.005083541,4.234644272
19-10-2021,64261.99219,1769.699951,4519.629883,15.69999981,0.035413444,0.002772616,0.007366143,-0.038117684,0.326912221,0.009064675,4.000488321
20-10-2021,65992.83594,1784.099976,4536.189941,15.48999977,0.026577835,0.00810406,0.003657334,-0.013466061,0.319516141,0.017401314,3.939545161
21-10-2021,62210.17188,1781.199951,4549.779785,15.01000023,-0.059027668,-0.001626806,0.002991393,-0.031477979,0.301631751,0.023090238,3.821619152
22-10-2021,60692.26563,1795.5,4544.899902,15.43000031,-0.024702251,0.007996268,-0.001073129,0.027597025,0.321275807,0.010470713,4.105372845
25-10-2021,63039.82422,1806,4566.47998,15.23999977,0.034027273,0.00583092,0.004736959,-0.012390151,0.327606435,0.022826049,3.969588366
26-10-2021,60363.79297,1792.699951,4574.790039,15.97999954,-0.043377186,-0.007391619,0.001818141,0.047414376,0.342470019,0.058883706,3.90204462
27-10-2021,58482.38672,1797.900024,4551.680176,16.97999954,-0.031663844,0.002896495,-0.00506437,0.060698242,0.347978038,0.057081168,3.966316458
28-10-2021,60622.13672,1801.599976,4596.419922,16.53000069,0.035934492,0.002055815,0.009781288,-0.026859201,0.37557654,0.054623592,3.904201776
29-10-2021,62227.96484,1783,4605.379883,16.26000023,0.026144376,-0.010377807,0.001947437,-0.016468835,0.390657163,0.044390134,3.863775326
01-11-2021,61004.40625,1795.099976,4613.669922,16.40999985,-0.00514295,0.006763378,0.001798459,0.009182778,0.385825371,0.043642832,3.754551828
02-11-2021,63226.40234,1788.699951,4630.649902,16.03000069,0.035775877,-0.003571645,0.003673607,-0.023428886,0.389637897,0.090887486,3.584975919
03-11-2021,62970.04688,1763.599976,4660.569824,15.10000038,-0.004062806,-0.014131911,0.006440495,-0.05976724,0.395351015,0.154782495,3.598588313
04-11-2021,61452.23047,1793,4680.060059,15.43999958,-0.024399034,0.016533034,0.004173222,0.022266748,0.388865531,0.131204102,3.448905633
05-11-2021,61125.67578,1816.400024,4697.529785,16.47999954,-0.005328129,0.012966339,0.00372585,0.065185979,0.386908474,0.127612349,3.414602488
08-11-2021,67566.82813,1827.400024,4701.700195,17.21999931,0.064805561,0.006037671,0.000887394,0.043923962,0.387828924,0.139348541,3.293659627
09-11-2021,66971.82813,1830.199951,4685.25,17.78000069,-0.008845099,0.001531019,-0.003504911,0.03200281,0.395512037,0.097093109,3.756128136
10-11-2021,64995.23047,1847.599976,4646.709961,18.72999954,-0.029958165,0.009462263,-0.008259842,0.052052223,0.409386065,0.089436441,3.594987417
11-11-2021,64949.96094,1863.199951,4649.27002,17.65999985,-0.000696748,0.008407927,0.000550788,-0.058824305,0.40116145,0.085210947,3.580818965
12-11-2021,64155.94141,1867.900024,4682.850098,16.29000092,-0.012300438,0.002519405,0.007196698,-0.080750708,0.400231585,0.083418215,3.429899877
15-11-2021,63557.87109,1866.099976,4682.799805,16.48999977,-0.029592906,-0.00096414,-1.07E-05,0.012202644,0.402486776,0.088576305,3.328146637
16-11-2021,60161.24609,1853.599976,4700.899902,16.37000084,-0.054922454,-0.006720998,0.003857779,-0.00730368,0.373278164,0.107585648,3.358398381
17-11-2021,60368.01172,1869.699951,4688.669922,17.11000061,0.003430965,0.008648283,-0.002605015,0.044212681,0.373998001,0.107405262,3.693315683
18-11-2021,56942.13672,1861,4704.540039,17.59000015,-0.05842375,-0.004663986,0.003379065,0.027667444,0.362665081,0.121881092,3.526611199
19-11-2021,58119.57813,1851.199951,4697.959961,17.90999985,0.020466973,-0.005279927,-0.001399645,0.01802864,0.35826619,0.129908518,3.872655788
22-11-2021,56289.28906,1806,4682.939941,19.17000008,-0.042454514,-0.024719596,-0.003202258,0.067987353,0.353519595,0.172945761,3.72928993
23-11-2021,57569.07422,1783.5,4690.700195,19.37999916,0.022481248,-0.012536729,0.001655761,0.010895002,0.340291753,0.134938776,3.816438262
24-11-2021,56280.42578,1784.099976,4701.459961,18.57999992,-0.02263872,0.000336347,0.002291224,-0.042155834,0.348232644,0.128587036,3.692097597
26-11-2021,53569.76563,1785.300049,4594.620117,28.62000084,-0.066873801,0.000672423,-0.022987011,0.432020074,0.395204778,0.12220334,3.605823039
29-11-2021,57806.56641,1782.300049,4655.27002,22.95999908,0.009701684,-0.001681803,0.013113836,-0.220352272,0.395601128,0.123220263,4.066492246
30-11-2021,57005.42578,1773.599976,4567,27.19000053,-0.013955922,-0.004893327,-0.019143381,0.169095747,0.386669031,0.126413501,3.85799536
01-12-2021,57229.82813,1781.599976,4513.040039,31.12000084,0.003928781,0.004500458,-0.011885541,0.135001448,0.383829567,0.031648876,3.70038653
02-12-2021,56477.81641,1760.699951,4577.100098,27.95000076,-0.013227302,-0.011800394,0.014094638,-0.107433499,0.364219135,0.036800882,3.533015627
03-12-2021,53598.24609,1782,4538.430176,30.67000008,-0.052331586,0.0120249,-0.008484455,0.092867754,0.381125984,0.004038922,3.419616676
06-12-2021,50582.625,1777.5,4591.669922,27.18000031,0.024288527,-0.002528446,0.011662599,-0.120803561,0.379978015,-0.005403135,3.701250171
07-12-2021,50700.08594,1782.599976,4686.75,21.88999939,0.002319468,0.002865076,0.020495603,-0.216451536,0.368796736,-0.003443462,3.605160812
08-12-2021,50504.79688,1783.400024,4701.209961,19.89999962,-0.003859286,0.000448709,0.003080536,-0.095310171,0.389142631,-0.019843381,3.450252639
09-12-2021,47672.12109,1774.599976,4667.450195,21.57999992,-0.057721556,-0.004946637,-0.007206988,0.081047244,0.396478175,0.001078758,3.321445215
10-12-2021,47243.30469,1782.900024,4712.02002,18.69000053,-0.009035819,0.004666234,0.009503769,-0.143778306,0.389620924,-0.007834145,3.709174836
13-12-2021,46737.48047,1786.300049,4668.970215,20.30999947,-0.06944137,0.001905203,-0.009178158,0.083124699,0.407951545,-0.014432676,3.555181289
14-12-2021,46612.63281,1770.400024,4634.089844,21.88999939,-0.002674828,-0.008940945,-0.007498723,0.074916534,0.353654327,0.01961651,4.073343335
15-12-2021,48896.72266,1762.599976,4709.850098,19.29000092,0.047838778,-0.004415546,0.016216267,-0.126443009,0.376474534,0.030384308,3.857466426
16-12-2021,47665.42578,1796.599976,4668.669922,20.56999969,-0.025504064,0.019105998,-0.008781863,0.064246814,0.368384169,0.003619143,3.947591889
17-12-2021,46202.14453,1803.800049,4620.640137,21.56999969,-0.031180093,0.003999602,-0.010340965,0.047469757,0.367738323,0.025781516,3.841076822
20-12-2021,46880.27734,1793.699951,4568.02002,22.87000084,0.00370268,-0.005615079,-0.011453398,0.058522598,0.365921674,0.025957799,3.795564431
21-12-2021,48936.61328,1787.900024,4649.22998,21.01000023,0.042928793,-0.003238738,0.017621755,-0.084827519,0.385115766,0.01712497,3.615035189
22-12-2021,48628.51172,1801.599976,4696.560059,18.62999916,-0.006315834,0.007633385,0.010128728,-0.120225386,0.367312744,0.001339037,3.696608667
23-12-2021,50784.53906,1811.199951,4725.790039,17.95999908,0.043381939,0.005314437,0.006204413,-0.036626128,0.372983151,0.017524372,3.537425079
27-12-2021,50640.41797,1808.099976,4791.189941,17.68000031,-0.003333621,-0.001713025,0.013744052,-0.015712937,0.413782609,-0.035583648,3.63941892
28-12-2021,47588.85547,1810.199951,4786.350098,17.54000092,-0.062151427,0.001160753,-0.001010665,-0.007950035,0.391479014,-0.041838065,3.482924575
29-12-2021,46444.71094,1805.099976,4793.060059,16.95000076,-0.024336012,-0.002821331,0.001400913,-0.03421616,0.418738178,-0.043913941,3.898926419
30-12-2021,47178.125,1812.699951,4778.72998,17.32999992,0.015667739,0.004201441,-0.002994234,0.02217122,0.397700092,-0.027593255,3.791888792
31-12-2021,46306.44531,1827.5,4766.180176,17.21999931,-0.018649173,0.008131493,-0.002629634,-0.00636764,0.40564133,-0.034844651,3.63870715
03-01-2022,46458.11719,1799.400024,4796.560059,16.60000038,-0.018914637,-0.015495623,0.006353824,-0.036668741,0.413074759,-0.023577445,3.536223395
04-01-2022,45897.57422,1814,4793.540039,16.90999985,-0.012138935,0.008081062,-0.00062982,0.018502436,0.415933242,-0.025839793,3.451116376
05-01-2022,43569.00391,1824.599976,4700.580078,19.72999954,-0.052066288,0.00582642,-0.019583264,0.154235143,0.481663767,-0.035115408,3.345498524
06-01-2022,43160.92969,1788.699951,4696.049805,19.61000061,-0.009410297,-0.0198717,-0.000964234,-0.006100626,0.479788173,-0.029067511,3.6411886
07-01-2022,41557.90234,1797,4677.029785,18.76000023,-0.037847989,0.004629536,-0.004058441,-0.044312716,0.484637338,-0.075203663,3.497980646
10-01-2022,41821.26172,1798.400024,4670.290039,19.39999962,-0.002157812,0.000778786,-0.001442071,0.033546091,0.490916983,-0.075605864,3.57896441
11-01-2022,42735.85547,1818.599976,4713.069824,18.40999985,0.021633411,0.011169567,0.009118286,-0.052379059,0.494760023,0.025446493,3.429531496
12-01-2022,43949.10156,1827.199951,4726.350098,17.62000084,0.027993907,0.004717753,0.002813792,-0.043859319,0.492351305,0.03668301,3.359922749
13-01-2022,42591.57031,1821.199951,4659.029785,20.30999947,-0.031375828,-0.003289116,-0.014346029,0.142078681,0.491194666,0.03621452,3.345772575
14-01-2022,43099.69922,1816.5,4662.850098,19.19000053,0.011859665,-0.002584025,0.000819644,-0.056724011,0.488793451,0.014680912,3.389483776
18-01-2022,42375.63281,1812.300049,4577.109863,22.79000092,0.002956109,-0.002314789,-0.018559105,0.171932546,0.475876095,0.006630449,3.281536753
19-01-2022,41744.32813,1843.099976,4532.759766,23.85000038,-0.01500991,0.01685214,-0.009736791,0.04546235,0.475065977,0.007588844,3.173482067
20-01-2022,40680.41797,1842.5,4482.72998,25.59000015,-0.025816743,-0.000325578,-0.011098742,0.070417423,0.475825248,-0.006770783,3.124723554
21-01-2022,36457.31641,1831.800049,4397.939941,28.85000038,-0.109604683,-0.005824228,-0.019095995,0.11990835,0.530257606,0.015296909,3.159091702
24-01-2022,36654.32813,1841.699951,4410.129883,29.89999962,0.010352967,0.005389915,0.002767905,0.035748461,0.529404851,0.024770813,4.652479511
25-01-2022,36954.00391,1852.699951,4356.450195,31.15999985,0.008142487,0.005954977,-0.012246591,0.041276748,0.498589693,0.026656392,4.370490874
26-01-2022,36852.12109,1829.900024,4349.930176,31.95999908,-0.002760824,-0.012382674,-0.001497757,0.025349876,0.498272399,0.045057702,4.119775553
27-01-2022,37138.23438,1793.300049,4326.509766,30.48999977,0.007733838,-0.020203809,-0.005398635,-0.047086339,0.491233381,0.018743545,3.89794007
28-01-2022,37784.33203,1784.900024,4431.850098,27.65999985,0.017247505,-0.00469512,0.024055968,-0.097411433,0.497706629,0.020974796,3.708202983
31-01-2022,38483.125,1795,4515.549805,24.82999992,0.014804408,0.005642617,0.018709826,-0.107934724,0.505383534,0.035574913,3.573569125
01-02-2022,38743.27344,1800.300049,4546.540039,21.95999908,0.006737319,0.002948323,0.00683956,-0.122830021,0.513377695,0.053724113,3.448605727
02-02-2022,36952.98438,1809.199951,4589.379883,22.09000015,-0.04731074,0.004931387,0.0093784,0.005902449,0.48579581,0.038544066,3.319922255
03-02-2022,37154.60156,1803,4477.439941,24.35000038,0.005441216,-0.003432787,-0.024693472,0.097406841,0.462760259,0.006046238,3.554678402
04-02-2022,41500.875,1806.599976,4500.529785,23.21999931,0.110626883,0.001994668,0.005143678,-0.047517918,0.442540267,0.020856947,3.40904252
07-02-2022,43840.28516,1820.599976,4483.870117,22.86000061,0.033111583,0.007719491,-0.003708581,-0.015625262,0.427115328,0.051880331,4.751448733
08-02-2022,44118.44531,1826.599976,4521.540039,21.44000053,0.006324809,0.003290198,0.008366113,-0.064130324,0.429813725,0.051286586,4.558615975
09-02-2022,44338.79688,1835.199951,4587.180176,19.95999908,0.004982114,0.004697139,0.014412842,-0.071528136,0.434496821,0.05567646,4.281898172
10-02-2022,43565.11328,1836.199951,4504.080078,23.90999985,-0.017603394,0.000544751,-0.018281824,0.18056655,0.434116728,0.054520476,4.038521672
11-02-2022,42407.9375,1840.800049,4418.640137,27.36000061,-0.026921126,0.002502094,-0.019151683,0.13478534,0.455098974,0.034252891,3.871836018
14-02-2022,42586.91797,1868,4401.669922,28.32999992,0.009185768,0.014668054,-0.003847991,0.034839196,0.453166735,0.042464635,3.787343805
15-02-2022,44575.20313,1854.800049,4471.069824,25.70000076,0.045630604,-0.00709144,0.015643718,-0.09743029,0.491069469,0.006978711,3.61540524
16-02-2022,43961.85938,1870.199951,4475.009766,24.29000092,-0.013855295,0.008268451,0.00088082,-0.056426241,0.493370818,0.011568246,3.727774532
17-02-2022,40538.01172,1900.699951,4380.259766,28.11000061,-0.081082331,0.016176863,-0.021400504,0.146060626,0.524122539,-0.110201404,3.588396751
18-02-2022,40030.97656,1898.599976,4348.870117,27.75,-0.012586526,-0.001105454,-0.007191962,-0.012889566,0.524262833,-0.088316745,4.307866561
22-02-2022,38286.02734,1906.099976,4304.759766,28.80999947,0.032134534,0.003942497,-0.010194735,0.03748669,0.506349801,-0.08131758,4.083751781
23-02-2022,37296.57031,1909.199951,4225.5,31.02000046,-0.026183635,0.001625024,-0.018583736,0.073909642,0.484087528,-0.085423321,3.982998057
24-02-2022,38332.60938,1925.099976,4288.700195,30.31999969,0.02739958,0.008293621,0.014846105,-0.022824622,0.492233921,-0.067277278,3.875798884
25-02-2022,39214.21875,1886.5,4384.649902,27.59000015,0.022738451,-0.020254641,0.022126081,-0.094354157,0.503688562,-0.101143838,3.773087728
28-02-2022,43193.23438,1899.400024,4373.939941,30.14999962,0.135764257,0.006814799,-0.002445591,0.088731517,0.444415122,-0.049936854,3.656707247
01-03-2022,44354.63672,1942.400024,4306.259766,33.31999969,0.02653338,0.022386275,-0.015594468,0.099972898,0.43302893,-0.024875691,5.484557845
02-03-2022,43924.11719,1920.900024,4386.540039,30.73999977,-0.009753716,-0.011130496,0.018471047,-0.080593077,0.412661614,0.00615679,5.156453157
03-03-2022,42451.78906,1934.400024,4363.490234,30.47999954,-0.034094479,0.007003375,-0.005268521,-0.008494015,0.408606879,0.002204228,4.818464399
04-03-2022,39137.60547,1965.099976,4328.870117,31.97999954,-0.081285276,0.015745909,-0.007965685,0.048039977,0.419559767,-0.050159356,4.644445635
07-03-2022,38062.03906,1993.900024,4201.089844,36.45000076,-0.009360315,0.01454941,-0.029962587,0.130830786,0.406588847,-0.052440331,5.074278933
08-03-2022,38737.26953,2040.099976,4170.700195,35.13000107,0.017584738,0.022906282,-0.007260044,-0.036885983,0.398388573,-0.04865965,4.745198767
09-03-2022,41982.92578,1985.900024,4277.879883,32.45000076,0.080460833,-0.02692659,0.025373598,-0.07935503,0.445872737,-0.139273765,4.471862413
10-03-2022,39437.46094,1998.099976,4259.52002,30.22999954,-0.062546857,0.006124493,-0.00430105,-0.070865673,0.437846462,-0.150102251,4.883452031
11-03-2022,38794.97266,1982.699951,4204.310059,30.75,-0.016425482,-0.007737189,-0.013046279,0.017055201,0.440452475,-0.144956915,4.989753987
14-03-2022,39666.75391,1959.599976,4173.109863,31.77000046,0.046891299,-0.011719169,-0.007448675,0.032632468,0.410066427,-0.157211171,4.692312503
15-03-2022,39338.78516,1928.5,4262.450195,29.82999992,-0.008302472,-0.01599786,0.02118263,-0.063007867,0.39108996,-0.135715311,4.6231254
16-03-2022,41143.92969,1908,4357.859863,26.67000008,0.044865468,-0.010686926,0.022136922,-0.111975255,0.404233078,-0.151068473,4.346686359
17-03-2022,40951.37891,1942.099976,4411.669922,25.67000008,-0.004690917,0.017714276,0.012272205,-0.038216343,0.402475849,-0.150481742,4.315458113
18-03-2022,41801.15625,1928.199951,4463.120117,23.87000084,0.020538518,-0.007182949,0.011594814,-0.072700522,0.392386599,-0.15021738,4.070954225
21-03-2022,41077.99609,1928.599976,4461.180176,23.53000069,-0.004125762,0.000207439,-0.000434755,-0.014346244,0.396619271,-0.149063002,3.899621653
22-03-2022,42358.80859,1920.699951,4511.609863,22.94000053,0.030703791,-0.004104661,0.0112407,-0.025394097,0.398825738,-0.163311415,3.708616554
23-03-2022,42892.95703,1936.599976,4456.240234,23.56999969,0.012531246,0.008244168,-0.01234863,0.027092569,0.396896676,-0.159309484,3.65690159
24-03-2022,43960.93359,1961.599976,4520.160156,21.67000008,0.024593726,0.012826609,0.014242012,-0.084045885,0.411073172,-0.149640727,3.511976194
25-03-2022,44348.73047,1953.800049,4543.060059,20.80999947,0.008782716,-0.003984235,0.005053381,-0.040495204,0.415073351,-0.155752226,3.447774037
28-03-2022,47128.00391,1939.599976,4575.52002,19.62999916,0.006546413,-0.007294466,0.007119551,-0.058374649,0.416529178,-0.158472824,3.323046294
29-03-2022,47465.73047,1912,4631.600098,18.89999962,0.0071406,-0.014331939,0.012182044,-0.037897064,0.415194409,-0.154259949,3.212473611
30-03-2022,47062.66406,1933.5,4602.450195,19.32999992,-0.008527995,0.011182017,-0.006313589,0.022496387,0.42264915,-0.174212143,3.119519934
31-03-2022,45538.67578,1949.199951,4530.410156,20.55999947,-0.03291801,0.008087175,-0.015776335,0.061689125,0.432271291,-0.17888008,3.051920256
01-04-2022,46281.64453,1919.099976,4545.859863,19.62999916,0.016183454,-0.015562694,0.003404421,-0.046288449,0.414832086,-0.177073815,3.169181612
04-04-2022,46622.67578,1929.199951,4582.640137,18.56999969,0.003633786,0.00524907,0.008058383,-0.055511607,0.413764422,-0.193042131,3.112317341
05-04-2022,45555.99219,1922.900024,4525.120117,21.03000069,-0.023144861,-0.003270908,-0.012631159,0.124402663,0.418953854,-0.183498351,3.030302395
06-04-2022,43206.73828,1918.400024,4481.149902,22.10000038,-0.052945705,-0.002342958,-0.009764434,0.049627603,0.426157257,-0.172701018,3.060064721
07-04-2022,43503.84766,1933.800049,4500.209961,21.54999924,0.006852924,0.007995486,0.004244366,-0.025201845,0.423140934,-0.180267242,3.441972702
08-04-2022,42287.66406,1941.599976,4488.279785,21.15999985,-0.028353972,0.004025359,-0.002654547,-0.018263181,0.421590721,-0.187607339,3.314434605
11-04-2022,39521.90234,1944.300049,4412.529785,24.37000084,-0.065746995,0.001389677,-0.017021335,0.141240302,0.432194831,-0.1909648,3.336030503
12-04-2022,40127.18359,1972.099976,4397.450195,24.26000023,0.015198992,0.014196912,-0.003423301,-0.004523989,0.430263889,-0.179827763,3.85268845
13-04-2022,41166.73047,1981,4446.589844,21.81999969,0.025576417,0.004502815,0.011112603,-0.106001947,0.442392212,-0.176128005,3.689152798
14-04-2022,39935.51563,1970.900024,4392.589844,22.70000076,-0.030364373,-0.005111464,-0.01221848,0.039537992,0.446393165,-0.16043139,3.603255867
18-04-2022,40826.21484,1982.900024,4391.689941,22.17000008,0.027546268,0.006070128,-0.000204889,-0.023624931,0.440160671,-0.156793402,3.591201537
19-04-2022,41502.75,1955.699951,4462.209961,21.37000084,0.016435294,-0.013812271,0.015930045,-0.036751918,0.409947878,-0.206403897,3.534730997
20-04-2022,41374.37891,1952.300049,4459.450195,20.31999969,-0.003097868,-0.001739971,-0.000618666,-0.050382501,0.409687442,-0.20695316,3.422181468
21-04-2022,40527.36328,1944.900024,4393.660156,22.68000031,-0.02068444,-0.003797615,-0.014862856,0.109877885,0.420758947,-0.202645389,3.29631751
22-04-2022,39740.32031,1931,4271.779785,28.20999908,-0.019611085,-0.007172571,-0.028132076,0.218193,0.424910775,-0.199412773,3.261198837
25-04-2022,40458.30859,1893.199951,4296.120117,27.02000046,0.02474905,-0.01976951,0.005681765,-0.043099143,0.428442499,-0.213645573,3.224878662
26-04-2022,38117.46094,1901.400024,4175.200195,33.52000046,-0.059599557,0.004321977,-0.028550009,0.21556494,0.458716318,-0.214724079,3.209682028
27-04-2022,39241.12109,1885.900024,4183.959961,31.60000038,0.029052735,-0.008185296,0.002095849,-0.058985157,0.45981479,-0.225419939,3.657988421
28-04-2022,39773.82813,1888.699951,4287.5,29.98999977,0.013483907,0.001483562,0.024445655,-0.052293148,0.455660127,-0.225441269,3.60180079
29-04-2022,38609.82422,1909.300049,4131.930176,33.40000153,-0.029702354,0.010847972,-0.03695916,0.107691961,0.487385156,-0.230607097,3.467923229
02-05-2022,38529.32813,1861.800049,4155.379883,32.34000015,0.001564562,-0.02519292,0.005659199,-0.032251087,0.498466797,-0.218785579,3.473844708
03-05-2022,37750.45313,1868.800049,4175.47998,29.25,-0.020422242,0.003752752,0.004825465,-0.100425285,0.507139601,-0.24335401,3.337407042
04-05-2022,39698.37109,1867,4300.169922,25.42000008,0.050312678,-0.000963675,0.029425222,-0.140343305,0.533925561,-0.254654567,3.293685404
05-05-2022,36575.14063,1874,4146.870117,31.20000076,-0.081941365,0.003742319,-0.036300678,0.204881851,0.571476515,-0.256110878,3.535231968
06-05-2022,36040.92188,1881.199951,4123.339844,30.19000053,-0.01471378,0.003834661,-0.005690384,-0.032907358,0.574572843,-0.258853754,4.288031224
09-05-2022,30296.95313,1857.099976,3991.23999,34.75,-0.117054963,-0.012893727,-0.03256152,0.140668811,0.608022586,-0.183440215,4.074362488
10-05-2022,31022.90625,1839.900024,4001.050049,32.99000168,0.023678692,-0.009304882,0.002454882,-0.051975036,0.605414088,-0.189087566,5.365706285
11-05-2022,28936.35547,1852.599976,3935.179932,32.56000137,-0.069627064,0.006878809,-0.016600232,-0.013119953,0.614097677,-0.210070493,5.0392181
12-05-2022,29047.75195,1823.800049,3930.080078,31.77000046,0.003842316,-0.015667781,-0.001296805,-0.024562121,0.605441537,-0.201846795,5.207494315
13-05-2022,29283.10352,1807.400024,4023.889893,28.87000084,0.008069583,-0.009032901,0.023589268,-0.09571944,0.600881576,-0.202358186,4.851153401
16-05-2022,29862.91797,1813.5,4008.01001,27.46999931,-0.047163939,0.003369318,-0.003954209,-0.049708548,0.583819304,-0.168249002,4.5409839
17-05-2022,30425.85742,1818.199951,4088.850098,26.10000038,0.018675311,0.002588294,0.01996892,-0.051159146,0.585039233,-0.165286612,4.530277357
18-05-2022,28720.27148,1815.900024,3923.679932,30.95999908,-0.057689623,-0.001265748,-0.041233809,0.17076069,0.613852714,-0.169240857,4.288642078
19-05-2022,30314.33398,1841.199951,3900.790039,29.35000038,0.054017473,0.01383628,-0.005850865,-0.05340346,0.594960511,-0.132945726,4.451240122
20-05-2022,29200.74023,1841.800049,3901.360107,29.43000031,-0.03742661,0.000325874,0.000146131,0.002722013,0.585583762,-0.144575741,4.500041693
23-05-2022,29098.91016,1847.800049,3973.75,28.47999954,-0.04122961,0.003252388,0.018384995,-0.032812502,0.553148621,-0.133432054,4.401597927
24-05-2022,29655.58594,1865.099976,3941.47998,29.45000076,0.018949782,0.009318889,-0.008153951,0.033491866,0.61126503,-0.178877654,4.354328549
25-05-2022,29562.36133,1846.199951,3978.72998,28.37000084,-0.003148528,-0.010185212,0.009406386,-0.037361658,0.630816101,-0.21984412,4.137026325
26-05-2022,29267.22461,1847.400024,4057.840088,27.5,-0.0100337,0.000649812,0.019688166,-0.031146274,0.629606124,-0.222835799,3.913386946
27-05-2022,28627.57422,1851.300049,4158.240234,25.71999931,-0.022097889,0.002108863,0.02444113,-0.066917132,0.606394627,-0.217308478,3.733970264
31-05-2022,31792.31055,1842.699951,4132.149902,26.19000053,0.002075607,-0.004656261,-0.006294135,0.018108806,0.611947533,-0.174673861,3.637634664
01-06-2022,29799.08008,1843.300049,4101.22998,25.69000053,-0.064746931,0.000325609,-0.007510905,-0.019275847,0.622508267,-0.176084029,3.478148627
02-06-2022,30467.48828,1866.5,4176.819824,24.71999931,0.022182634,0.012507549,0.018263225,-0.038489227,0.635310272,-0.190587908,3.938045335
03-06-2022,29704.39063,1845.400024,4108.540039,24.79000092,-0.02536529,-0.01136895,-0.016482406,0.002827778,0.617321717,-0.085582796,3.79414591
06-06-2022,31370.67188,1839.199951,4121.430176,25.06999969,0.047792171,-0.003365401,0.003132489,0.011231517,0.617389319,-0.070720102,3.710597035
07-06-2022,31155.47852,1847.5,4160.680176,24.02000046,-0.006883335,0.004502706,0.009478332,-0.042785064,0.615191208,-0.074326386,3.829382927
08-06-2022,30214.35547,1851.900024,4115.77002,23.95999908,-0.030672947,0.002378778,-0.010852623,-0.002501101,0.643097843,-0.050127965,3.653090627
09-06-2022,30111.99805,1848.800049,4017.820068,26.09000015,-0.00339346,-0.001675346,-0.024086458,0.08516637,0.639059699,-0.052121681,3.635104679
10-06-2022,29083.80469,1871.5,3900.860107,27.75,-0.034742219,0.012203442,-0.029542415,0.061683735,0.629010183,-0.041491248,3.479296089
13-06-2022,22487.38867,1828,3749.629883,34.02000046,-0.174052552,-0.023517775,-0.039539932,0.20371276,0.662882994,0.131941932,3.531175042
14-06-2022,22206.79297,1809.5,3735.47998,32.68999863,-0.012556417,-0.010171909,-0.003780818,-0.039879422,0.658973998,0.141469446,6.480529243
15-06-2022,22572.83984,1815.300049,3789.98999,29.62000084,0.016349175,0.003200206,0.014487059,-0.098619342,0.662426881,0.14571645,5.997682957
16-06-2022,20381.65039,1845.699951,3666.77002,32.95000076,-0.102112401,0.016607813,-0.033052207,0.106541447,0.677649999,0.076782158,5.571027464
17-06-2022,20471.48242,1835.599976,3674.840088,31.12999916,0.004397811,-0.005487193,0.002198447,-0.056819327,0.687834614,0.063154662,6.11442031
21-06-2022,20710.59766,1834.599976,3764.790039,30.19000053,0.005376928,-0.000544929,0.024182475,-0.030661196,0.68021626,0.041206923,5.655933639
22-06-2022,19987.0293,1834.300049,3759.889893,28.95000076,-0.035562005,-0.000163497,-0.00130242,-0.041940531,0.676487599,0.043473457,5.249155439
23-06-2022,21085.87695,1825.699951,3795.72998,29.04999924,0.05351995,-0.004699516,0.009487072,0.003448227,0.676296283,0.037608466,5.024538149
24-06-2022,21231.65625,1826.5,3911.73999,27.22999954,0.00688981,0.000438119,0.03010554,-0.064699167,0.669580399,0.05246578,4.966984896
27-06-2022,20735.47852,1820.900024,3900.110107,26.95000076,-0.013975181,-0.003070669,-0.0029775,-0.010335964,0.670379843,0.049914537,4.641412334
28-06-2022,20280.63477,1817.5,3821.550049,28.36000061,-0.022179693,-0.001868967,-0.020348673,0.050996398,0.666573707,0.058376245,4.378921892
29-06-2022,20104.02344,1813.699951,3818.830078,28.15999985,-0.008746512,-0.002093,-0.000711999,-0.007077197,0.666097186,0.080616311,4.188516861
30-06-2022,19784.72656,1804.099976,3785.379883,28.70999908,-0.016009712,-0.005307092,-0.008797866,0.019342936,0.664262649,0.075653225,3.968607867
01-07-2022,19269.36719,1798.900024,3825.330078,26.70000076,-0.026393612,-0.002886458,0.010498511,-0.072581868,0.657465507,0.075770032,3.804277533
05-07-2022,20190.11523,1761.800049,3831.389893,27.54000092,-0.002035878,-0.020839339,0.001582875,0.030975933,0.657352725,0.059973587,3.726613801
06-07-2022,20548.24609,1734.900024,3845.080078,26.72999954,0.017582449,-0.015386252,0.003566796,-0.029853014,0.65683113,0.030488084,3.556515996
07-07-2022,21637.58789,1737.900024,3902.620117,26.07999992,0.051656393,0.001727713,0.014853723,-0.024617779,0.663917122,0.04397691,3.44583998
08-07-2022,21731.11719,1740.599976,3899.379883,24.63999939,0.004313223,0.001552366,-0.000830616,-0.05679762,0.658780339,0.054728783,3.670677998
11-07-2022,19970.55664,1730,3854.429932,26.17000008,-0.043595963,-0.006108459,-0.011594418,0.060242606,0.663924631,0.041711389,3.507697604
12-07-2022,19323.91406,1723.300049,3818.800049,27.29000092,-0.032915621,-0.003880323,-0.009286868,0.041906649,0.661180777,0.031552431,3.653175239
13-07-2022,20212.07422,1734.199951,3801.780029,26.81999969,0.04493676,0.006305098,-0.004466864,-0.017372502,0.646774244,0.050924678,3.6554557
14-07-2022,20569.91992,1704.5,3790.379883,26.39999962,0.017549651,-0.017274371,-0.003003139,-0.015783871,0.646654433,0.015325929,3.751771624
15-07-2022,20836.32813,1702.400024,3863.159912,24.22999954,0.012868197,-0.001232778,0.019019232,-0.08577248,0.645509444,0.031853534,3.61213177
18-07-2022,22485.68945,1709.199951,3830.850098,25.29999924,0.078919678,0.003986362,-0.008398742,0.04321285,0.609376706,0.05495646,3.474703888
19-07-2022,23389.43359,1710,3936.689941,24.5,0.039405282,0.000467974,0.027253518,-0.032131248,0.620297556,0.059357048,4.133521998
20-07-2022,23231.73242,1699.5,3959.899902,23.87999916,-0.006765244,-0.00615928,0.005878494,-0.025631864,0.625945963,0.056806365,4.085962426
21-07-2022,23164.62891,1712.699951,3998.949951,23.11000061,-0.002892622,0.007736954,0.009813067,-0.032775803,0.624586894,0.089323097,3.874923011
22-07-2022,22714.97852,1727.099976,3961.629883,23.03000069,-0.019601946,0.008372643,-0.009376287,-0.003467707,0.614641274,0.098490111,3.685590846
25-07-2022,21361.70117,1719,3966.840088,23.36000061,-0.05675566,-0.004700961,0.001314303,0.01422744,0.608407091,0.116651348,3.581404767
26-07-2022,21239.75391,1717.699951,3921.050049,24.69000053,-0.005725044,-0.000756568,-0.011610343,0.055373141,0.60362823,0.113893401,3.88880919
27-07-2022,22930.54883,1719.099976,4023.610107,23.23999977,0.076595422,0.000814726,0.025820049,-0.060523403,0.630107378,0.132200865,3.701999062
28-07-2022,23843.88672,1750.300049,4072.429932,22.32999992,0.039057831,0.017986346,0.01206032,-0.03994386,0.633714886,0.187526015,4.251766103
29-07-2022,23804.63281,1762.900024,4130.290039,21.32999992,-0.001647645,0.007172964,0.014107776,-0.045816534,0.63425471,0.191666941,4.181546128
01-08-2022,23314.19922,1769,4118.629883,22.84000015,-0.000973065,0.003454221,-0.002827077,0.068398863,0.61995405,0.195757262,3.950689911
02-08-2022,22978.11719,1771.099976,4091.189941,23.93000031,-0.014520247,0.001186394,-0.006684688,0.046619523,0.597855655,0.215780719,3.749496461
03-08-2022,22846.50781,1758,4155.169922,21.95000076,-0.005744062,-0.007424009,0.015517456,-0.08636574,0.594261578,0.215938205,3.609839321
04-08-2022,22630.95703,1788.5,4151.939941,21.44000053,-0.009479526,0.01720048,-0.000777642,-0.023508813,0.558476088,0.159535024,3.461642339
05-08-2022,23289.31445,1772.900024,4145.189941,21.14999962,0.028675899,-0.008760642,-0.001627069,-0.013618474,0.554085692,0.158292121,3.344774927
08-08-2022,23809.48633,1786.800049,4140.060059,21.29000092,0.026971545,0.0078097,-0.001238317,0.006597634,0.537448332,0.196733148,3.338695455
09-08-2022,23164.31836,1794,4122.470215,21.77000046,-0.027470993,0.004021426,-0.004257744,0.022295374,0.539388041,0.203121976,3.320307958
10-08-2022,23947.64258,1795.599976,4210.240234,19.73999977,0.033256795,0.000891451,0.021067158,-0.097885874,0.550226606,0.211539546,3.333130058
11-08-2022,23957.5293,1789.699951,4207.27002,20.20000076,0.000412762,-0.003291234,-0.000705723,0.02303562,0.55010808,0.220219004,3.369063957
12-08-2022,24402.81836,1798.599976,4280.149902,19.53000069,0.018415982,0.00496059,0.017174047,-0.033730862,0.550191405,0.222371957,3.247943996
15-08-2022,24136.97266,1781.400024,4297.140137,19.95000076,-0.007526871,-0.009608985,0.003961684,0.021277402,0.530380198,0.222396235,3.189453131
16-08-2022,23883.29102,1773.199951,4305.200195,19.69000053,-0.010565706,-0.004613789,0.001873923,-0.013118262,0.553605852,0.189838983,3.107825059
17-08-2022,23335.99805,1760.300049,4274.040039,19.89999962,-0.023181945,-0.00730152,-0.007264115,0.010608793,0.557682871,0.197806292,3.049388886
18-08-2022,23212.73828,1755.300049,4283.740234,19.55999947,-0.005295957,-0.002844467,0.00226699,-0.017233075,0.58716374,0.207699838,3.075928115
19-08-2022,20877.55273,1747.599976,4228.47998,20.60000038,-0.106026642,-0.004396406,-0.012983929,0.051804457,0.601838206,0.204780836,3.00635462
22-08-2022,21398.9082,1734,4137.990234,23.79999924,-0.006298803,-0.007812526,-0.021632366,0.144394454,0.591528684,0.207156646,4.482788839
23-08-2022,21528.08789,1746.800049,4128.72998,24.11000061,0.006018594,0.007354692,-0.00224037,0.012941169,0.600897722,0.210556579,4.219815524
24-08-2022,21395.01953,1747.800049,4140.77002,22.81999969,-0.006200333,0.000572312,0.002911917,-0.054989386,0.627508477,0.21353907,3.985400806
25-08-2022,21600.9043,1757.699951,4199.120117,21.78000069,0.009577017,0.005648226,0.013993242,-0.046645182,0.630329614,0.218828883,3.786546337
26-08-2022,20260.01953,1736.099976,4057.659912,25.55999947,-0.064085717,-0.012364904,-0.034268576,0.16003646,0.646889752,0.252369654,3.615565349
29-08-2022,20297.99414,1736.599976,4030.610107,26.20999908,0.034134992,0.00028796,-0.006688675,0.025112374,0.630970564,0.241203697,4.027944373
31-08-2022,20049.76367,1712.800049,3955,25.87000084,0.012696624,-0.006053512,-0.007847738,-0.013056954,0.623517711,0.228780727,3.951849539
01-09-2022,20127.14063,1696.599976,3966.850098,25.55999947,0.003851817,-0.009503253,0.002991752,-0.01205542,0.627647307,0.232287339,3.766310672
02-09-2022,19969.77148,1709.800049,3924.26001,25.46999931,-0.00784948,0.007750199,-0.010794553,-0.003527347,0.628914157,0.230164156,3.589853974
06-09-2022,18837.66797,1700.400024,3908.189941,26.90999985,-0.050448065,-0.005512901,-0.004103465,0.054996697,0.623671152,0.242740525,3.449496921
07-09-2022,19290.32422,1715.300049,3979.870117,24.63999939,0.023745154,0.008724489,0.018174849,-0.088126845,0.642718328,0.253074235,3.697417442
08-09-2022,19329.83398,1708,4006.179932,23.61000061,0.00204607,-0.004264926,0.006588967,-0.042700737,0.643222891,0.279238097,3.598550706
09-09-2022,21381.15234,1716.199951,4067.360107,22.79000092,0.100860098,0.004789421,0.015156015,-0.035348494,0.571603624,0.136225659,3.444511609
12-09-2022,22370.44922,1728.099976,4110.410156,23.87000084,0.027242164,0.006910009,0.010528651,0.046300592,0.57404725,0.141258719,4.556124392
13-09-2022,20296.70703,1705,3932.689941,27.27000046,-0.097282199,-0.013457414,-0.044199163,0.133164738,0.627102448,0.196358497,4.353219183
14-09-2022,20241.08984,1696.5,3946.01001,26.15999985,-0.002743969,-0.004997805,0.003381289,-0.041555693,0.583388966,0.330984828,5.144739989
15-09-2022,19701.21094,1665.400024,3901.350098,26.27000046,-0.027034586,-0.018501956,-0.011382272,0.0041961,0.588044703,0.345341568,4.796975194
16-09-2022,19772.58398,1671.699951,3873.330078,26.29999924,0.003616228,0.003775694,-0.00720805,0.001141289,0.595695443,0.344894397,4.577391642
19-09-2022,19544.12891,1666.199951,3899.889893,25.76000023,0.006396912,-0.003295488,0.006833698,-0.020746,0.5983205,0.349696043,4.296172974
20-09-2022,18890.78906,1659.699951,3855.929932,27.15999985,-0.034000478,-0.003908722,-0.011336115,0.052922387,0.600858269,0.369226452,4.052440868
21-09-2022,18547.40039,1664.599976,3789.929932,27.98999977,-0.018344814,0.002948006,-0.017264674,0.030101998,0.619599482,0.362340587,3.996270943
22-09-2022,19413.55078,1670.800049,3757.98999,27.35000038,0.045641678,0.003717743,-0.008463294,-0.023130753,0.595861801,0.369206446,3.839300189
23-09-2022,19297.63867,1645.300049,3693.22998,29.92000008,-0.005988576,-0.015379815,-0.017382829,0.089810613,0.588760479,0.36506478,3.907850082
26-09-2022,19222.67188,1623.300049,3655.040039,32.25999832,0.022121968,-0.013461624,-0.010394361,0.075300865,0.576926822,0.342922685,3.718983504
27-09-2022,19110.54688,1626.699951,3647.290039,32.59999847,-0.005850034,0.002092248,-0.002122611,0.010484221,0.575126507,0.338514751,3.607244244
28-09-2022,19426.7207,1660.400024,3719.040039,30.18000031,0.016409099,0.020505159,0.019481144,-0.077132778,0.590484349,0.336586128,3.459635362
29-09-2022,19573.05078,1658.5,3640.469971,31.84000015,0.007504186,-0.001144972,-0.021352795,0.053543902,0.574882275,0.348243978,3.358296343
30-09-2022,19431.78906,1662.400024,3585.620117,31.62000084,-0.007243323,0.002348777,-0.015181352,-0.006933507,0.572639725,0.369848083,3.244133905
03-10-2022,19623.58008,1692.900024,3678.429932,30.10000038,0.029974176,0.018180693,0.025554578,-0.049264674,0.566699576,0.382380722,3.153284469
04-10-2022,20336.84375,1721.099976,3790.929932,29.06999969,0.035702296,0.016520558,0.030125341,-0.03481848,0.574928201,0.398286218,3.192833835
05-10-2022,20160.7168,1711.400024,3783.280029,28.54999924,-0.008698206,-0.005651844,-0.002019988,-0.018049795,0.56903398,0.391865692,3.279759463
06-10-2022,19955.44336,1711.699951,3744.52002,30.52000046,-0.010234042,0.000175237,-0.010297923,0.066725312,0.566330811,0.387753731,3.187752985
07-10-2022,19546.84961,1700.5,3639.659912,31.36000061,-0.020687828,-0.006564675,-0.028403197,0.027150994,0.580861029,0.384107187,3.115318268
10-10-2022,19141.48438,1667.300049,3612.389893,32.45000076,-0.015805352,-0.019716745,-0.007520673,0.034167252,0.584930869,0.413882726,3.111304147
11-10-2022,19051.41797,1678.699951,3588.840088,33.63000107,-0.004716404,0.006814074,-0.006540518,0.035718091,0.586618256,0.410711641,3.077143959
12-10-2022,19157.44531,1670.300049,3577.030029,33.56999969,0.005549896,-0.005016375,-0.0032962,-0.001785756,0.634187956,0.408816074,3.006140845
13-10-2022,19382.9043,1670,3669.909912,31.94000053,0.011700027,-0.000179654,0.025634259,-0.049773642,0.615723873,0.411799048,2.942748735
14-10-2022,19185.65625,1641.699951,3583.070068,32.02000046,-0.010228526,-0.017091366,-0.023947121,0.002501562,0.612966672,0.407736526,2.904558643
17-10-2022,19550.75781,1657,3677.949951,31.37000084,0.014563494,0.009276478,0.026135525,-0.020508673,0.61276596,0.415194442,2.878326561
18-10-2022,19334.41602,1649,3719.97998,30.5,-0.011127327,-0.004839695,0.011362768,-0.028125365,0.602671367,0.430563589,2.862497552
19-10-2022,19139.53516,1627.5,3695.159912,30.76000023,-0.010130622,-0.013123948,-0.006694455,0.008488468,0.623103817,0.42901811,2.847230618
20-10-2022,19053.74023,1630.800049,3665.780029,29.97999954,-0.004492679,0.002025627,-0.007982687,-0.025684675,0.62359162,0.428010655,2.830380452
21-10-2022,19172.46875,1651,3752.75,29.69000053,0.006211911,0.012310443,0.02344776,-0.009720171,0.590307392,0.441299383,2.798950185
24-10-2022,19345.57227,1648.699951,3797.340088,29.85000038,-0.011381303,-0.001394096,0.01181194,0.005374546,0.574952794,0.416870935,2.770452638
25-10-2022,20095.85742,1652.800049,3859.110107,28.45999908,0.038050126,0.00248378,0.01613577,-0.047685292,0.589788326,0.421566316,2.772417711
26-10-2022,20770.44141,1664,3830.600098,27.28000069,0.033017194,0.006753493,-0.00741514,-0.042345702,0.575201066,0.431358266,2.97606759
27-10-2022,20285.83594,1660.699951,3807.300049,27.38999939,-0.023607984,-0.001985172,-0.006101185,0.004024103,0.575018028,0.433474698,3.079125891
28-10-2022,20595.35156,1639.599976,3901.060059,25.75,0.015142493,-0.012786876,0.024328037,-0.061743334,0.583312284,0.41508918,3.103604183
31-10-2022,20495.77344,1635.900024,3871.97998,25.87999916,-0.006799219,-0.002259168,-0.007482327,0.00503581,0.584114356,0.441078188,3.052640739
01-11-2022,20485.27344,1645,3856.100098,25.80999947,-0.000512432,0.005547258,-0.004109664,-0.002708444,0.588995277,0.458940864,2.990499921
02-11-2022,20159.50391,1645.699951,3759.689941,25.86000061,-0.016030424,0.000425412,-0.025319844,0.001935404,0.592679784,0.447732545,2.927459886
03-11-2022,20209.98828,1627.300049,3719.889893,25.29999924,0.002501116,-0.011243566,-0.010642423,-0.021893031,0.590908362,0.453327145,2.9261981
04-11-2022,21147.23047,1672.5,3770.550049,24.54999924,0.045331998,0.027397283,0.013526823,-0.030092542,0.588740267,0.486028569,2.872968819
07-11-2022,20602.81641,1676.5,3806.800049,24.35000038,-0.01558786,0.002388774,0.009568062,-0.008179958,0.579647858,0.482242015,3.147160679
08-11-2022,18541.27148,1712.099976,3828.110107,25.54000092,-0.105428647,0.021012386,0.005582283,0.047714021,0.502913152,0.305575173,3.105825328
09-11-2022,15880.78027,1710.099976,3748.570068,26.09000015,-0.154889548,-0.001168839,-0.020996785,0.021306219,0.509101297,0.268517572,4.524252494
10-11-2022,17586.77148,1750.300049,3956.370117,23.53000069,0.102037409,0.023235396,0.053952516,-0.103275873,0.576596197,0.341369861,6.502373259
11-11-2022,17034.29297,1766,3992.929932,22.52000046,-0.031918454,0.008929872,0.009198312,-0.043872408,0.56485971,0.324527957,6.784606121
14-11-2022,16618.19922,1773.599976,3957.25,23.72999954,0.016064732,0.004294263,-0.008975941,0.052336228,0.559356191,0.326757523,6.340554813
15-11-2022,16884.61328,1773.800049,3991.72998,24.54000092,0.015904317,0.0001128,0.008675376,0.033564425,0.564801278,0.32466098,5.874575795
16-11-2022,16669.43945,1773,3958.790039,24.11000061,-0.01282568,-0.000451138,-0.008286283,-0.017677759,0.570278384,0.32508269,5.460790993
17-11-2022,16687.51758,1760.800049,3946.560059,23.93000031,0.001083919,-0.006904748,-0.003094105,-0.007493803,0.570530783,0.321845391,5.094638026
18-11-2022,16697.77734,1751.900024,3965.340088,23.12000084,0.000614628,-0.005067352,0.004747296,-0.034434835,0.571011383,0.320666612,4.750911353
21-11-2022,15787.28418,1737.400024,3949.939941,22.36000061,-0.031459063,-0.00831117,-0.00389125,-0.033424405,0.570153411,0.325925464,4.448123455
22-11-2022,16189.76953,1738.300049,4003.580078,21.29000092,0.025174715,0.000517895,0.013488606,-0.049036154,0.551392303,0.303094446,4.308926683
23-11-2022,16610.70703,1744.900024,4027.26001,20.35000038,0.025667957,0.003789609,0.005897266,-0.045156591,0.563518054,0.307660843,4.128577458
25-11-2022,16521.8418,1753.300049,4026.120117,20.5,-0.004988375,0.004802493,-0.000283084,0.007343956,0.568222793,0.311594417,3.976915839
28-11-2022,16217.32227,1740.099976,3963.939941,22.20999908,-0.013918848,-0.007557186,-0.015564697,0.080117711,0.568408387,0.31886085,3.776948052
29-11-2022,16444.98242,1748.400024,3957.629883,21.88999939,0.013940464,0.004758529,-0.001593134,-0.014512713,0.567274552,0.324378082,3.630746977
30-11-2022,17168.56641,1746,4080.110107,20.57999992,0.043059767,-0.001373641,0.030478644,-0.061710157,0.582281246,0.310037698,3.494268023
01-12-2022,16967.13281,1801.099976,4076.570068,19.84000015,-0.011802069,0.031070118,-0.00086801,-0.036619617,0.57852968,0.268036322,3.601235305
02-12-2022,17088.66016,1795.900024,4071.699951,19.05999947,0.007136986,-0.002891273,-0.001195375,-0.040108239,0.578304567,0.267556442,3.472020338
05-12-2022,16974.82617,1767.400024,3998.840088,20.75,-0.009128269,-0.015996749,-0.01805625,0.084954376,0.575624504,0.267270627,3.340599971
06-12-2022,17089.50391,1769.300049,3941.26001,22.17000008,0.006733035,0.001074462,-0.014503869,0.06619378,0.56490133,0.26144383,3.240710757
07-12-2022,16848.12695,1785.5,3933.919922,22.68000031,-0.014224978,0.009114472,-0.001864107,0.022743465,0.508224181,0.213730587,3.142769643
08-12-2022,17233.47461,1788.699951,3963.51001,22.29000092,0.0226142,0.001790584,0.007493634,-0.017345304,0.511044295,0.213920958,3.095023367
09-12-2022,17133.15234,1798.099976,3934.379883,22.82999992,-0.005838371,0.005241467,-0.007376719,0.023937269,0.506627463,0.195048432,3.087476793
12-12-2022,17206.4375,1780.5,3990.560059,25,0.005959928,-0.009836315,0.014178307,0.090800368,0.507909806,0.189588035,3.017338982
13-12-2022,17781.31836,1813.900024,4019.649902,22.54999924,0.032864789,0.018585013,0.007263223,-0.103140793,0.509521752,0.211908339,2.952757281
14-12-2022,17815.65039,1807.5,3995.320068,21.13999939,0.001928931,-0.003534562,-0.006071117,-0.064568081,0.502579069,0.204965339,3.059042485
15-12-2022,17364.86523,1777.199951,3895.75,22.82999992,-0.025628381,-0.01690561,-0.025237478,0.076908506,0.506204112,0.222903572,2.984570576
16-12-2022,16647.48438,1790,3852.360107,22.62000084,-0.042189809,0.007176555,-0.01120024,-0.009240949,0.534043516,0.206037377,3.043818917
19-12-2022,16439.67969,1787.699951,3817.659912,22.42000008,-0.019176452,-0.00128577,-0.009048329,-0.008881087,0.539299419,0.207771523,3.27416917
20-12-2022,16906.30469,1815.900024,3821.620117,21.47999954,0.027988705,0.015651376,0.001036801,-0.042831173,0.54843951,0.242531001,3.232900992
22-12-2022,16830.3418,1787,3822.389893,21.96999931,0.000761215,-0.01604299,-0.014557142,0.090451708,0.543414715,0.236023922,3.241068663
23-12-2022,16796.95313,1795.900024,3844.820068,20.87000084,-0.001985808,0.004968066,0.005850952,-0.051365094,0.540049338,0.226967797,3.138793489
27-12-2022,16717.17383,1814.800049,3829.25,21.64999962,-0.012048247,0.010468993,-0.004057844,0.036692676,0.555687891,0.222219563,3.053888272
28-12-2022,16552.57227,1807.900024,3783.219971,22.13999939,-0.00989505,-0.003809332,-0.01209347,0.022380463,0.557690163,0.224002708,3.010437437
29-12-2022,16642.3418,1819.5,3849.280029,21.44000053,0.005408645,0.006395774,0.017310634,-0.032127539,0.546634147,0.206387193,2.965249152
30-12-2022,16602.58594,1819.699951,3839.5,21.67000008,-0.002391696,0.000109887,-0.002543976,0.010670458,0.532267208,0.183999207,2.908201184
03-01-2023,16679.85742,1839.699951,3824.139893,22.89999962,-0.000516255,0.010930863,-0.004008572,0.055208075,0.531504451,0.182232931,2.860294428
04-01-2023,16863.23828,1852.800049,3852.969971,22.01000023,0.010934154,0.007095546,0.007510695,-0.039639988,0.53258851,0.18490723,2.818314986
05-01-2023,16836.73633,1834.800049,3808.100098,22.45999908,-0.001572818,-0.009762524,-0.011713869,0.020239003,0.529167397,0.177296702,2.798459915
06-01-2023,16951.96875,1864.199951,3895.080078,21.12999916,0.006820792,0.01589647,0.022583836,-0.061042117,0.523694797,0.171871323,2.767692876
09-01-2023,17196.55469,1872.699951,3892.090088,21.96999931,0.006148589,0.004549233,-0.000767927,0.038984063,0.523239951,0.173874299,2.74558753
10-01-2023,17446.29297,1871.599976,3919.25,20.57999992,0.014418134,-0.000587547,0.006953998,-0.065358128,0.526264608,0.174555457,2.726031716
11-01-2023,17934.89648,1874.599976,3969.610107,21.09000015,0.02762115,0.001601623,0.012767571,0.024479275,0.533872762,0.174598054,2.736331208
12-01-2023,18869.58789,1895.5,3983.169922,18.82999992,0.05080318,0.011087366,0.003410085,-0.113347663,0.53248472,0.188386913,2.836405214
13-01-2023,19909.57422,1918.400024,3999.090088,18.35000038,0.053649213,0.012008862,0.003988892,-0.025821743,0.528955147,0.204041647,3.199677729
17-01-2023,21161.51953,1907.199951,3990.969971,19.36000061,-0.000383324,-0.005855346,-0.002032555,0.053579518,0.536313261,0.200299284,3.511309515
18-01-2023,20688.78125,1904.400024,3928.860107,20.34000015,-0.022592831,-0.001469161,-0.015684967,0.049380285,0.540323502,0.199630471,3.370035078
19-01-2023,21086.79297,1922.099976,3898.850098,20.52000046,0.019055334,0.009251314,-0.007667672,0.008810644,0.532365202,0.204066631,3.335773854
20-01-2023,22676.55273,1926.400024,3972.610107,19.85000038,0.072684553,0.002234663,0.018741674,-0.033196016,0.558770966,0.195412413,3.266574295
23-01-2023,22934.43164,1927.099976,4019.810059,19.80999947,0.009375442,0.000363281,0.011811316,-0.002017193,0.567132294,0.192436611,3.874605689
24-01-2023,22636.46875,1933.900024,4016.949951,19.20000076,-0.013077079,0.003522432,-0.000711756,-0.031276515,0.55863224,0.193296985,3.691137187
25-01-2023,23117.85938,1941.199951,4016.219971,19.07999992,0.021043185,0.003767611,-0.000181742,-0.006269657,0.570588874,0.189192526,3.553841362
26-01-2023,23032.77734,1929.099976,4060.429932,18.72999954,-0.003687149,-0.006252753,0.010947708,-0.01851417,0.563459816,0.185875503,3.461284575
27-01-2023,23078.72852,1928.599976,4070.560059,18.51000023,0.001993046,-0.000259222,0.002491734,-0.011815353,0.567549607,0.199793839,3.330612082
30-01-2023,22840.13867,1922.900024,4017.77002,19.94000053,-0.040096915,-0.002959863,-0.013053569,0.074416652,0.575534955,0.206852667,3.214998003
31-01-2023,23139.2832,1929.5,4076.600098,19.39999962,0.013012289,0.003426426,0.014536304,-0.027454745,0.575800045,0.207491773,3.380148978
01-02-2023,23723.76953,1927.800049,4119.209961,17.87000084,0.024945735,-0.00088142,0.010398056,-0.08214967,0.582586995,0.201196875,3.277422383
02-02-2023,23471.87109,1916.300049,4179.759766,18.72999954,-0.01067475,-0.005983213,0.014592385,0.047003116,0.575535337,0.208813443,3.254600964
03-02-2023,23449.32227,1862.900024,4136.47998,18.32999992,-0.000961136,-0.028261843,-0.010408593,-0.021587434,0.565014278,0.156700426,3.173350806
06-02-2023,22760.10938,1866.199951,4111.080078,19.43000031,-0.008555376,0.001769825,-0.006159393,0.058279221,0.573898252,0.157396163,3.082177228
07-02-2023,23264.29102,1871.699951,4164,18.65999985,0.021910196,0.002942831,0.012790364,-0.040436092,0.647638821,0.290901253,3.02061446
08-02-2023,22939.39844,1877.400024,4117.859863,19.62999916,-0.014063722,0.003040771,-0.011142573,0.050676778,0.680099104,0.343979496,3.02140653
09-02-2023,21819.03906,1866.199951,4081.5,20.70999908,-0.050072948,-0.005983602,-0.00886901,0.053557666,0.567849424,0.254907608,2.993045421
10-02-2023,21651.18359,1862.800049,4090.459961,20.53000069,-0.007722818,-0.001823493,0.002192856,-0.008729367,0.601525532,0.28668186,3.348368756
13-02-2023,21808.10156,1851.900024,4137.290039,20.34000015,0.00091285,-0.005868606,0.01138357,-0.009297866,0.607618313,0.28428327,3.243055566
14-02-2023,22220.80469,1854,4136.129883,18.90999985,0.018747466,0.001133315,-0.000280454,-0.072898524,0.60185415,0.285051556,3.140451981
15-02-2023,24307.8418,1834.199951,4147.600098,18.22999954,0.089770008,-0.010737075,0.002769338,-0.036622311,0.547158148,0.18101568,3.101376955
16-02-2023,23623.47461,1842,4090.409912,20.17000008,-0.028558101,0.004243545,-0.013884689,0.101127792,0.559897832,0.168468243,4.104491466
17-02-2023,24565.60156,1840.400024,4079.090088,20.02000046,0.039106249,-0.000868985,-0.002771242,-0.007464559,0.546955169,0.160667958,3.9958021
21-02-2023,24436.35352,1833,3997.340088,22.87000084,-0.015946382,-0.004028984,-0.020244784,0.133094248,0.555690833,0.146630438,3.968758366
22-02-2023,24188.84375,1832,3991.050049,22.29000092,-0.010180397,-0.000545703,-0.001574795,-0.025687856,0.548813532,0.149039029,3.804118887
23-02-2023,23947.49219,1818,4012.320068,21.13999939,-0.010027917,-0.00767127,0.005315278,-0.052971237,0.538122701,0.152935668,3.640287732
24-02-2023,23198.12695,1808.800049,3970.040039,21.67000008,-0.031792067,-0.005073327,-0.010593465,0.024761867,0.547371424,0.167519911,3.499167023
27-02-2023,23522.87109,1817,3982.23999,20.95000076,-0.001628652,0.00452312,0.003068293,-0.033790136,0.540301187,0.156944984,3.518555906
28-02-2023,23147.35352,1828.900024,3970.149902,20.70000076,-0.016092731,0.006527917,-0.00304062,-0.012004946,0.542212618,0.144955351,3.377157961
01-03-2023,23646.55078,1837.699951,3951.389893,20.57999992,0.021336805,0.004800057,-0.004736464,-0.00581401,0.506376163,0.158610072,3.301330962
02-03-2023,23475.4668,1833.5,3981.350098,19.59000015,-0.00726135,-0.002288055,0.007553594,-0.049300487,0.498836884,0.214876653,3.250685876
03-03-2023,22362.67969,1847.699951,4045.639893,18.48999977,-0.048562426,0.007714887,0.016018749,-0.057789207,0.421644446,0.178730819,3.158883682
06-03-2023,22429.75781,1847.900024,4048.419922,18.61000061,-0.000256584,0.000108276,0.000686931,0.00646907,0.4195618,0.169976297,3.449551099
07-03-2023,22219.76953,1813.900024,3986.370117,19.59000015,-0.009406139,-0.018570636,-0.01544559,0.051320136,0.433087899,0.179333436,3.317045083
08-03-2023,21718.08008,1812.699951,3992.01001,19.11000061,-0.022837315,-0.000661817,0.001413794,-0.02480745,0.427164566,0.193097025,3.22164919
09-03-2023,20363.02148,1829.300049,3918.320068,22.61000061,-0.064424513,0.009115987,-0.018631858,0.168180523,0.459784949,0.138541113,3.214638508
10-03-2023,20187.24414,1862,3861.590088,24.79999924,-0.008669657,0.017717772,-0.014583969,0.092451309,0.459461563,0.125123554,3.743546314
13-03-2023,24197.5332,1911.699951,3855.76001,26.52000046,0.087783634,0.026341694,-0.001510902,0.06705556,0.424569259,0.248167838,3.583670988
14-03-2023,24746.07422,1906.199951,3919.290039,23.72999954,0.022416165,-0.002881167,0.016342388,-0.111159131,0.425196024,0.217202792,4.376916774
15-03-2023,24375.96094,1926.599976,3891.929932,26.13999939,-0.01506942,0.010645073,-0.007005364,0.096726634,0.429354618,0.20480542,4.172444272
16-03-2023,25052.78906,1919,3960.280029,22.98999977,0.027387722,-0.003952562,0.017409576,-0.128407356,0.426843984,0.170674308,3.975791291
17-03-2023,27423.92969,1969.800049,3916.639893,25.51000023,0.090430817,0.026127823,-0.011080621,0.104011212,0.330285066,0.293600385,3.857705937
20-03-2023,27767.23633,1979.199951,3951.570068,24.14999962,-0.009728059,0.004760658,0.00887887,-0.054786177,0.313821888,0.287774835,4.614740779
21-03-2023,28175.81641,1938,4002.870117,21.37999916,0.014607259,-0.021036185,0.012898648,-0.121828498,0.317073632,0.249040794,4.342758976
22-03-2023,27307.4375,1946.800049,3936.969971,22.26000023,-0.031304935,0.004530511,-0.016600249,0.04033549,0.339994397,0.24281968,4.11101668
23-03-2023,28333.97266,1993.800049,3948.719971,22.61000061,0.036902431,0.023855366,0.002980084,0.015600957,0.343339476,0.271237392,4.022626878
24-03-2023,27493.28516,1982.099976,3970.98999,21.73999977,-0.030119733,-0.005885514,0.005623963,-0.039238442,0.328063162,0.291890197,3.970966805
27-03-2023,27139.88867,1952.400024,3977.530029,20.60000038,-0.03099744,-0.015097479,0.0016456,-0.053862777,0.318605801,0.310177496,3.895399176
28-03-2023,27268.13086,1972.400024,3971.27002,19.96999931,0.0047141,0.01019169,-0.001575083,-0.031059981,0.323972335,0.308744857,3.839335043
29-03-2023,28348.44141,1966.099976,4027.810059,19.12000084,0.038853399,-0.003199215,0.014136871,-0.043496162,0.338726233,0.296788496,3.653637398
30-03-2023,28033.5625,1980.300049,4050.830078,19.02000046,-0.011169599,0.0071965,0.005698999,-0.00524387,0.333149689,0.295402697,3.684775211
31-03-2023,28478.48438,1969,4109.310059,18.70000076,0.015746415,-0.005722573,0.014333328,-0.016967517,0.334840801,0.288899696,3.541151561
03-04-2023,27790.2207,1983.900024,4124.509766,18.54999924,-0.014613274,0.007538817,0.003692023,-0.008053817,0.331804384,0.280204221,3.424729677
04-04-2023,28168.08984,2022.199951,4100.600098,19,0.013505586,0.019121387,-0.00581384,0.023969231,0.336694138,0.284148777,3.334040318
05-04-2023,28177.98438,2020.900024,4090.379883,19.07999992,0.000351206,-0.000643035,-0.002495482,0.004201683,0.337258096,0.284402168,3.240086599
06-04-2023,28044.14063,2011.900024,4105.02002,18.39999962,-0.004761257,-0.004463407,0.003572773,-0.036290018,0.333673421,0.287385569,3.138077687
10-04-2023,29652.98047,1989.099976,4109.109863,18.96999931,0.045533647,-0.011397298,0.000995807,0.030508104,0.3207962,0.254206122,3.057646804
11-04-2023,30235.05859,2004.800049,4108.939941,19.10000038,0.01943949,0.007862067,-4.14E-05,0.006829607,0.318617749,0.240311341,3.28995842
12-04-2023,30139.05273,2010.900024,4091.949951,19.09000015,-0.003180368,0.003038066,-0.004143456,-0.000523709,0.31717671,0.217011968,3.230191731
13-04-2023,30399.06641,2041.300049,4146.220215,17.79999924,0.008590134,0.015004489,0.01317551,-0.069966231,0.316430375,0.21723243,3.132898251
14-04-2023,30485.69922,2002.199951,4137.640137,17.06999969,0.002845798,-0.019340332,-0.002071518,-0.041875896,0.302419501,0.208641572,3.055173561
17-04-2023,29445.04492,1994.199951,4151.319824,16.95000076,-0.029128723,-0.004003609,0.003300704,-0.00705464,0.305542961,0.208882074,2.981584318
18-04-2023,30397.55273,2007.400024,4154.870117,16.82999992,0.031836461,0.006597422,0.000854855,-0.007104875,0.253600696,0.219321975,3.074136728
19-04-2023,28822.67969,1995.199951,4154.52002,16.45999908,-0.053199537,-0.006096093,-8.43E-05,-0.022229864,0.247220052,0.232030759,3.145956773
20-04-2023,28245.98828,2007.599976,4129.790039,17.17000008,-0.020211127,0.006195695,-0.005970335,0.04223054,0.252485052,0.227167362,3.509050165
21-04-2023,27276.91016,1979.5,4133.52002,16.77000046,-0.034910877,-0.014095679,0.000902781,-0.023572076,0.250648043,0.244546084,3.436081578
24-04-2023,27525.33984,1989.099976,4137.040039,16.88999939,-0.002396549,0.004837975,0.000851217,0.007130092,0.255334789,0.24330903,3.497901391
25-04-2023,28307.59766,1994,4071.629883,18.76000023,0.028023208,0.002460409,-0.015937184,0.105005261,0.223034424,0.244432974,3.360238176
26-04-2023,28422.70117,1985.699951,4055.98999,18.84000015,0.004057926,-0.004171199,-0.003848584,0.004255321,0.198530328,0.239656907,3.346263557
27-04-2023,29473.78711,1989.900024,4135.350098,17.03000069,0.036313133,0.002112926,0.019377193,-0.101005742,0.221496381,0.238630558,3.229331986
28-04-2023,29340.26172,1990.099976,4169.47998,15.77999973,-0.004540603,0.000100478,0.008219331,-0.076233236,0.207358621,0.241536616,3.315356002
01-05-2023,28091.56836,1983.400024,4167.870117,16.07999992,-0.041052856,-0.00337232,-0.000386181,0.018832961,0.218851937,0.243229707,3.207543989
02-05-2023,28680.53711,2014.300049,4119.580078,17.78000069,0.02074927,0.015459209,-0.011653907,0.10049801,0.203739095,0.267799789,3.386097511
03-05-2023,29006.30859,2028.599976,4090.75,18.34000015,0.011294601,0.007074123,-0.007022908,0.031010206,0.19632767,0.270329488,3.318258112
04-05-2023,28847.71094,2048,4061.219971,20.09000015,-0.005482698,0.009517819,-0.007244913,0.091137711,0.186389455,0.265502372,3.219295707
05-05-2023,29534.38477,2017.400024,4136.25,17.19000053,0.023524524,-0.015054141,0.018306166,-0.155894336,0.19591469,0.241861058,3.127889747
08-05-2023,27694.27344,2026.300049,4138.120117,16.97999954,-0.02709748,0.004401928,0.000452026,-0.012291697,0.173846211,0.222438186,3.120871431
09-05-2023,27658.77539,2036.199951,4119.169922,17.70999908,-0.001282605,0.004873808,-0.004589939,0.042093246,0.175553285,0.220428931,3.167167286
10-05-2023,27621.75586,2030.5,4137.640137,16.94000053,-0.001339334,-0.002803234,0.004473942,-0.044451679,0.177113237,0.221400013,3.077205722
11-05-2023,27000.78906,2014.699951,4130.620117,16.93000031,-0.022737628,-0.007811791,-0.001698065,-0.000590507,0.179208696,0.231196528,3.001176257
12-05-2023,26804.99023,2014.5,4124.080078,17.03000069,-0.007278017,-9.93E-05,-0.001584562,0.005889321,0.17807267,0.313217986,3.033096203
15-05-2023,27192.69336,2018,4136.279785,17.12000084,0.009683688,0.001735896,0.002953798,0.005270885,0.159738306,0.320009754,2.975441378
16-05-2023,27036.65039,1988.400024,4109.899902,17.98999977,-0.005754943,-0.014776614,-0.006398108,0.049568616,0.171191692,0.328471971,2.925561772
17-05-2023,27398.80273,1980.699951,4158.77002,16.87000084,0.013305949,-0.003880015,0.011820689,-0.064279089,0.165749876,0.320074554,2.881256626
18-05-2023,26832.20898,1956.5,4198.049805,16.04999924,-0.020896323,-0.01229313,0.009400723,-0.049828144,0.151058249,0.329122526,2.859499036
19-05-2023,26890.12891,1978.699951,4191.97998,16.80999947,0.00215627,0.011282876,-0.001446914,0.046265114,0.153951714,0.325409355,2.903642046
22-05-2023,26851.27734,1974.800049,4192.629883,17.20999908,0.003635896,-0.001972887,0.000155023,0.023516641,0.133435344,0.317283827,2.853964622
23-05-2023,27225.72656,1972.400024,4145.580078,18.53000069,0.013848963,-0.001216064,-0.011285469,0.07390052,0.1212126,0.315224668,2.813151073
24-05-2023,26334.81836,1962.800049,4115.240234,20.03000069,-0.0332704,-0.004879038,-0.007345513,0.077840107,0.132899708,0.328523254,2.805440122
25-05-2023,26476.20703,1943.099976,4151.279785,19.13999939,0.005354526,-0.010087427,0.008719456,-0.04545083,0.142944805,0.319807318,2.979822982
26-05-2023,26719.29102,1944.099976,4205.450195,17.95000076,0.009139333,0.000514509,0.012964681,-0.064190197,0.151472099,0.318419437,2.920366654
30-05-2023,27702.34961,1958,4205.52002,17.45999908,-0.001570299,0.007124412,1.66E-05,-0.027677659,0.209312569,0.34485621,2.878027297
31-05-2023,27219.6582,1963.900024,4179.830078,17.94000053,-0.017577793,0.00300876,-0.006127358,0.027120388,0.215860081,0.341304207,2.834065796
01-06-2023,26819.97266,1978,4221.02002,15.64999962,-0.014792582,0.007153929,0.009806215,-0.136561994,0.198843472,0.333010249,2.859321094
02-06-2023,27249.58984,1952.400024,4282.370117,14.60000038,0.015891611,-0.013026836,0.014429812,-0.069449338,0.209546798,0.314331793,2.862972267
05-06-2023,25760.09766,1958,4273.790039,14.72999954,-0.051410346,0.002864147,-0.002005591,0.008864645,0.14199877,0.346516335,2.856136796
06-06-2023,27238.7832,1965.5,4283.850098,13.96000004,0.055815119,0.003823122,0.00235113,-0.053690099,0.132469108,0.362749249,3.269667414
07-06-2023,26345.99805,1942.699951,4267.52002,13.93999958,-0.033325424,-0.011667933,-0.003819294,-0.001433725,0.176995966,0.290295219,3.595918556
08-06-2023,26508.2168,1963.599976,4293.930176,13.64999962,0.006138366,0.010700778,0.006169572,-0.021022882,0.159320725,0.297721856,3.612307467
09-06-2023,26480.375,1962.199951,4298.859863,13.82999992,-0.00105086,-0.000713243,0.001147401,0.013100646,0.150780076,0.311881026,3.459414025
12-06-2023,25902.5,1955.300049,4338.930176,15.01000023,-0.001453165,-0.003522609,0.009277975,0.081876521,0.120291914,0.3228062,3.325993965
13-06-2023,25918.72852,1944.599976,4369.009766,14.60999966,0.000626327,-0.005487371,0.006908571,-0.027010459,0.245140678,0.198139219,3.212341371
14-06-2023,25124.67578,1955.300049,4372.589844,13.88000011,-0.031115354,0.005487371,0.00081909,-0.051257239,0.251692833,0.185605006,3.114420762
15-06-2023,25576.39453,1957.800049,4425.839844,14.5,0.017819375,0.001277759,0.01210458,0.043699686,0.253742055,0.223335416,3.200208945
16-06-2023,26327.46289,1958.400024,4409.589844,13.53999996,0.028942773,0.000306407,-0.003678376,-0.068500385,0.196170474,0.235045146,3.146354068
20-06-2023,28327.48828,1935.5,4388.709961,13.88000011,0.053528495,-0.011762135,-0.004746354,0.024800699,0.153466303,0.114877143,3.178214979
21-06-2023,30027.29688,1933.300049,4365.689941,13.19999981,0.058274213,-0.001137278,-0.005259086,-0.050232148,0.122517306,0.09481727,3.493442233
22-06-2023,29912.28125,1912.699951,4381.890137,12.90999985,-0.003837724,-0.010712582,0.00370393,-0.022214622,0.123322126,0.062351891,3.800962004
23-06-2023,30695.46875,1919.099976,4348.330078,13.43999958,0.025845906,0.003340483,-0.007688288,0.040233111,0.101976604,0.067558685,3.622883896
26-06-2023,30271.13086,1923.699951,4328.819824,14.25,-0.006884836,0.002394076,-0.004496934,0.058521603,0.066380098,0.075614909,3.549294827
27-06-2023,30688.16406,1914,4378.410156,13.73999977,0.013682563,-0.005055097,0.011390734,-0.036445637,0.0820842,0.079444991,3.412294577
28-06-2023,30086.24609,1912.300049,4376.859863,13.43000031,-0.019808918,-0.000888561,-0.000354139,-0.022820237,0.069223268,0.086474714,3.307115962
29-06-2023,30445.35156,1909.199951,4396.439941,13.53999996,0.011865198,-0.001622451,0.004463568,0.008157231,0.076617365,0.097512658,3.264418943
30-06-2023,30477.25195,1921.099976,4450.379883,13.59000015,0.001047243,0.006213645,0.01219435,0.003685975,0.083499248,0.080421279,3.175458259
03-07-2023,31156.43945,1921.699951,4455.589844,13.56999969,0.017342426,0.00031226,0.001169993,-0.001472788,0.082663179,0.081800369,3.083039214
05-07-2023,30514.16602,1919.599976,4446.819824,14.18000031,-0.008595534,-0.001093367,-0.001970258,0.043971091,0.086938574,0.080058876,3.046023295
06-07-2023,29909.33789,1908.699951,4411.589844,15.43999958,-0.0200203,-0.005694462,-0.007954061,0.085128975,0.106992054,0.137160228,2.990404504
07-07-2023,30342.26563,1926.199951,4398.950195,14.82999992,0.01437091,0.009126768,-0.002869213,-0.040309366,0.103895658,0.134645126,3.003909503
10-07-2023,30414.4707,1925,4409.529785,15.06999969,0.008029539,-0.000623157,0.002402139,0.016053841,0.103292198,0.13614591,2.965983298
11-07-2023,30620.95117,1931.300049,4439.259766,14.84000015,0.006765948,0.003267409,0.006719584,-0.015379744,0.099150755,0.131189928,2.913495243
12-07-2023,30391.64648,1956.199951,4472.160156,13.53999996,-0.00751667,0.012810414,0.007383905,-0.091677983,0.094773177,0.128582358,2.866980134
13-07-2023,31476.04883,1959.199951,4510.040039,13.60999966,0.035059118,0.001532411,0.008434483,0.005156527,0.122087096,0.123729748,2.837359201
14-07-2023,30334.06836,1960.099976,4505.419922,13.34000015,-0.036955453,0.000459278,-0.001024932,-0.02003774,0.131059976,0.099409306,2.991480905
17-07-2023,30145.88867,1952.400024,4522.790039,13.47999954,-0.003418965,-0.003936082,0.00384797,0.01044002,0.128206182,0.073626411,3.167705275
18-07-2023,29856.5625,1977.199951,4554.97998,13.30000019,-0.009643886,0.01262228,0.007092067,-0.013443022,0.107717799,0.072427693,3.080292013
19-07-2023,29913.92383,1977.5,4565.720215,13.76000023,0.001919387,0.000151743,0.002355135,0.0340018,0.107412909,0.021253727,3.022806503
20-07-2023,29792.01563,1968.300049,4534.870117,13.98999977,-0.004083626,-0.00466317,-0.006779827,0.016576923,0.110910936,0.026480359,2.954019183
21-07-2023,29908.74414,1964.300049,4536.339844,13.60000038,0.003910458,-0.002034278,0.000324042,-0.028272952,0.166371682,0.018601642,2.901413536
24-07-2023,29176.91602,1960.300049,4554.640137,13.90999985,-0.030633538,-0.002038425,0.004026038,0.022538174,0.158891983,0.0257877,2.853047625
25-07-2023,29227.39063,1962.099976,4567.459961,13.85999966,0.001728455,0.000917768,0.00281072,-0.003601026,0.100746765,0.017264142,2.987714181
26-07-2023,29354.97266,1968.900024,4566.75,13.18999958,0.004355653,0.003459708,-0.000155451,-0.049548034,0.104401757,0.019013694,2.924458976
27-07-2023,29210.68945,1945.400024,4537.410156,14.40999985,-0.004927239,-0.0120074,-0.006445393,0.088463465,0.102750214,0.012052188,2.872760268
28-07-2023,29319.24609,1960.400024,4582.22998,13.32999992,0.003709444,0.007680923,0.009829376,-0.077905271,0.13952333,-0.021335108,2.835210835
31-07-2023,29230.11133,1970.5,4588.959961,13.63000011,-0.001545063,0.005138771,0.001467635,0.022256126,0.153404578,-0.032292698,2.797553655
01-08-2023,29675.73242,1940.699951,4576.72998,13.93000031,0.015130234,-0.01523861,-0.002668645,0.021771556,0.139763654,-0.048337809,2.766908388
02-08-2023,29151.95898,1937.400024,4513.390137,16.09000015,-0.017807508,-0.001701827,-0.013936201,0.144153161,0.129538001,-0.009313293,2.773286291
03-08-2023,29178.67969,1932,4501.890137,15.92000008,0.000916181,-0.002791145,-0.002551225,-0.010621785,0.127455672,0.00751082,2.81138365
04-08-2023,29074.0918,1939.599976,4478.029785,17.10000038,-0.003590834,0.003926018,-0.005314169,0.071502301,0.129283443,0.00641914,2.77685282
07-08-2023,29180.57813,1933.5,4518.439941,15.77000046,0.004765274,-0.003149922,0.008983619,-0.080969056,0.132601599,0.004770012,2.752667413
08-08-2023,29765.49219,1924.099976,4499.379883,15.98999977,0.019846387,-0.004873519,-0.004227205,0.013854083,0.110296697,-0.025054652,2.729904664
09-08-2023,29561.49414,1915.400024,4467.709961,15.96000004,-0.006877101,-0.004531822,-0.007063619,-0.001877918,0.114392425,-0.02045753,2.770077638
10-08-2023,29429.5918,1914.400024,4468.830078,15.85000038,-0.004471949,-0.00052222,0.000250683,-0.00691607,0.113584059,-0.023397075,2.75498339
11-08-2023,29397.71484,1912.900024,4464.049805,14.84000015,-0.001083747,-0.000783842,-0.001070265,-0.065843276,0.108893371,-0.036832526,2.736275027
14-08-2023,29408.44336,1910.599976,4489.720215,14.81999969,0.004277614,-0.001203112,0.005734005,-0.001348649,0.096904044,-0.03218984,2.715524218
15-08-2023,29170.34766,1902.5,4437.859863,16.45999908,-0.00812912,-0.004248505,-0.011618139,0.10495554,0.133529812,-0.063208678,2.698561412
16-08-2023,28701.7793,1896.099976,4404.330078,16.78000069,-0.016193585,-0.003369679,-0.007584082,0.019254602,0.149274367,-0.059742486,2.700046286
17-08-2023,26664.55078,1884.099976,4370.359863,17.88999939,-0.07362412,-0.006348892,-0.007742811,0.064054121,0.202338713,-0.00261327,2.741310383
18-08-2023,26049.55664,1886.099976,4369.709961,17.29999924,-0.023334249,0.001060952,-0.000148718,-0.033535406,0.228614903,-0.00685934,3.602589493
21-08-2023,26124.14063,1893.300049,4399.77002,17.12999916,-0.002501959,0.003810172,0.006855635,-0.009875194,0.201864969,-0.024995017,3.535274446
22-08-2023,26031.65625,1896.400024,4387.549805,16.96999931,-0.00354647,0.001636001,-0.002781331,-0.009384225,0.199957624,-0.019355415,3.392404169
23-08-2023,26431.64063,1918.5,4436.009766,15.97999954,0.015248456,0.011586266,0.010984331,-0.060109127,0.206136699,0.003117469,3.27153257
24-08-2023,26162.37305,1918.199951,4376.310059,17.20000076,-0.010239566,-0.00015641,-0.013549354,0.073571516,0.213273101,0.0039953,3.194184279
25-08-2023,26047.66797,1911.099976,4405.709961,15.68000031,-0.004393992,-0.003708241,0.006695501,-0.092523394,0.198892414,0.012858715,3.120757064
28-08-2023,26106.15039,1917.900024,4433.310059,15.07999992,0.000630588,0.00355187,0.006245079,-0.039016677,0.21689956,0.027428382,3.042294422
29-08-2023,27727.39258,1936.5,4497.629883,14.44999981,0.060249893,0.00965137,0.014404069,-0.042674956,0.2704519,0.122427741,2.970529055
30-08-2023,27297.26563,1944.300049,4514.870117,13.88000011,-0.015634289,0.00401982,0.003825854,-0.040245438,0.258820235,0.13802401,3.448330491
31-08-2023,25931.47266,1938.199951,4507.660156,13.56999969,-0.051329145,-0.003142358,-0.001598213,-0.022587512,0.265604866,0.130562247,3.359009656
01-09-2023,25800.72461,1939.800049,4515.77002,13.09000015,-0.005054814,0.000825218,0.001797513,-0.03601286,0.253137078,0.086147487,3.640762426
05-09-2023,25779.98242,1926.199951,4496.830078,14.01000023,-0.001257301,-0.007035775,-0.004202998,0.067922785,0.250266045,0.079671256,3.48685441
06-09-2023,25753.23633,1918.099976,4465.47998,14.44999981,-0.001038014,-0.004214025,-0.006996014,0.030923025,0.24826733,0.079765341,3.349660426
07-09-2023,26240.19531,1917.5,4451.140137,14.39999962,0.018732106,-0.000312846,-0.003216433,-0.003466221,0.243141074,0.078983905,3.232175604
08-09-2023,25905.6543,1918.400024,4457.490234,13.84000015,-0.01283115,0.000469264,0.001425606,-0.039665219,0.242434951,0.078436182,3.177924658
11-09-2023,25162.6543,1923.300049,4487.459961,13.80000019,-0.026261881,0.002550968,0.006700951,-0.002894355,0.224224753,0.09366553,3.117795974
12-09-2023,25833.34375,1911.300049,4461.899902,14.22999954,0.026305128,-0.006258822,-0.005712169,0.030683774,0.184662318,0.067531618,3.157298088
13-09-2023,26228.32422,1909.099976,4467.439941,13.47999954,0.015173853,-0.00115175,0.001240862,-0.054145308,0.202154051,0.063889862,3.165621824
14-09-2023,26539.67383,1910,4505.100098,12.81999969,0.011800835,0.000471328,0.008394586,-0.050200644,0.256701815,0.16247766,3.104760492
15-09-2023,26608.69336,1923.699951,4450.319824,13.78999996,0.002597241,0.007147147,-0.012234146,0.072937261,0.306264947,0.18564858,3.040572714
18-09-2023,26754.28125,1931.5,4453.529785,14,0.008260511,0.004046514,0.000721028,0.015113641,0.307839069,0.193127608,2.969168514
19-09-2023,27211.11719,1932,4443.950195,14.10999966,0.016931103,0.000258833,-0.002153327,0.007826412,0.337021392,0.181527978,2.916688238
20-09-2023,27132.00781,1945.599976,4402.200195,15.14000034,-0.002911479,0.007014664,-0.009439204,0.070456529,0.330937721,0.179868769,2.905832722
21-09-2023,26567.63281,1919.199951,4330,17.54000092,-0.021020468,-0.013661993,-0.016536918,0.147143768,0.339079836,0.224314887,2.859055625
22-09-2023,26579.56836,1925.400024,4320.060059,17.20000076,0.000449151,0.003225344,-0.002298237,-0.019574611,0.340192952,0.223871309,2.904232916
25-09-2023,26298.48047,1916.599976,4337.439941,16.89999962,0.001585161,-0.004580981,0.004014994,-0.017595829,0.335459894,0.22478163,2.854561768
26-09-2023,26217.25,1900.400024,4273.529785,18.94000053,-0.00309357,-0.008488367,-0.014844165,0.113962517,0.329750527,0.221417121,2.812829803
27-09-2023,26352.7168,1871.599976,4274.509766,18.21999931,0.005153783,-0.015270736,0.000229288,-0.038756262,0.328620331,0.193542447,2.781722664
28-09-2023,27021.54688,1860.400024,4299.700195,17.34000015,0.025063206,-0.006002135,0.005875877,-0.049503874,0.342065452,0.167357,2.754530655
29-09-2023,26911.7207,1848.099976,4288.049805,17.52000046,-0.004072675,-0.00663346,-0.00271326,0.010327131,0.331014913,0.156746206,2.828675743
02-10-2023,27530.78516,1830,4288.390137,17.61000061,-0.016319146,-0.009842104,7.94E-05,0.005123846,0.33563057,0.153911781,2.796674444
03-10-2023,27429.97852,1824.599976,4229.450195,19.78000069,-0.003668317,-0.002955195,-0.013839396,0.116204404,0.32579451,0.154233675,2.820716325
04-10-2023,27799.39453,1818.5,4263.75,18.57999992,0.013377719,-0.003348786,0.008077048,-0.062585632,0.332007293,0.143372102,2.789280777
05-10-2023,27415.91211,1816.599976,4258.189941,18.48999977,-0.013890662,-0.001045377,-0.001304881,-0.004855696,0.341151317,0.161066274,2.783714721
06-10-2023,27946.59766,1830.199951,4308.5,17.45000076,0.019171884,0.007458615,0.011745642,-0.057890341,0.334942302,0.174550029,2.795909787
09-10-2023,27583.67773,1849.5,4335.660156,17.70000076,-0.012659388,0.010490108,0.006284068,0.01422499,0.330482581,0.163548214,2.819482419
10-10-2023,27391.01953,1861,4358.240234,17.03000069,-0.007009006,0.006198645,0.005194476,-0.038588148,0.326655938,0.15605889,2.818883744
11-10-2023,26873.32031,1872.800049,4376.950195,16.09000015,-0.019081221,0.006320686,0.00428382,-0.056778565,0.323466245,0.15678669,2.795834305
12-10-2023,26756.79883,1869.300049,4349.609863,16.69000053,-0.004345382,-0.001870608,-0.006266025,0.036611799,0.322276552,0.156462395,2.838579297
13-10-2023,26862.375,1927.400024,4327.779785,19.31999969,0.003938006,0.030607902,-0.005031496,0.146331043,0.318223157,0.153067626,2.805470402
16-10-2023,28519.4668,1921.099976,4373.629883,17.20999908,0.048854397,-0.003274031,0.010538642,-0.115650256,0.360207142,0.127768217,2.772953129
17-10-2023,28415.74805,1922.699951,4373.200195,17.87999916,-0.003643399,0.000832497,-9.82E-05,0.038192166,0.38473292,0.123866625,3.123810597
18-10-2023,28328.3418,1955.300049,4314.600098,19.21999931,-0.00308072,0.016813237,-0.013490408,0.072268645,0.377936217,0.114027731,3.043530931
19-10-2023,28719.80664,1968.400024,4278,21.39999962,0.013724231,0.006677383,-0.008519032,0.107439536,0.359896731,0.122212349,2.97491144
20-10-2023,29682.94922,1982.5,4224.160156,21.70999908,0.032985769,0.007137632,-0.012665149,0.014382038,0.300263983,0.141796045,2.939084747
23-10-2023,33086.23438,1976.300049,4217.040039,20.37000084,0.098123406,-0.00313224,-0.001686992,-0.06370967,0.250616744,0.086296925,3.049420437
24-10-2023,33901.52734,1975,4247.680176,18.96999931,0.024342752,-0.000658036,0.007239524,-0.071204524,0.26545729,0.085814576,4.256118913
25-10-2023,34502.82031,1984.099976,4186.77002,20.19000053,0.017581001,0.004597,-0.014443435,0.062328711,0.241471404,0.11636207,4.07853144
26-10-2023,34156.64844,1987.199951,4137.22998,20.68000031,-0.010083818,0.00156119,-0.011903081,0.023979606,0.232807788,0.111327442,3.892919395
27-10-2023,33909.80078,1988.599976,4117.370117,21.27000046,-0.007253169,0.000704273,-0.004811839,0.028130586,0.234901197,0.110858878,3.716469829
30-10-2023,34502.36328,1996.199951,4166.819824,19.75,-0.001046256,0.003814488,0.011938474,-0.074144159,0.224491456,0.111818775,3.556673204
31-10-2023,34667.78125,1985.199951,4193.799805,18.13999939,0.004782939,-0.005525709,0.006454085,-0.08503408,0.225211129,0.1106806,3.409393482
01-11-2023,35437.25391,1978.800049,4237.859863,16.87000084,0.021952876,-0.003229015,0.010451195,-0.072582465,0.246967384,0.113009961,3.28388624
02-11-2023,34938.24219,1985.599976,4317.779785,15.65999985,-0.014181643,0.003430498,0.018682939,-0.074427265,0.204823864,0.104019176,3.239909481
03-11-2023,34732.32422,1991.5,4358.339844,14.90999985,-0.005911207,0.002967,0.009349884,-0.049077562,0.196482491,0.10142515,3.176197836
06-11-2023,35037.37109,1981.599976,4365.97998,14.89000034,-0.000341987,-0.004983537,0.001751458,-0.001342249,0.195869529,0.101682196,3.092390277
07-11-2023,35443.5625,1966.800049,4378.379883,14.81000042,0.011526405,-0.007496705,0.002836093,-0.005387213,0.197603568,0.093244597,3.013238024
08-11-2023,35655.27734,1951.5,4382.779785,14.44999981,0.005955525,-0.007809574,0.001004411,-0.024608255,0.191599419,0.084799288,2.962868517
09-11-2023,36693.125,1964.199951,4347.350098,15.28999996,0.02869224,0.006486705,-0.008116691,0.056504616,0.161063531,0.092314669,2.906987343
10-11-2023,37313.96875,1932.599976,4415.240234,14.17000008,0.016778346,-0.016218779,0.015495759,-0.076071958,0.137282654,0.020768277,2.982389788
13-11-2023,36502.35547,1945.5,4411.549805,14.76000023,-0.015013537,0.006652779,-0.000836188,0.040793776,0.139223926,0.010147704,2.959437844
14-11-2023,35537.64063,1961.800049,4495.700195,14.15999985,-0.026784358,0.008343431,0.01889537,-0.041499757,0.085570469,-0.012162542,2.946753399
15-11-2023,37880.58203,1960.099976,4502.879883,14.18000031,0.063846199,-0.000866964,0.001595738,0.001411465,0.084666393,-0.018751756,3.023837475
16-11-2023,36154.76953,1983.900024,4508.240234,14.31999969,-0.046629756,0.012069137,0.001189719,0.009824598,0.06998401,-0.082565515,3.547638477
17-11-2023,36596.68359,1981.599976,4514.02002,13.80000019,0.012148747,-0.00116003,0.001281228,-0.036988534,0.055486287,-0.084881063,3.722601831
20-11-2023,37476.95703,1977.699951,4547.379883,13.40999985,0.002415334,-0.001970058,0.007363104,-0.02866792,0.058851023,-0.088124438,3.567193504
21-11-2023,35813.8125,1999.300049,4538.189941,13.35000038,-0.045392622,0.010862615,-0.002022976,-0.004484272,0.06860332,-0.12742123,3.417636079
22-11-2023,37432.33984,1991.400024,4556.620117,12.85000038,0.044201389,-0.003959222,0.004052905,-0.038172572,0.017591405,-0.194058342,3.604984373
24-11-2023,37720.28125,2002.199951,4559.339844,12.46000004,0.011482881,0.00540863,0.000596696,-0.030820325,0.023929411,-0.184981568,3.702880513
27-11-2023,37254.16797,2011.800049,4550.430176,12.68999958,-0.006020177,0.004783316,-0.001956069,0.018290732,0.0183239,-0.216978884,3.548333592
29-11-2023,37858.49219,2047.099976,4550.580078,12.97999954,0.000724175,0.003621431,-0.000946697,0.022595427,0.02019979,-0.217972225,3.409479949
30-11-2023,37712.74609,2038.099976,4567.799805,12.92000008,-0.003857189,-0.004406156,0.003776931,-0.004633172,0.015052477,-0.219163153,3.282394325
01-12-2023,38688.75,2071,4594.629883,12.63000011,0.02555073,0.016013593,0.005856559,-0.022701559,0.020979977,-0.1862557,3.178305315
04-12-2023,41980.09766,2024.099976,4569.779785,13.07999992,0.048856567,-0.022906437,-0.005423188,0.035009395,0.002776138,-0.253390237,3.177132437
05-12-2023,44080.64844,2018.5,4567.180176,12.85000038,0.048825235,-0.002770484,-0.000569032,-0.017740499,0.000882304,-0.25993021,3.426101348
06-12-2023,43746.44531,2030.5,4549.339844,12.97000027,-0.007610516,0.005927407,-0.003913852,0.009295178,0.024264681,-0.263649782,3.617818491
07-12-2023,43292.66406,2029.900024,4585.589844,13.06000042,-0.01042716,-0.000295525,0.007936611,0.006915137,0.023056589,-0.252739474,3.472837193
08-12-2023,44166.60156,1998.300049,4604.370117,12.35000038,0.019985683,-0.015689699,0.004087134,-0.055898062,0.026542318,-0.261182322,3.357512312
11-12-2023,41243.83203,1978,4622.439941,12.63000011,-0.059668647,-0.01021061,0.003916814,0.022418851,0.003158255,-0.191113085,3.289917635
12-12-2023,41450.22266,1977.800049,4643.700195,12.06999969,0.004991678,-0.000101093,0.004588813,-0.045351936,9.58E-05,-0.190636272,3.717332005
13-12-2023,42890.74219,1982.300049,4707.089844,12.18999958,0.03416275,0.002272671,0.013558345,0.009892899,0.029026174,-0.185290452,3.548515677
14-12-2023,43023.97266,2030.199951,4719.549805,12.47999954,0.003101461,0.023876475,0.002643565,0.023511417,0.031491058,-0.179578386,3.55368172
15-12-2023,41929.75781,2021.099976,4719.189941,12.27999973,-0.025761679,-0.004492381,-7.63E-05,-0.016155425,0.027386666,-0.163198573,3.406284471
18-12-2023,42623.53906,2026.300049,4740.560059,12.56000042,0.02997967,0.002569588,0.004518122,0.022545293,-0.004737655,-0.190212988,3.389792577
19-12-2023,42270.52734,2038.400024,4768.370117,12.52999973,-0.008316571,0.005953704,0.005849267,-0.002391447,-0.011652523,-0.193738569,3.386507148
20-12-2023,43652.25,2034.5,4698.350098,13.67000008,0.032164737,-0.00191511,-0.014793148,0.087077909,-0.043852824,-0.199216104,3.277198947
21-12-2023,43869.15234,2039.099976,4746.75,13.64999962,0.004956566,0.002258434,0.010248769,-0.001464163,-0.059123597,-0.207769102,3.313401352
22-12-2023,43997.90234,2057.100098,4754.629883,13.02999973,0.002930566,0.008788749,0.001658682,-0.046485123,-0.059287938,-0.216223678,3.202158775
26-12-2023,42520.40234,2058.199951,4774.75,12.98999977,-0.02537448,0.000534519,0.004222761,-0.003074558,-0.071643239,-0.203693953,3.105999221
27-12-2023,43442.85547,2081.899902,4781.580078,12.43000031,0.021462391,0.011449101,0.001429436,-0.044066883,-0.075805655,-0.197648783,3.140078329
28-12-2023,42627.85547,2073.899902,4783.350098,12.47000027,-0.018938483,-0.003850046,0.000370106,0.003212851,-0.07592913,-0.20837408,3.117184422
29-12-2023,42099.40234,2062.399902,4769.830078,12.44999981,-0.012474379,-0.00556054,-0.002830477,-0.001605174,-0.083673723,-0.200467001,3.100965581
02-01-2024,44957.96875,2064.399902,4742.830078,13.19999981,0.017742604,0.000969274,-0.005676661,0.058496208,-0.094569588,-0.198824088,3.051698926
03-01-2024,42848.17578,2034.199951,4704.810059,14.03999996,-0.048064954,-0.014736983,-0.008048618,0.061693581,-0.053416719,-0.130547095,3.022039549
04-01-2024,44179.92188,2042.300049,4688.680176,14.13000011,0.030607358,0.00397405,-0.003434272,0.006389809,-0.074991975,-0.131705772,3.339762864
05-01-2024,44162.69141,2042.400024,4697.240234,13.35000038,-0.000390083,4.90E-05,0.001824022,-0.056783791,-0.068366783,-0.121169365,3.350688932
08-01-2024,46970.50391,2026.599976,4763.540039,13.07999992,0.066624266,-0.007766099,0.014015945,-0.020432073,-0.002400033,-0.147884075,3.232618311
09-01-2024,46139.73047,2026.400024,4756.5,12.76000023,-0.017845417,-9.87E-05,-0.001478994,-0.024769044,0.008903566,-0.137287278,3.74327109
10-01-2024,46627.77734,2021.699951,4783.450195,12.68999958,0.010522033,-0.002322114,0.005649981,-0.005501047,0.003096334,-0.140443649,3.620621394
11-01-2024,46368.58594,2014.300049,4780.240234,12.43999958,-0.005574241,-0.003666953,-0.000671281,-0.019897195,0.003653039,-0.143804959,3.475140189
12-01-2024,42853.16797,2046.699951,4783.830078,12.69999981,-0.078842629,0.015956951,0.000750694,0.020684925,-0.019924819,-0.209593007,3.345882548
16-01-2024,43154.94531,2026,4765.97998,13.84000015,0.015011365,-0.01016531,-0.003738319,0.085960983,-0.024625598,-0.213611678,4.100228225
17-01-2024,42742.65234,2002.599976,4739.209961,14.78999996,-0.009599713,-0.011617082,-0.005632731,0.066388313,-0.026753388,-0.194991388,3.901978017
18-01-2024,41262.05859,2018.599976,4780.939941,14.13000011,-0.035253906,0.007957866,0.008766721,-0.045651069,-0.041250081,-0.216557266,3.722824145
19-01-2024,41618.40625,2026.5,4839.810059,13.30000019,0.008599128,0.003905977,0.012238308,-0.060536155,-0.006123642,-0.231542994,3.734976648
22-01-2024,39507.36719,2019.800049,4850.430176,13.18999958,-0.05030891,-0.003311646,0.002191921,-0.008305115,0.025151811,-0.210484132,3.569067866
23-01-2024,39845.55078,2023.699951,4864.600098,12.55000019,0.008523584,0.001928974,0.002917115,-0.049738254,0.016288527,-0.209208594,3.787804103
24-01-2024,40077.07422,2013.900024,4868.549805,13.14000034,0.005793706,-0.004854342,0.000811599,0.045940358,0.04066762,-0.216595215,3.614462861
25-01-2024,39933.80859,2016.900024,4894.160156,13.44999981,-0.003581157,0.001488539,0.005246578,0.023318053,0.026216366,-0.216086663,3.460823761
26-01-2024,41816.87109,2016.800049,4890.970215,13.26000023,0.046076574,-4.96E-05,-0.000651998,-0.01422709,0.005838094,-0.211679682,3.330056712
29-01-2024,43288.24609,2025.199951,4927.930176,13.60000038,0.029364416,0.004156316,0.007528366,0.025317819,0.020279076,-0.201278993,3.507704908
30-01-2024,42952.60938,2031.5,4924.970215,13.31000042,-0.007783745,0.003105999,-0.00060083,-0.021554157,0.022622262,-0.202948731,3.479019987
31-01-2024,42582.60547,2048.399902,4845.649902,14.35000038,-0.008651553,0.008284516,-0.016236852,0.075234305,0.025216192,-0.203454777,3.354526132
01-02-2024,43075.77344,2053,4906.189941,13.88000011,0.01151489,0.002243185,0.012416286,-0.033301005,0.058702176,-0.199145532,3.251025896
02-02-2024,43185.85938,2036.099976,4958.609863,13.85000038,0.002552375,-0.008265937,0.010627771,-0.002163703,0.063963616,-0.196190818,3.163006166
05-02-2024,42658.66797,2025.699951,4942.810059,13.67000008,0.001761708,-0.005120906,-0.003191425,-0.013081604,0.063882355,-0.196919017,3.072641218
06-02-2024,43084.67188,2034.5,4954.22998,13.06000042,0.009936805,0.004334793,0.002307746,-0.0456495,0.063447912,-0.190956655,2.996027692
07-02-2024,44318.22266,2035.199951,4995.060059,12.82999992,0.028228646,0.000343982,0.008207683,-0.017767983,0.076532456,-0.18953956,2.943516944
08-02-2024,45301.56641,2032.199951,4997.910156,12.78999996,0.021945671,-0.001475144,0.000570421,-0.00312256,0.099445387,-0.204660664,3.007622651
09-02-2024,47147.19922,2023.300049,5026.609863,12.93000031,0.039932995,-0.00438906,0.005725917,0.010886604,0.096737328,-0.20535435,3.010957029
12-02-2024,49958.22266,2018.199951,5021.839844,13.93000031,0.033881479,-0.002523865,-0.000949404,0.074494593,0.08263358,-0.203251054,3.183182854
13-02-2024,49742.44141,1992.900024,4953.169922,15.85000038,-0.004328589,-0.012615124,-0.013768609,0.129124715,0.145141006,-0.176324233,3.253605273
14-02-2024,51826.69531,1990.300049,5000.620117,14.38000011,0.04104685,-0.001305471,0.009534168,-0.097331164,0.173922029,-0.17993094,3.154667034
15-02-2024,51938.55469,2002.099976,5029.72998,14.01000023,0.002156009,0.005911212,0.005804373,-0.026066984,0.174471234,-0.141250488,3.3088064
16-02-2024,52160.20313,2011.5,5005.569824,14.23999977,0.004258433,0.004684095,-0.004815044,0.016283513,0.173624925,-0.140443846,3.196438903
20-02-2024,52284.875,2027.5,4975.509766,15.42000008,0.009719679,0.007922795,-0.006023426,0.079610483,0.170328512,-0.136704492,3.102044246
21-02-2024,51839.17969,2022.300049,4981.799805,15.34000015,-0.008560904,-0.002568005,0.001263401,-0.005201567,0.158332588,-0.096375182,3.031981161
22-02-2024,51304.97266,2019.699951,5087.029785,14.53999996,-0.010358548,-0.00128654,0.020902889,-0.053560336,0.114357517,-0.083965045,2.978517832
23-02-2024,50731.94922,2038.599976,5088.799805,13.75,-0.011231806,0.009314324,0.000347887,-0.055864645,0.116986068,-0.097717411,2.940406003
26-02-2024,54522.40234,2028.5,5069.529785,13.73999977,0.052511188,-0.004966682,-0.003793939,-0.000727554,0.086289515,-0.109850261,2.91230463
27-02-2024,57085.37109,2034,5078.180176,13.43000031,0.045936216,0.002707694,0.001704896,-0.022820237,0.083389373,-0.097947546,3.281308452
28-02-2024,62504.78906,2033,5069.759766,13.84000015,0.090695293,-0.000491763,-0.001659531,0.030071928,0.055705986,-0.097325403,3.467893917
29-02-2024,61198.38281,2045.699951,5096.27002,13.39999962,-0.021122414,0.006227471,0.00521547,-0.032308283,0.041320828,-0.135169592,4.357948935
01-03-2024,62440.63281,2086.899902,5137.080078,13.10999966,0.020095466,0.019939659,0.007975936,-0.021879407,0.074626162,-0.044629067,4.164657555
04-03-2024,68330.41406,2117.699951,5130.950195,13.48999977,0.078567081,0.014650907,-0.001193975,0.028573382,0.062635271,0.041092249,3.978164382
05-03-2024,63801.19922,2133.5,5078.649902,14.46000004,-0.068582982,0.007433253,-0.010245406,0.069437566,0.120708706,0.010053777,4.485636734
06-03-2024,66106.80469,2150.300049,5104.759766,14.5,0.0354997,0.007843566,0.005127933,0.00276243,0.135568857,0.022512835,4.757234179
07-03-2024,66925.48438,2158,5157.359863,14.43999958,0.01230814,0.003574477,0.010251402,-0.004146545,0.135679781,0.04076077,4.58057191
08-03-2024,68300.09375,2178.600098,5123.689941,14.73999977,0.020331312,0.009500647,-0.006549923,0.020562767,0.141280259,-0.006729367,4.311938668
11-03-2024,72123.90625,2182.5,5117.939941,15.22000027,0.043992299,0.001788495,-0.001122868,0.032045499,0.132773911,-0.006595136,4.10637289
12-03-2024,71481.28906,2160.399902,5175.27002,13.84000015,-0.008949836,-0.010177664,0.011139513,-0.095047409,0.098178503,0.006306688,4.108109976
13-03-2024,73083.5,2175.399902,5165.310059,13.75,0.022166899,0.006919166,-0.001926384,-0.006524137,0.09439812,0.021146267,3.899337125
14-03-2024,71396.59375,2163,5150.47998,14.39999962,-0.023352461,-0.005716364,-0.002875221,0.046189356,0.100607031,0.023026786,3.76100455
15-03-2024,69403.77344,2157.300049,5117.089844,14.40999985,-0.028308923,-0.002638685,-0.006504023,0.000694219,0.114768205,0.030480075,3.668699515
18-03-2024,67548.59375,2160.699951,5149.419922,14.32999992,-0.012388508,0.001574758,0.006298184,-0.005567163,0.112516345,0.035519855,3.628084474
19-03-2024,61912.77344,2156.300049,5178.509766,13.81999969,-0.087120732,-0.002038408,0.005633253,-0.03623844,0.113041605,0.059086335,3.497211066
20-03-2024,67913.67188,2157.899902,5224.620117,13.03999996,0.092510853,0.000741669,0.008864766,-0.058095243,0.151819179,0.054798695,4.364615748
21-03-2024,65491.39063,2182.399902,5241.529785,12.92000008,-0.036318674,0.011289663,0.003231309,-0.009245049,0.145271973,0.025942698,5.009788233
22-03-2024,63778.76172,2158.100098,5234.180176,13.06000042,-0.026498447,-0.011196894,-0.001403172,0.010777652,0.157361756,0.050069276,4.824990474
25-03-2024,69958.8125,2174.800049,5218.189941,13.18999958,0.039725048,0.007708479,-0.00305964,0.009904779,0.14541309,0.054826318,4.598306006
26-03-2024,69987.83594,2175.600098,5203.580078,13.23999977,0.000414779,0.000367805,-0.002803722,0.003783598,0.145369185,0.047710529,4.478862833
27-03-2024,69455.34375,2190.600098,5248.490234,12.77999973,-0.007637445,0.00687099,0.008593596,-0.035361105,0.132510696,0.034195105,4.209407299
28-03-2024,70744.95313,2217.399902,5254.350098,13.01000023,0.01839719,0.012159771,0.001115863,0.017836882,0.139031745,0.042304204,3.984096467
01-04-2024,69702.14844,2236.5,5243.77002,13.64999962,-0.023137002,0.00857685,-0.002015615,0.048021184,0.113283551,-0.030548799,3.815066642
02-04-2024,65446.97266,2261,5205.810059,14.60999966,-0.062990904,0.010895049,-0.007265388,0.067966709,0.160150725,-0.075109073,3.712947092
03-04-2024,65980.8125,2294.399902,5211.490234,14.32999992,0.008123743,0.014664136,0.001090528,-0.019350966,0.16007102,-0.07142565,4.082987517
04-04-2024,68508.84375,2288.800049,5147.209961,16.35000038,0.037598863,-0.002443645,-0.012411036,0.131872684,0.078048009,-0.043503923,3.869306835
05-04-2024,67837.64063,2325.699951,5204.339844,16.03000069,-0.00984563,0.015993364,0.01103805,-0.019765911,0.062977454,-0.058724526,3.849916518
08-04-2024,71631.35938,2331.699951,5202.390137,15.18999958,0.032185794,0.002576546,-0.000374701,-0.05382472,0.057995523,-0.056637964,3.678674181
09-04-2024,69139.01563,2343.5,5209.910156,14.97999954,-0.035413761,0.005047944,0.001444449,-0.013921341,0.055899762,-0.067229392,3.644016402
10-04-2024,70587.88281,2329.600098,5160.640137,15.80000019,0.020739301,-0.005948917,-0.009501982,0.053294005,0.042697307,-0.001895467,3.672026225
11-04-2024,70060.60938,2354.800049,5199.060059,14.90999985,-0.007497783,0.010759198,0.007417222,-0.057977834,0.039876371,-0.00246862,3.55975034
12-04-2024,67195.86719,2356.199951,5123.410156,17.30999947,-0.04174897,0.000594312,-0.014657588,0.14925222,0.080839402,-0.011266838,3.422786977
15-04-2024,63426.21094,2365.800049,5061.819824,19.22999954,-0.035810999,0.004066121,-0.012094196,0.105187197,0.134563291,-0.000121571,3.56365746
16-04-2024,63811.86328,2390.800049,5051.410156,18.39999962,0.00606192,0.010511807,-0.002058625,-0.044120892,0.134755234,-0.000107664,3.610562278
17-04-2024,61276.69141,2371.699951,5022.209961,18.20999908,-0.040539585,-0.008021081,-0.005797375,-0.0103798,0.159997304,0.010915001,3.457812572
18-04-2024,63512.75391,2382.300049,5011.120117,18,0.035841202,0.004459451,-0.002210602,-0.011599086,0.153230856,0.01461828,3.577136385
19-04-2024,63843.57031,2398.399902,4967.22998,18.70999908,0.005195143,0.00673538,-0.00879713,0.038686333,0.151849062,0.014268405,3.592778919
22-04-2024,66837.67969,2332.199951,5010.600098,16.94000053,0.029008902,-0.0279898,0.008693351,-0.099380371,0.165468173,-0.030006325,3.441493708
23-04-2024,66407.27344,2327.699951,5070.549805,15.68999958,-0.006460398,-0.001931373,0.011893567,-0.076654181,0.157741861,-0.020979661,3.421297824
24-04-2024,64276.89844,2324.5,5071.629883,15.97000027,-0.032606301,-0.001375672,0.000212987,0.017688439,0.148086615,-0.014964071,3.301879412
25-04-2024,64481.70703,2329.800049,5048.419922,15.36999989,0.003181283,0.002277486,-0.004586934,-0.038294429,0.147434613,-0.014357662,3.366006605
26-04-2024,63755.32031,2334.800049,5099.959961,15.02999973,-0.011328935,0.002143807,0.010157381,-0.022369364,0.126743007,-0.009349165,3.245605349
29-04-2024,63841.12109,2345.399902,5116.169922,14.67000008,0.011467092,0.004529666,0.003173408,-0.024243589,0.125297876,-0.008438811,3.16831092
30-04-2024,60636.85547,2291.399902,5035.689941,15.64999962,-0.05149463,-0.02329298,-0.015855551,0.064666295,0.178508299,0.069876223,3.092983569
01-05-2024,58254.01172,2299.899902,5018.390137,15.39000034,-0.040089923,0.003702659,-0.003441353,-0.016752922,0.185913843,0.064649631,3.44376444
02-05-2024,59123.43359,2299.199951,5064.200195,14.68000031,0.014814393,-0.000304386,0.009087025,-0.047231926,0.189171506,0.062295829,3.560737335
03-05-2024,62889.83594,2299,5127.790039,13.48999977,0.061757206,-8.70E-05,0.012478558,-0.084537391,0.214062054,0.056789902,3.437700167
07-05-2024,62334.81641,2315.199951,5187.700195,13.22999954,-0.01318193,-0.002760589,0.001342528,-0.01946171,0.21305884,0.064533178,3.812258972
08-05-2024,61187.94141,2313.600098,5187.669922,13,-0.018569986,-0.000691261,-5.84E-06,-0.017537586,0.203778359,0.081332261,3.65800355
09-05-2024,63049.96094,2332.100098,5214.080078,12.68999958,0.029977309,0.007964396,0.005078033,-0.024135109,0.213827045,0.098107483,3.552130953
10-05-2024,60792.77734,2367.300049,5222.680176,12.55000019,-0.036456455,0.014980895,0.00164804,-0.011093568,0.210269763,0.066543117,3.520798566
13-05-2024,62901.44922,2336.100098,5221.419922,13.60000038,0.023371494,-0.013267172,-0.000241333,0.08034914,0.191095043,0.055006081,3.582500342
14-05-2024,61552.78906,2353.399902,5246.680176,13.42000008,-0.021674038,0.007378135,0.004826149,-0.013323684,0.184299186,0.048667419,3.49921647
15-05-2024,66267.49219,2388.699951,5308.149902,12.44999981,0.073804298,0.014888215,0.011647828,-0.07502553,0.224335108,0.090930928,3.437282849
16-05-2024,65231.58203,2380,5297.100098,12.42000008,-0.015755724,-0.003648777,-0.002083837,-0.002412525,0.231619069,0.094258249,4.014215905
17-05-2024,67051.875,2412.199951,5303.27002,11.98999977,0.027522835,0.013438686,0.001164096,-0.035235133,0.231606401,0.103933906,3.842331469
20-05-2024,71448.19531,2433.899902,5308.129883,12.14999962,0.075109089,0.008955695,0.00091597,0.013256188,0.258897762,0.119328226,3.745650075
21-05-2024,70136.53125,2421.699951,5321.410156,11.85999966,-0.018528857,-0.005025116,0.00249875,-0.024157774,0.255445159,0.132063447,4.257471831
22-05-2024,69122.33594,2389.199951,5307.009766,12.28999996,-0.01456587,-0.013511191,-0.002709791,0.035614556,0.276120393,0.162415475,4.064759019
23-05-2024,67929.5625,2335,5267.839844,12.77000046,-0.017406597,-0.02294667,-0.007408162,0.038312785,0.281991943,0.175750736,3.880777849
24-05-2024,68526.10156,2332.5,5304.720215,11.93000031,0.008743395,-0.001071237,0.006976649,-0.068042444,0.309994675,0.194284482,3.735682372
28-05-2024,68296.21875,2355.199951,5306.040039,12.92000008,-0.015953999,0.009684975,0.000248771,0.079720243,0.31843378,0.192162903,3.569964001
29-05-2024,67578.09375,2340.300049,5266.950195,14.27999973,-0.010570529,-0.006346482,-0.007394317,0.100083434,0.314261393,0.183824244,3.463616762
30-05-2024,68364.99219,2342.899902,5235.47998,14.47000027,0.01157701,0.001110289,-0.005992958,0.013217621,0.327482527,0.141074629,3.350170132
31-05-2024,67491.41406,2322.899902,5277.509766,12.92000008,-0.012860493,-0.008573074,0.007995824,-0.113301055,0.283585787,0.172566308,3.247248682
03-06-2024,68804.78125,2346.600098,5283.399902,13.10999966,0.015425139,0.010151151,0.00111546,0.014598767,0.275459564,0.168273304,3.176187065
04-06-2024,70567.76563,2325.5,5291.339844,13.15999985,0.025300225,-0.009032444,0.001501681,0.003806643,0.272092834,0.150644912,3.114735971
05-06-2024,71082.82031,2354.100098,5354.029785,12.63000011,0.007272218,0.012223461,0.011778016,-0.041106969,0.285897644,0.145724075,3.122972052
06-06-2024,70757.16406,2370.300049,5352.959961,12.57999992,-0.00459189,0.00685802,-0.000199837,-0.0039667,0.296153834,0.145002284,3.044027686
07-06-2024,69342.58594,2305.199951,5346.990234,12.22000027,-0.020194557,-0.027849131,-0.001115842,-0.02903427,0.30947323,0.158605315,2.978001706
10-06-2024,69512.28125,2307.699951,5360.790039,12.73999977,-0.001950427,0.001083917,0.00257753,0.041672657,0.315090663,0.15250614,2.994993536
11-06-2024,67332.03125,2307.5,5375.319824,12.85000038,-0.031867375,-8.66E-05,0.002706715,0.008597209,0.304211306,0.146996697,2.932554606
12-06-2024,68241.1875,2336,5421.029785,12.03999996,0.013412234,0.012275378,0.00846772,-0.065109404,0.299551061,0.149899941,3.063516616
13-06-2024,66756.39844,2300.199951,5433.740234,11.93999958,-0.021998155,-0.015444011,0.002341911,-0.008340364,0.302468579,0.1629165,3.011842788
14-06-2024,66011.09375,2331.399902,5431.600098,12.65999985,-0.011227334,0.013472849,-0.000393938,0.058553332,0.357093398,0.15111224,3.036038904
17-06-2024,66490.29688,2312.399902,5473.22998,12.75,-0.00223467,-0.008183,0.007635164,0.007083867,0.320867619,0.165020205,2.991975166
18-06-2024,65140.74609,2330.399902,5487.029785,12.30000019,-0.020505772,0.007753981,0.002518154,-0.035931994,0.328618347,0.179899141,2.930360016
20-06-2024,64828.65625,2353.800049,5473.169922,13.27999973,-0.002028534,0.009991179,-0.002529127,0.076659846,0.326125484,0.164605963,2.958330958
21-06-2024,64096.19922,2316.399902,5464.620117,13.19999981,-0.011362664,-0.01601685,-0.001563352,-0.006042309,0.34777585,0.158120122,2.901849812
24-06-2024,60277.41406,2330,5447.870117,13.32999992,-0.047042934,0.005854053,-0.003069879,0.009800313,0.355799791,0.142731485,2.88086704
25-06-2024,61804.64063,2316.600098,5469.299805,12.84000015,0.025020979,-0.005767632,0.003925874,-0.037451818,0.368421257,0.133123829,3.22004631
26-06-2024,60811.27734,2299.199951,5477.899902,12.55000019,-0.016203198,-0.007539421,0.001571196,-0.022844629,0.367002218,0.126740995,3.207652611
27-06-2024,61604.80078,2324.5,5482.870117,12.23999977,0.012964548,0.010943747,0.00090691,-0.025011422,0.363954812,0.144622848,3.159714104
28-06-2024,60320.13672,2327.699951,5460.47998,12.43999958,-0.021073812,0.001375672,-0.004092013,0.016207795,0.343895435,0.186523838,3.090895694
01-07-2024,62851.98047,2327.600098,5475.089844,12.22000027,0.002767263,-4.29E-05,0.002671991,-0.017843078,0.34436818,0.181255541,3.093951575
02-07-2024,62029.01563,2323,5509.009766,12.02999973,-0.013180176,-0.001978282,0.006176206,-0.015670468,0.405898971,0.191560015,3.014288717
03-07-2024,60173.92188,2359.800049,5537.02002,12.09000015,-0.030363203,0.015717437,0.005071562,0.004975169,0.405702231,0.171457809,2.982703483
05-07-2024,56662.375,2388.5,5567.189941,12.47999954,-0.005549608,0.012088663,0.005433974,0.031748649,0.413402535,0.165510063,3.087424645
08-07-2024,56705.09766,2355.199951,5572.850098,12.36999989,0.015210534,-0.014039925,0.001016182,-0.008853149,0.418451385,0.158797568,3.016615135
09-07-2024,58009.22656,2360.100098,5576.97998,12.51000023,0.022737964,0.002078404,0.000740797,0.011254166,0.45277064,0.170308424,2.98029943
10-07-2024,57742.49609,2372.199951,5633.910156,12.85000038,-0.004608673,0.005113742,0.010156315,0.026815498,0.45001176,0.173936193,2.993983568
11-07-2024,57344.91406,2415,5584.540039,12.92000008,-0.006909246,0.017881513,-0.00880165,0.005432663,0.412527546,0.169538128,2.935974277
12-07-2024,57899.46484,2414,5615.350098,12.46000004,0.009623985,-0.000414164,0.005501864,-0.036252988,0.388594839,0.179260447,2.893050845
15-07-2024,64870.15234,2422.899902,5631.220215,13.11999989,0.06499862,0.003680007,0.002822216,0.051614258,0.381921027,0.180857126,2.856555298
16-07-2024,65097.14844,2462.399902,5667.200195,13.18999958,0.00349313,0.016171315,0.00636905,0.00532116,0.360817943,0.165825898,3.452492164
17-07-2024,64118.79297,2454.800049,5588.27002,14.47999954,-0.015143242,-0.003091133,-0.014025442,0.09330942,0.38495492,0.16254353,3.319723134
18-07-2024,63974.06641,2451.800049,5544.589844,15.93000031,-0.002259714,-0.001222843,-0.007847112,0.095435788,0.394890758,0.161025023,3.248073707
19-07-2024,66710.15625,2395.5,5505,16.52000046,0.04187942,-0.023230491,-0.007165879,0.036367653,0.327903377,0.152663543,3.146865584
22-07-2024,67585.25,2392,5564.410156,14.90999985,-0.008387767,-0.001462141,0.010734217,-0.102539677,0.328410461,0.152669136,3.312658443
23-07-2024,65927.67188,2404.600098,5555.740234,14.72000027,-0.024831504,0.005253774,-0.001559318,-0.012824987,0.333160885,0.142899012,3.214677267
24-07-2024,65372.13281,2413.300049,5427.129883,18.04000092,-0.008462197,0.003611516,-0.023421242,0.203384434,0.31605837,0.14083538,3.224435064
25-07-2024,65777.22656,2351.899902,5399.220215,18.45999908,0.006177614,-0.025771655,-0.005155889,0.023014614,0.325013395,0.126119584,3.140196877
26-07-2024,67912.0625,2380,5459.100098,16.38999939,0.031939992,0.011877017,0.01102942,-0.118934824,0.343247018,0.141884125,3.056718525
29-07-2024,66819.91406,2377.300049,5463.540039,16.60000038,-0.021262246,-0.001135077,0.00081298,0.012731363,0.285734371,0.081248934,3.132949557
30-07-2024,66201.01563,2405,5436.439941,17.69000053,-0.009305346,0.011584493,-0.004972514,0.06359682,0.277639378,0.083269854,3.129929708
31-07-2024,64619.25,2426.5,5522.299805,16.36000061,-0.024183451,0.008899986,0.015669981,-0.07816017,0.222392238,0.071113508,3.06329579
01-08-2024,65357.5,2435,5446.680176,18.59000015,0.011359846,0.003496867,-0.013788124,0.127784441,0.141685625,0.079761522,3.09535877
02-08-2024,61415.06641,2425.699951,5346.560059,23.38999939,-0.062217014,-0.003826634,-0.018552907,0.229684745,0.233871192,0.090099872,3.031214971
05-08-2024,53991.45703,2401.699951,5186.330078,38.56999969,-0.073631986,-0.009943323,-0.030427041,0.50016621,0.357270783,0.125324082,3.575970284
06-08-2024,56034.31641,2389.100098,5240.029785,27.70999908,0.037138465,-0.005260033,0.010300849,-0.330681438,0.36942812,0.099278394,4.161791049
07-08-2024,55027.46094,2390.5,5199.5,27.85000038,-0.018131946,0.000585782,-0.007764715,0.005039654,0.384199565,0.13020629,4.089356703
08-08-2024,61710.13672,2422.199951,5319.310059,23.79000092,0.114615857,0.013173649,0.02278114,-0.157567617,0.480093058,0.20486006,3.918101001
09-08-2024,60880.11328,2432.100098,5344.160156,20.37000084,-0.013541634,0.004078924,0.004660798,-0.155202091,0.4837592,0.210845822,5.150287314
12-08-2024,59354.51563,2462.399902,5344.390137,20.70999908,0.0107566,0.012381323,4.30E-05,0.01655336,0.460081408,0.173426967,4.823255321
13-08-2024,60609.56641,2466.699951,5434.430176,18.12000084,0.020924539,0.001744761,0.016707233,-0.133600284,0.466576479,0.171262772,4.521130033
14-08-2024,58737.26953,2439.399902,5455.209961,16.19000053,-0.031378301,-0.011129138,0.003816437,-0.112622546,0.45777158,0.170417936,4.290217965
15-08-2024,57560.09766,2453.100098,5543.220215,15.22999954,-0.020244862,0.005600503,0.01600449,-0.061126664,0.453804709,0.137522925,4.17440689
16-08-2024,58894.10547,2498.600098,5554.25,14.80000019,0.02291143,0.018378043,0.001987802,-0.028639943,0.45584944,0.154712164,4.002078113
19-08-2024,59493.45313,2501.800049,5608.25,14.64999962,0.017113664,0.001279878,0.009675327,-0.010186884,0.460015979,0.147449456,3.852859594
20-08-2024,59012.79297,2511.300049,5597.120117,15.88000011,-0.008112025,0.003790074,-0.001986527,0.080620154,0.456494242,0.131413764,3.696841751
21-08-2024,61175.19141,2508.399902,5620.850098,16.27000046,0.035987488,-0.001155506,0.004230715,0.024262486,0.45527728,0.125883982,3.54199441
22-08-2024,60381.91406,2478.899902,5570.640137,17.54999924,-0.013052114,-0.011830187,-0.008972942,0.075730957,0.458200308,0.141007973,3.565401738
23-08-2024,64094.35547,2508.399902,5634.609863,15.85999966,0.059666678,0.011830187,0.011417937,-0.101253712,0.473969425,0.166933938,3.44644099
26-08-2024,62880.66016,2517.699951,5616.839844,16.14999962,-0.022842512,0.003700706,-0.00315871,0.018119831,0.48491499,0.163212229,3.786482073
27-08-2024,59504.13281,2516,5625.799805,15.43000031,-0.055192878,-0.000675428,0.001593925,-0.04560634,0.477817371,0.159442706,3.686844504
28-08-2024,59027.625,2501,5592.180176,17.11000061,-0.008040215,-0.005979687,-0.005993901,0.103349437,0.479244115,0.154588505,3.946619365
29-08-2024,59388.17969,2525.699951,5591.959961,15.64999962,0.006089657,0.009827581,-3.94E-05,-0.089192231,0.480827839,0.174595361,3.75713151
30-08-2024,59119.47656,2493.800049,5648.399902,15,-0.004534789,-0.012710562,0.010042457,-0.042420692,0.47531866,0.170056575,3.584090146
03-09-2024,57431.02344,2489.899902,5528.930176,20.71999931,-0.028857442,-0.001565161,-0.021377963,0.323049183,0.484721284,0.173523696,3.437240712
04-09-2024,57971.53906,2493.399902,5520.069824,21.31999969,0.009367549,0.001404692,-0.001603829,0.028546201,0.482322216,0.156879941,3.441175171
05-09-2024,56160.48828,2511.399902,5503.410156,19.89999962,-0.03173873,0.007193126,-0.003022581,-0.068925872,0.483998534,0.14544741,3.318737943
06-09-2024,53948.75391,2493.5,5408.419922,22.37999916,-0.04017886,-0.007152982,-0.017410945,0.117447953,0.509503248,0.159372827,3.371058256
09-09-2024,57019.53516,2501.800049,5471.049805,19.45000076,0.038945514,0.003323146,0.011513534,-0.140320556,0.518760456,0.153975849,3.5040395
10-09-2024,57648.71094,2512.300049,5495.52002,19.07999992,0.010973955,0.004188195,0.0044627,-0.019206447,0.524601374,0.141093932,3.564114603
11-09-2024,57343.17188,2512.100098,5554.129883,17.69000053,-0.00531411,-7.96E-05,0.010608556,-0.075641124,0.518016867,0.150171037,3.427927341
12-09-2024,58127.01172,2551.199951,5595.759766,17.06999969,0.013576698,0.015444722,0.007467352,-0.035677019,0.523118371,0.160189541,3.305005751
13-09-2024,60571.30078,2581.300049,5626.02002,16.55999947,0.041190723,0.011729349,0.005393142,-0.030332402,0.529351587,0.188022879,3.215769776
16-09-2024,58192.50781,2580.399902,5633.089844,17.13999939,-0.016874952,-0.000348779,0.001255841,0.034424761,0.527554951,0.191326279,3.358562781
17-09-2024,60308.53906,2564.300049,5634.580078,17.61000061,0.035717089,-0.006258832,0.000264515,0.02705208,0.520902636,0.166427849,3.28991106
18-09-2024,61649.67969,2570.699951,5618.259766,18.22999954,0.021994331,0.00249266,-0.002900659,0.034601606,0.516177881,0.182092867,3.357961154
19-09-2024,62940.45703,2588,5713.640137,16.32999992,0.020721119,0.00670716,0.016834357,-0.110064661,0.519030915,0.199144002,3.302078016
20-09-2024,63192.97656,2619.899902,5702.549805,16.14999962,0.004004012,0.012250735,-0.001942914,-0.011083876,0.520600742,0.191031601,3.247639443
23-09-2024,63329.80078,2626.5,5718.569824,15.89000034,-0.005023068,0.00251605,0.002805334,-0.016230024,0.519981373,0.186468387,3.14530672
24-09-2024,64301.96875,2651.199951,5732.930176,15.39000034,0.015234244,0.009360188,0.002508031,-0.031972032,0.517788766,0.190924923,3.0642945
25-09-2024,63143.14453,2659.199951,5722.259766,15.40999985,-0.018185965,0.003012958,-0.001862983,0.001298669,0.518510961,0.189521224,3.020183995
26-09-2024,65181.01953,2669.899902,5745.370117,15.36999989,0.031764031,0.004015675,0.004030542,-0.002599089,0.525770061,0.188007344,3.015960527
27-09-2024,65790.66406,2644.300049,5738.169922,16.95999908,0.00930963,-0.009634583,-0.001254003,0.098440026,0.538277363,0.212766615,3.098551896
30-09-2024,63329.5,2636.100098,5762.47998,16.72999954,-0.035762477,-0.003105809,0.004227604,-0.013654089,0.526923823,0.228191121,3.027961408
01-10-2024,60837.00781,2667.300049,5708.75,19.26000023,-0.04015297,0.011766154,-0.009367849,0.140826931,0.536742447,0.21642178,3.182088155
02-10-2024,60632.78516,2647.100098,5709.540039,18.89999962,-0.003362529,-0.007602005,0.000138381,-0.018868516,0.538399224,0.217669348,3.355103161
03-10-2024,60759.40234,2657.100098,5699.939941,20.48999977,0.002086085,0.003770601,-0.001682829,0.080775049,0.545357054,0.219086297,3.239433891
04-10-2024,62067.47656,2645.800049,5751.069824,19.20999908,0.021300284,-0.004261844,0.008930256,-0.064506022,0.54915403,0.224856629,3.137382299
07-10-2024,62236.66016,2644.800049,5695.939941,22.63999939,-0.009312612,-0.000378029,-0.009632264,0.164287297,0.549155833,0.226961774,3.113922194
08-10-2024,62131.96875,2615,5751.129883,21.42000008,-0.001683567,-0.011331369,0.009642707,-0.055393158,0.555721482,0.22415559,3.049861679
09-10-2024,60582.10156,2606,5792.040039,20.86000061,-0.025261155,-0.003447619,0.007088231,-0.02649159,0.542209045,0.231889002,2.978451665
10-10-2024,60274.5,2620.600098,5780.049805,20.93000031,-0.005090367,0.005586858,-0.002072269,0.003350072,0.541006313,0.226901601,3.035655732
11-10-2024,62445.08984,2657.600098,5815.029785,20.45999908,0.035378479,0.01402016,0.006033609,-0.022711835,0.54590473,0.247760669,2.972008172
14-10-2024,66046.125,2647.800049,5859.850098,19.70000076,0.049580549,-0.003694372,0.007678115,-0.037853041,0.578534135,0.313128319,3.100687166
15-10-2024,67041.10938,2661.399902,5815.259766,20.63999939,0.014952642,0.005123138,-0.007638566,0.046612237,0.577603082,0.313958565,3.378105342
16-10-2024,67612.71875,2674,5842.470215,19.57999992,0.008490109,0.004723215,0.004668233,-0.052722278,0.578544683,0.323148352,3.283020057
17-10-2024,67399.83594,2691,5841.470215,19.11000061,-0.003153529,0.006337393,-0.000171175,-0.024296843,0.595551435,0.322456242,3.182073178
18-10-2024,68418.78906,2713.699951,5864.669922,18.03000069,0.015004897,0.008400128,0.003963687,-0.058174715,0.600148446,0.370384161,3.092054251
21-10-2024,67367.85156,2723.100098,5853.97998,18.37000084,-0.023963263,0.003457974,-0.001824433,0.01868187,0.593951173,0.352935963,3.042367176
22-10-2024,67361.40625,2744.199951,5851.200195,18.20000076,-9.57E-05,0.007718603,-0.000474967,-0.009297309,0.596100305,0.347412222,3.076508348
23-10-2024,66432.19531,2714.399902,5797.419922,19.23999977,-0.013890438,-0.010918677,-0.009233824,0.055569797,0.596915659,0.364205054,2.999686961
24-10-2024,68161.05469,2734.899902,5809.859863,19.07999992,0.025691548,0.007523938,0.002143473,-0.008350771,0.632815354,0.387940191,2.974114471
25-10-2024,66642.41406,2740.899902,5808.120117,20.32999992,-0.022532133,0.002191462,-0.000299492,0.063456962,0.653297054,0.384964707,3.011099157
28-10-2024,69907.75781,2742.899902,5823.52002,19.79999924,0.028709215,0.000729421,0.002647935,-0.026415725,0.623472925,0.368366644,3.039566924
29-10-2024,72720.49219,2768.399902,5832.919922,19.34000015,0.039446591,0.009253781,0.001612826,-0.023506401,0.553271853,0.336537479,3.089431688
30-10-2024,72339.53906,2788.5,5813.669922,20.35000038,-0.005252363,0.007234316,-0.003305692,0.050905433,0.54521995,0.358494074,3.238814044
31-10-2024,70215.1875,2738.300049,5705.450195,23.15999985,-0.029806221,-0.018166509,-0.018790135,0.129345715,0.553367073,0.384217405,3.143936954
01-11-2024,69482.46875,2738.600098,5728.799805,21.87999916,-0.010490161,0.000109569,0.004084158,-0.056853707,0.465486067,0.344963704,3.211004981
04-11-2024,67811.50781,2736.100098,5712.689941,21.97999954,-0.013615611,-0.000913292,-0.002816045,0.004559989,0.475435783,0.351596794,3.135872863
05-11-2024,69359.5625,2740.300049,5782.759766,20.48999977,0.022572112,0.001533837,0.012191031,-0.070195977,0.485779357,0.346726982,3.086248607
06-11-2024,75639.07813,2667.600098,5929.040039,16.27000046,0.086669031,-0.026888193,0.024981281,-0.230614002,0.557777339,0.109205215,3.07995139
07-11-2024,75904.85938,2698.399902,5973.100098,15.19999981,0.00350765,0.01147974,0.007403754,-0.068027534,0.569896677,0.078289005,4.025513335
08-11-2024,76545.47656,2687.5,5995.540039,14.93999958,0.008404323,-0.004047575,0.003749794,-0.017253264,0.618265628,0.084156592,3.814208056
11-11-2024,88701.48438,2611.199951,6001.350098,14.97000027,0.097340143,-0.028801526,0.000968594,0.002006065,0.562018653,-0.128075509,3.637022177
12-11-2024,87955.8125,2600,5983.990234,14.71000004,-0.008442066,-0.004298422,-0.002896851,-0.017520679,0.562650418,-0.123707597,4.60429792
13-11-2024,90584.16406,2580.800049,5985.379883,14.02000046,0.02944485,-0.007411998,0.000232201,-0.048042623,0.556527594,-0.13202611,4.33051826
14-11-2024,87250.42969,2568.199951,5949.169922,14.31000042,-0.037496922,-0.004894202,-0.006068109,0.020473709,0.563548311,-0.113109181,4.173407773
15-11-2024,91066.00781,2565.699951,5870.620117,16.13999939,0.042802118,-0.000973919,-0.013291431,0.120342002,0.499702646,-0.131306499,4.128832667
18-11-2024,90542.64063,2610.600098,5893.620117,15.57999992,0.007725465,0.017348791,0.00391016,-0.035312589,0.479633918,-0.169677413,4.114602627
19-11-2024,92343.78906,2627.100098,5916.97998,16.35000038,0.019697543,0.006300496,0.003955751,0.048239885,0.478018674,-0.159431327,3.896126067
20-11-2024,94339.49219,2648.199951,5917.109863,17.15999985,0.021381445,0.007999532,2.20E-05,0.048353164,0.498517145,-0.163069358,3.74557534
21-11-2024,98504.72656,2672.100098,5948.709961,16.87000084,0.043204637,0.008984571,0.005326252,-0.017044139,0.498737669,-0.148604205,3.625722309
22-11-2024,98997.66406,2709.899902,5969.339844,15.23999977,0.004991722,0.014046981,0.00346196,-0.101613411,0.497872648,-0.148523171,3.708281933
25-11-2024,93102.29688,2616.800049,5987.370117,14.60000038,-0.051409637,-0.034959482,0.003015928,-0.04290198,0.485353988,-0.018873085,3.540711962
26-11-2024,91985.32031,2620.300049,6021.629883,14.10000038,-0.012069853,0.001336618,0.005705697,-0.03484673,0.454976958,-0.024528452,3.780959304
29-11-2024,97461.52344,2657,6032.379883,13.51000023,0.018736163,0.006456666,0.00559212,-0.042744656,0.458326289,-0.02072268,3.62688043
02-12-2024,95865.30469,2634.899902,6047.149902,13.34000015,-0.01464712,-0.008352473,0.002445464,-0.012663117,0.448655928,0.005112652,3.511134003
03-12-2024,96002.16406,2644.699951,6049.879883,13.30000019,0.001426603,0.003712425,0.000451347,-0.003003002,0.408242193,-0.018428979,3.407382312
04-12-2024,98768.53125,2653.800049,6086.490234,13.44999981,0.028408311,0.003434975,0.006033182,0.011215042,0.397036238,-0.019960343,3.280515864
05-12-2024,96593.57031,2626.600098,6075.109863,13.53999996,-0.022266865,-0.010302322,-0.001871526,0.006669173,0.401716628,-0.000907467,3.28360453
06-12-2024,99920.71094,2638.600098,6090.27002,12.77000046,0.033864802,0.004558239,0.002492345,-0.058549559,0.417775119,0.004546336,3.261675494
09-12-2024,97432.71875,2664.899902,6052.850098,14.18999958,-0.038292503,0.009917986,-0.006163167,0.105438756,0.434669654,-0.025289317,3.316824454
10-12-2024,96675.42969,2697.600098,6034.910156,14.18000031,-0.007802794,0.012196028,-0.002968284,-0.000704919,0.431940871,-0.057767225,3.43911542
11-12-2024,101173.0313,2733.800049,6084.189941,13.57999992,0.04547295,0.013330076,0.008132626,-0.043234426,0.447057658,-0.030038393,3.320531852
12-12-2024,100043,2687.5,6051.25,13.92000008,-0.011232138,-0.017081207,-0.005428731,0.024728544,0.458964784,-4.31E-05,3.492685801
13-12-2024,101459.2578,2656,6051.089844,13.81000042,0.014057223,-0.011790162,-2.65E-05,-0.007933663,0.465984964,-0.006988818,3.377326442
16-12-2024,106029.7188,2651.399902,6074.080078,14.68999958,0.016460567,-0.001733466,0.003792155,0.061773964,0.469991264,-0.013321434,3.278836428
17-12-2024,106140.6016,2644.399902,6050.609863,15.86999989,0.001045225,-0.002643606,-0.003871479,0.077263566,0.470177178,-0.011094642,3.205735263
18-12-2024,100041.5391,2636.5,5872.160156,27.62000084,-0.059179155,-0.00299188,-0.029936505,0.554109651,0.535671369,0.001325135,3.108726801
19-12-2024,97490.95313,2592.199951,5867.080078,24.09000015,-0.025825905,-0.016945363,-0.000865487,-0.136743355,0.533067933,0.023297682,3.578415332
20-12-2024,97755.92969,2628.699951,5930.850098,18.36000061,0.002714274,0.013982492,0.010810479,-0.271622405,0.522520242,0.02562705,3.533258119
23-12-2024,94686.24219,2612.300049,5974.069824,16.78000069,-0.004412175,-0.006258331,0.00726085,-0.089986676,0.512382721,0.022258062,3.388586793
24-12-2024,98676.09375,2620,6040.040039,14.27000046,0.041273994,0.00294324,0.010982233,-0.162028278,0.526470157,0.030744812,3.269705416
26-12-2024,95795.51563,2638.800049,6037.589844,14.72999954,-0.035921593,0.007149969,-0.000405741,0.031726736,0.540632906,0.008766947,3.402126864
27-12-2024,94164.85938,2617.199951,5970.839844,15.94999981,-0.017168805,-0.008219262,-0.011117305,0.079572618,0.53172157,0.047490401,3.481100698
30-12-2024,92643.21094,2606.100098,5906.939941,17.39999962,-0.009528989,-0.004250137,-0.010759674,0.087011367,0.533521004,0.047274247,3.394737952
31-12-2024,93429.20313,2629.199951,5881.629883,17.35000038,0.00844829,0.00882471,-0.004294006,-0.002877656,0.530594646,0.049293186,3.288003099
02-01-2025,96886.875,2658.899902,5868.549805,17.93000031,0.025793711,0.011232868,-0.002226363,0.032882776,0.520598338,0.064534953,3.18621492
03-01-2025,98107.42969,2645,5942.470215,16.12999916,0.012519039,-0.005241401,0.012517357,-0.105794465,0.513972163,0.062399505,3.185476987
06-01-2025,102078.0859,2638.399902,5975.379883,16.04000092,0.037561857,-0.00249843,0.005522766,-0.005595181,0.528797257,0.05371846,3.110990541
07-01-2025,96922.70313,2656.699951,5909.029785,17.81999969,-0.051824283,0.006912097,-0.011166022,0.105235745,0.57162359,0.026403466,3.234448419
08-01-2025,95043.52344,2664.5,5918.25,17.70000076,-0.019578858,0.00293169,0.001559144,-0.006756722,0.565426727,0.025758977,3.554026068
10-01-2025,94701.45313,2708.5,5827.040039,19.54000092,0.023693266,0.009161257,-0.015531638,0.098899011,0.522450327,0.013113498,3.470070956
13-01-2025,94516.52344,2673.5,5836.220215,19.19000053,0.000297198,-0.013006501,0.001574204,-0.018074356,0.51193753,0.025040592,3.406733431
14-01-2025,96534.04688,2677.5,5842.910156,18.70999908,0.021121093,0.001495048,0.001145623,-0.025331246,0.521519797,0.023631012,3.280170302
15-01-2025,100504.4922,2712.5,5949.910156,16.12000084,0.040306661,0.012987196,0.018147133,-0.148997302,0.537542443,0.045804356,3.231696886
16-01-2025,99756.90625,2746.399902,5937.339844,16.60000038,-0.007466136,0.012420209,-0.002114924,0.029341929,0.538500403,0.040094363,3.360903896
17-01-2025,104462.0391,2744.300049,5996.660156,15.97000027,0.046087454,-0.000764876,0.009941478,-0.038690739,0.548822368,0.034138069,3.253003298
21-01-2025,106146.2656,2755,6049.240234,15.06000042,0.039681834,0.003891391,0.008730009,-0.058669729,0.55690093,0.045992514,3.447807566
22-01-2025,103653.0703,2767.600098,6086.370117,15.10000038,-0.023768547,0.004563111,0.006119181,0.002652519,0.539900604,0.041346872,3.526515904
23-01-2025,103960.1719,2763.100098,6118.709961,15.02000046,0.002958403,-0.001627281,0.005299419,-0.005312092,0.532715214,0.030882866,3.474656804
24-01-2025,104819.4844,2777.300049,6101.240234,14.85000038,0.008231811,0.005125977,-0.002859216,-0.011382786,0.531761521,0.024215068,3.338428191
27-01-2025,102087.6875,2737.5,6012.279785,17.89999962,-0.005809578,-0.014434155,-0.014688059,0.186800801,0.531157615,0.036330711,3.228636164
28-01-2025,101332.4766,2766.800049,6067.700195,16.40999985,-0.007425168,0.01064634,0.009175644,-0.086909796,0.518723187,0.027621416,3.136540681
29-01-2025,103703.2109,2769.100098,6039.310059,16.55999947,0.023126121,0.000830958,-0.004689876,0.009099221,0.513394403,0.012869498,3.062877664
30-01-2025,104735.3047,2823,6071.169922,15.84000015,0.009903181,0.019277756,0.005261548,-0.044451721,0.511969976,0.020509493,3.064516328
31-01-2025,102405.0234,2812.5,6040.529785,16.43000031,-0.022500491,-0.003726382,-0.005059604,0.036570555,0.499476286,-0.006841592,3.000905206
03-02-2025,101405.4219,2833.899902,5994.569824,18.62000084,0.037337837,0.007580053,-0.007637691,0.125127366,0.479468525,0.004444217,3.031008159
04-02-2025,97871.82031,2853.300049,6037.879883,17.20999908,-0.035467893,0.006822416,0.007198907,-0.07874576,0.450433523,-0.010478545,3.168797152
05-02-2025,96615.44531,2871.600098,6061.47998,15.77000046,-0.012920049,0.006393163,0.003901054,-0.087381127,0.440642783,-0.016913492,3.289753955
06-02-2025,96593.29688,2856,6083.569824,15.5,-0.00022927,-0.005447355,0.003637674,-0.017269406,0.35760325,0.107793118,3.212257544
07-02-2025,96529.08594,2867.300049,6025.990234,16.54000092,-0.000664977,0.003948793,-0.009509846,0.064941721,0.359586032,0.108345629,3.114697113
10-02-2025,97437.55469,2914.300049,6066.439941,15.81000042,0.009667728,0.016258833,0.006690112,-0.045139067,0.359584426,0.112001632,3.032301767
11-02-2025,95747.42969,2912.5,6068.5,16.02000046,-0.017497924,-0.000617852,0.000339525,0.013195292,0.389028502,0.31874213,2.973191551
12-02-2025,97885.85938,2909,6051.970215,15.89000034,0.022088316,-0.001202439,-0.002727583,-0.008147968,0.380555597,0.310708506,2.972847643
13-02-2025,96623.86719,2925.899902,6115.069824,15.10000038,-0.012976317,0.005792713,0.010372313,-0.050995233,0.365468658,0.32614121,2.983364247
14-02-2025,97508.96875,2883.600098,6114.629883,14.77000046,0.009118578,-0.014562545,-7.19E-05,-0.022096642,0.353175644,0.30190304,2.956002979
18-02-2025,95539.54688,2931.600098,6129.580078,15.35000038,-0.00244454,0.016508835,0.002442004,0.038517371,0.416154783,0.30512423,2.907768838
19-02-2025,96635.60938,2919.399902,6144.149902,15.27000046,0.011407035,-0.0041703,0.002374149,-0.00522535,0.416097679,0.301175624,2.860003834
20-02-2025,98333.9375,2940,6117.52002,15.65999985,0.017421911,0.007031499,-0.004343605,0.025219532,0.404552241,0.301297333,2.834667423
21-02-2025,96125.54688,2937.600098,6013.129883,18.20999908,-0.022714095,-0.000816627,-0.017211397,0.150861163,0.423575936,0.296861875,2.840914476
24-02-2025,91418.17188,2947.899902,5983.25,18.97999954,-0.051753206,0.003500065,-0.004981494,0.041414926,0.4229178,0.265897018,2.903065358
25-02-2025,88736.17188,2904.5,5955.25,19.43000031,-0.029776669,-0.014831761,-0.004690715,0.02343251,0.427606242,0.287708274,3.308967887
26-02-2025,84347.02344,2916.800049,5956.060059,19.10000038,-0.050728086,0.004225883,0.000136015,-0.017129924,0.440116012,0.178200776,3.344457746
27-02-2025,84704.22656,2883.199951,5861.569824,21.12999916,0.004225981,-0.01158637,-0.015991743,0.101005437,0.429398971,0.170891587,3.621092099
28-02-2025,84373.00781,2836.800049,5954.5,19.62999916,-0.003917963,-0.016224098,0.01572978,-0.073634826,0.407533293,0.164203494,3.464939666
03-03-2025,86065.67188,2890.199951,5849.720215,22.78000069,-0.090822705,0.018649013,-0.017753403,0.148824023,0.467051012,0.038961494,3.334101333
04-03-2025,87222.19531,2909.600098,5778.149902,23.51000023,0.013348201,0.006689961,-0.012310288,0.031542884,0.4477655,0.043334357,4.335450695
05-03-2025,90623.5625,2915.300049,5842.629883,21.93000031,0.038255419,0.001957099,0.011097473,-0.069570296,0.457673189,0.040567072,4.100859916
06-03-2025,89961.72656,2916.600098,5738.52002,24.87000084,-0.007329932,0.000445841,-0.017979677,0.125806715,0.451793328,0.025802971,4.048278624
07-03-2025,86742.67188,2904.699951,5770.200195,23.37000084,-0.036438378,-0.00408849,0.005505435,-0.062209107,0.429084549,0.031435544,3.843465043
10-03-2025,78532,2891,5614.560059,27.86000061,-0.026005356,-0.004727635,-0.027343542,0.175738806,0.434095978,0.061111092,3.845659549
11-03-2025,82862.21094,2912.899902,5572.069824,26.92000008,0.053672934,0.007546652,-0.007596647,-0.034322483,0.398629539,0.086168346,3.758585528
12-03-2025,83722.35938,2939.100098,5599.299805,24.22999954,0.01032696,0.00895433,0.004874968,-0.105277992,0.386823486,0.057524954,3.941229625
13-03-2025,81066.70313,2984.300049,5521.52002,24.65999985,-0.032233768,0.015261785,-0.013988367,0.017590976,0.398989854,0.018911235,3.750861055
14-03-2025,83969.10156,2994.5,5638.939941,21.77000046,0.035176581,0.003412043,0.021042906,-0.124649595,0.423922028,0.037344551,3.729847152
17-03-2025,84075.6875,3000,5675.120117,20.51000023,0.017953699,0.001835016,0.006395635,-0.059620313,0.42586407,0.041644385,3.712389305
18-03-2025,82718.5,3035.100098,5614.660156,21.70000076,-0.016274158,0.011632116,-0.010710667,0.056399712,0.430303072,0.033060235,3.580298421
19-03-2025,86854.22656,3035.899902,5675.290039,19.89999962,0.048787879,0.000263484,0.010740608,-0.086592583,0.394506788,0.00705083,3.47399368
20-03-2025,84167.19531,3040,5662.890137,19.79999924,-0.031425916,0.001349627,-0.002187284,-0.005037813,0.39564164,-0.024532245,3.654743627
21-03-2025,84043.24219,3018.199951,5667.560059,19.28000069,-0.001473787,-0.007196904,0.000824314,-0.026613574,0.397890878,-0.026273648,3.643139151
24-03-2025,87498.91406,3013.100098,5767.569824,17.47999954,0.016647019,-0.00169113,0.017492117,-0.098010981,0.407531588,-0.033455781,3.484073832
25-03-2025,87471.70313,3023.699951,5776.649902,17.14999962,-0.000311034,0.003511749,0.001573095,-0.019059193,0.390746799,-0.036048787,3.380080995
26-03-2025,86900.88281,3020.899902,5712.200195,18.32999992,-0.006547157,-0.000926463,-0.01121964,0.066540906,0.397019818,-0.02260253,3.257667057
27-03-2025,87177.10156,3060.199951,5693.310059,18.69000053,0.003173509,0.012925489,-0.003312461,0.019449592,0.390488202,-0.033252898,3.162924338
28-03-2025,84353.14844,3086.5,5580.939941,21.64999962,-0.032929566,0.008557506,-0.019934601,0.147016787,0.409053745,-0.0515704,3.072849822
31-03-2025,82548.91406,3122.800049,5611.850098,22.28000069,0.002600513,0.011692288,0.00552324,0.028684009,0.411194474,-0.053290024,3.18591086
01-04-2025,85169.17188,3118.899902,5633.069824,21.77000046,0.031248521,-0.001249707,0.003774105,-0.02315655,0.41967995,-0.078162774,3.092077365
02-04-2025,82485.71094,3139.899902,5670.970215,21.51000023,-0.032014458,0.006710577,0.006705661,-0.012014942,0.39662615,-0.079677307,3.154850491
03-04-2025,83102.82813,3097,5396.52002,30.02000046,0.007453656,-0.01375702,-0.049605912,0.333345888,0.309943452,-0.074582438,3.241738096
04-04-2025,83843.80469,3012,5074.080078,45.31000137,0.008876866,-0.027829591,-0.061609062,0.411663948,0.223214766,-0.073766484,3.144917557
07-04-2025,79235.33594,2951.300049,5062.25,46.97999954,0.012967508,-0.020358542,-0.002334195,0.03619418,0.227507435,-0.087601627,3.065995137
08-04-2025,76271.95313,2968.399902,4982.77002,52.33000183,-0.038117076,0.005777286,-0.015825083,0.107847886,0.260206709,-0.108501733,3.012205033
09-04-2025,82573.95313,3056.5,5456.899902,33.61999893,0.079389009,0.029247416,0.09089488,-0.442448759,0.413130889,0.025373692,3.197903718
10-04-2025,79626.14063,3155.199951,5268.049805,40.72000122,-0.036351855,0.031781399,-0.035220607,0.191598306,0.433599185,-0.03058576,3.95446248
11-04-2025,83404.83594,3222.199951,5363.359863,37.56000137,0.046363854,0.021012471,0.017930381,-0.080779711,0.434755618,-0.007630389,3.936387423
14-04-2025,84542.39063,3204.800049,5405.970215,30.88999939,0.010193603,-0.00541464,0.007913319,-0.195507204,0.436466107,-0.008481009,3.994557108
15-04-2025,83668.99219,3218.699951,5396.629883,30.12000084,-0.010384628,0.004327835,-0.001729275,-0.025243056,0.430399093,-0.001295686,3.796711995
16-04-2025,84033.86719,3326.600098,5275.700195,32.63999939,0.004351453,0.032973255,-0.022663254,0.080349081,0.4173959,0.00539457,3.634571106
17-04-2025,84895.75,3308.699951,5282.700195,29.64999962,0.010204135,-0.005395442,0.001325959,-0.096076399,0.426572235,0.00215668,3.476638766
21-04-2025,87518.90625,3406.199951,5158.200195,33.81999969,0.027155041,0.029041938,-0.023849648,0.131590222,0.40060563,0.037569247,3.351083645
22-04-2025,93441.89063,3400.800049,5287.759766,30.56999969,0.065484911,-0.001586574,0.024806952,-0.101033209,0.429417577,0.020263326,3.331962458
23-04-2025,93699.10938,3276.300049,5375.859863,28.45000076,0.002748932,-0.037295961,0.016523864,-0.071870939,0.426918901,0.010063946,3.795146135
24-04-2025,93943.79688,3332,5484.77002,26.46999931,0.002608014,0.016857973,0.020056628,-0.072136197,0.427653925,0.013810979,3.614215948
25-04-2025,94720.5,3282.399902,5525.209961,24.84000015,0.008233752,-0.014997892,0.007346085,-0.063556727,0.432805327,0.00978917,3.458124449
28-04-2025,94978.75,3332.5,5528.75,25.14999962,0.012969852,0.015147941,0.000640502,0.012402618,0.431841624,0.009761444,3.330739969
29-04-2025,94284.78906,3318.800049,5560.830078,24.17000008,-0.007333309,-0.004119487,0.005785642,-0.039745684,0.42944869,0.005765271,3.235361735
30-04-2025,94207.3125,3305,5569.060059,24.70000076,-0.000822067,-0.004166813,0.001478897,0.021691077,0.442093584,-0.001665797,3.146104617
01-05-2025,96492.33594,3210,5604.140137,24.60000038,0.023965779,-0.029165536,0.006279346,-0.004056816,0.45928479,-0.025399767,3.058990105
02-05-2025,96910.07031,3231.899902,5686.669922,22.68000031,0.004319853,0.006799232,0.014619191,-0.081262966,0.461478311,-0.02222961,3.067310411
05-05-2025,94748.05469,3311.300049,5650.379883,23.63999939,0.004570715,0.024270707,-0.006402047,0.041456674,0.461095097,-0.019318309,2.992853733
06-05-2025,96802.47656,3411.399902,5606.910156,24.76000023,0.021451266,0.029781859,-0.007722985,0.04628929,0.455320129,0.002693194,2.930391581
07-05-2025,97032.32031,3381.399902,5631.279785,23.54999924,0.002371544,-0.00883294,0.004336938,-0.050103669,0.454200224,-0.0019608,2.944234697
08-05-2025,103241.4609,3296.600098,5663.939941,22.47999954,0.062026404,-0.025398132,0.005783021,-0.046499783,0.452647975,-0.065405407,2.888056136
09-05-2025,102970.8516,3335.399902,5659.910156,21.89999962,-0.002624572,0.011700919,-0.000711734,-0.026139385,0.454943872,-0.064860315,3.4210039
12-05-2025,102812.9531,3220,5844.189941,18.38999939,-0.012501715,-0.035211223,0.032039977,-0.174679614,0.437361485,-0.04004235,3.294693911
13-05-2025,104169.8125,3240.300049,5886.549805,18.21999931,0.013111032,0.006284574,0.007222059,-0.009287151,0.438719692,-0.034786228,3.214594042
14-05-2025,103539.4141,3181.399902,5892.580078,18.62000084,-0.006070028,-0.018344612,0.001023891,0.021716463,0.43860587,-0.025884625,3.137670228
15-05-2025,103744.6406,3220.699951,5916.930176,17.82999992,0.001980149,0.012277391,0.004123817,-0.043353889,0.438018268,-0.024179737,3.060224053
16-05-2025,103489.2891,3182,5958.379883,17.23999977,-0.002464381,-0.012088782,0.006980849,-0.033650176,0.439159803,-0.024889211,2.985575716
19-05-2025,105606.1797,3228.899902,5963.600098,18.13999939,-0.007920998,0.014631562,0.00087573,0.050887159,0.431885113,-0.031504832,2.925279494
20-05-2025,106791.0859,3280.300049,5940.459961,18.09000015,0.011157569,0.015793405,-0.003887777,-0.002760103,0.435851626,-0.02435154,2.88720709
21-05-2025,109678.0781,3309.300049,5844.609863,20.87000084,0.026675054,0.008801805,-0.016266719,0.142953453,0.421595785,-0.039541352,2.856430703
22-05-2025,111673.2813,3292.300049,5842.009766,20.28000069,0.018027964,-0.005150278,-0.00044497,-0.028677549,0.435231454,-0.039854057,2.924040125
23-05-2025,107287.7969,3363.600098,5802.819824,22.29000092,-0.040062562,0.021425435,-0.0067309,0.094502976,0.435931974,-0.070692619,2.917876175
27-05-2025,108994.6406,3299.100098,5921.540039,18.95999908,-0.004081097,-0.019362124,0.020252581,-0.16180674,0.43326648,-0.069293393,3.149998319
28-05-2025,107802.3281,3293.600098,5888.549805,19.30999947,-0.010999457,-0.001668512,-0.005586803,0.01829162,0.430687258,-0.011027897,3.06642518
29-05-2025,105641.7578,3317.100098,5912.169922,19.18000031,-0.020245528,0.007109716,0.004003171,-0.006754983,0.428626727,-0.017488178,3.016435314
30-05-2025,103998.5703,3288.899902,5911.689941,18.56999969,-0.015676575,-0.008537804,-8.12E-05,-0.032320726,0.421978787,-0.008499858,3.026852931
02-06-2025,105881.5313,3370.600098,5935.939941,18.36000061,0.002169204,0.024537666,0.004093651,-0.01137294,0.418149266,-0.011363242,3.006273847
03-06-2025,105432.4688,3350.199951,5970.370117,17.69000053,-0.004250198,-0.006070768,0.005783534,-0.03717488,0.432212908,-0.01935877,2.940145357
04-06-2025,104731.9844,3373.5,5970.810059,17.61000061,-0.006666084,0.00693075,7.37E-05,-0.004532581,0.414634625,-0.031123895,2.890111434
05-06-2025,101575.9531,3350.699951,5939.299805,18.47999954,-0.030597732,-0.006781516,-0.005291358,0.048222084,0.443918566,-0.028287714,2.854083941
06-06-2025,104390.3438,3322.699951,6000.359863,16.77000046,0.027330353,-0.008391574,0.010228196,-0.097097438,0.446690067,-0.0398661,2.988147888
09-06-2025,110294.1016,3332.100098,6005.879883,17.15999985,0.041659965,0.002825074,0.000919525,0.022989482,0.429066701,-0.0180684,3.035935639
10-06-2025,110257.2344,3320.899902,6038.810059,16.95000076,-0.000334318,-0.003366964,0.005468013,-0.012313206,0.416101919,-0.019097289,3.223595342
11-06-2025,108686.625,3321.300049,6022.240234,17.26000023,-0.014347389,0.000120486,-0.00274766,0.01812382,0.415203406,-0.017836313,3.124383662
12-06-2025,105929.0547,3380.899902,6045.259766,18.02000046,-0.025699167,0.01778563,0.003815133,0.043090579,0.402205232,-0.029207005,3.080281607
13-06-2025,106090.9688,3431.199951,5976.970215,20.81999969,0.001527347,0.014768123,-0.011360669,0.144431771,0.398679264,-0.028060158,3.121938576
16-06-2025,106796.7578,3396.399902,6033.109863,19.11000061,0.011723624,-0.010194022,0.009348823,-0.085702258,0.403579073,-0.033430609,3.037679494
17-06-2025,104601.1172,3386.600098,5982.720215,21.60000038,-0.020773336,-0.002889521,-0.00838726,0.122481542,0.407680763,-0.030280833,2.984008397
18-06-2025,104883.3281,3389.800049,5980.870117,20.13999939,0.00269434,0.00094444,-0.000309288,-0.069985475,0.403404814,-0.028317486,3.004106235
20-06-2025,103309.6016,3368.100098,5967.839844,20.62000084,-0.01321873,-0.006422121,-0.002181035,0.023553662,0.403570919,-0.021911872,2.938490262
23-06-2025,105577.7734,3377.699951,6025.169922,19.82999992,0.044454682,0.002846174,0.009560655,-0.039065581,0.403590259,-0.020916545,2.919964534
24-06-2025,106045.6328,3317.399902,6092.180176,17.47999954,0.004421629,-0.018013676,0.011060329,-0.126138595,0.402695223,-0.020252449,3.170686229
25-06-2025,107361.2578,3327.100098,6092.160156,16.76000023,0.012329889,0.002919769,-3.29E-06,-0.042062235,0.38516321,-0.008591171,3.080360441
26-06-2025,106960,3333.5,6141.02002,16.59000015,-0.003744456,0.00192172,0.007988131,-0.010194995,0.382790454,-0.007790493,3.021911093
27-06-2025,107088.4297,3273.699951,6173.069824,16.31999969,0.001200006,-0.018101974,0.005205399,-0.016408783,0.383959768,-0.002439371,2.957798949
30-06-2025,107135.3359,3294.399902,6204.950195,16.72999954,-0.011602108,0.006303199,0.005151138,0.024812157,0.39544265,0.003003816,2.899319226
01-07-2025,105698.2813,3336.699951,6198.009766,16.82999992,-0.013504225,0.012758252,-0.001119157,0.005959516,0.42749193,-0.004419058,2.879836489
02-07-2025,108859.3203,3348,6227.419922,16.63999939,0.029467777,0.003380873,0.004733874,-0.011353605,0.492420481,0.00293115,2.87291626
03-07-2025,109647.9766,3331.600098,6279.350098,16.37999916,0.007218612,-0.004910454,0.008304378,-0.015748372,0.495708944,0.010318638,2.962255702
07-07-2025,108299.8516,3332.199951,6229.97998,17.79000092,-0.008570921,-9.00E-05,-0.007893368,0.082575526,0.481323169,0.019356146,2.908673501
08-07-2025,108950.2734,3307,6225.52002,16.80999947,0.005987788,-0.007591298,-0.000716143,-0.056662637,0.280634794,-0.085133598,2.875540389
09-07-2025,111326.5547,3311.600098,6263.259766,15.93999958,0.021576245,0.001390052,0.006043803,-0.053142269,0.196556511,-0.021482194,2.833925862
10-07-2025,115987.2031,3317.399902,6280.459961,15.77999973,0.041012051,0.001749828,0.002742441,-0.010088349,0.147555795,-0.067036518,2.866307641
11-07-2025,117516.9922,3356,6259.75,16.39999962,0.01310307,0.011568474,-0.003302972,0.038538013,0.140743178,-0.05999984,3.084831555
14-07-2025,119849.7031,3351.5,6268.560059,17.20000076,0.006139692,-0.001341782,0.001406424,0.047628117,0.135873352,-0.057307907,3.028508404
15-07-2025,117777.1875,3329.800049,6243.759766,17.37999916,-0.017443886,-0.00649575,-0.003964145,0.010410643,0.154457843,-0.04881845,2.962430831
16-07-2025,118738.5078,3352.5,6263.700195,17.15999985,0.008129064,0.006794079,0.003188569,-0.012738986,0.155396056,-0.045834293,2.963648686
17-07-2025,119289.8438,3340.100098,6297.359863,16.52000046,0.004632532,-0.00370556,0.00535938,-0.038009289,0.230990881,-0.087559278,2.911762495
18-07-2025,118003.2266,3353,6296.790039,16.40999985,-0.010844226,0.003854692,-9.05E-05,-0.0066809,0.116572897,-0.093706229,2.862412873
21-07-2025,117439.5391,3401.899902,6305.600098,16.64999962,0.001182157,0.014478603,0.001398157,0.014519298,0.120607978,-0.102011539,2.845932557
22-07-2025,119995.4141,3439.199951,6309.620117,16.5,0.021529886,0.010904802,0.000637328,-0.009049813,0.12249316,-0.088145234,2.805635331
23-07-2025,118754.9609,3394.100098,6358.910156,15.36999989,-0.010391308,-0.013200213,0.007781532,-0.070942831,0.10976015,-0.069727092,2.842979525
24-07-2025,118368,3371,6363.350098,15.39000034,-0.003263803,-0.006829223,0.00069798,0.00130042,0.113269248,-0.077511002,2.827932641
25-07-2025,117635.8828,3334,6388.640137,14.93000031,-0.006204301,-0.011036652,0.003966451,-0.030345338,0.116007777,-0.073103905,2.794580964
28-07-2025,117924.4766,3309.100098,6389.77002,15.02999973,-0.01284086,-0.007496506,0.000176842,0.006675554,0.118988607,-0.065475765,2.773354401
29-07-2025,117922.1484,3323.399902,6370.859863,15.97999954,-1.97E-05,0.004312047,-0.00296383,0.061289726,0.110968825,-0.02386768,2.781877168
30-07-2025,117831.1875,3295.800049,6362.899902,15.47999954,-0.000771662,-0.00833938,-0.001250214,-0.031789073,0.111560444,-0.022830996,2.752626671
31-07-2025,115758.2031,3293.199951,6339.390137,16.71999931,-0.017749426,-0.000789224,-0.003701662,0.077056728,0.127783308,-0.026591113,2.728822485
01-08-2025,113320.0859,3347.699951,6238.009766,20.37999916,-0.021287126,0.016413807,-0.016121387,0.19794842,0.195483202,-0.102686193,2.77493502
04-08-2025,115071.8828,3374.399902,6329.939941,17.52000046,0.007450971,0.007943974,0.014629564,-0.151210875,0.199908193,-0.09793488,2.838374935
05-08-2025,114141.4453,3381.899902,6299.189941,17.85000038,-0.008118573,0.002220151,-0.004869704,0.018660418,0.195832841,0.02472052,2.805623195
06-08-2025,115028,3380,6345.060059,16.77000046,0.007737149,-0.000561943,0.007255522,-0.062411926,0.19931044,0.027102043,2.788398385
07-08-2025,117496.8984,3400.300049,6340,16.56999969,0.02123636,0.005987968,-0.000797798,-0.01199779,0.281953684,-0.004685955,2.764687206
08-08-2025,116688.7266,3439.100098,6389.450195,15.14999962,-0.006902004,0.01134616,0.007769455,-0.089593306,0.264252848,-0.018678121,2.807700065
11-08-2025,118731.4453,3353.100098,6373.450195,16.25,-0.004833792,-0.025324517,-0.002507268,0.070092402,0.266344237,-0.01698296,2.786233942
12-08-2025,120172.9063,3348.899902,6445.759766,14.72999954,0.01206741,-0.001253416,0.011281559,-0.098206709,0.276911938,-0.020845151,2.76299655
13-08-2025,123344.0625,3358.699951,6466.580078,14.48999977,0.026046115,0.002922075,0.003224873,-0.016427459,0.282867,-0.019694553,2.756759514
14-08-2025,118359.5781,3335.199951,6468.540039,14.82999992,-0.041250443,-0.007021347,0.000303045,0.02319341,0.275995511,0.021831357,2.838735963
15-08-2025,117398.3516,3336,6449.799805,15.09000015,-0.008154397,0.000239852,-0.00290134,0.017380132,0.289633989,0.006986963,3.105901673
18-08-2025,116252.3125,3331.699951,6449.149902,14.98999977,-0.010275849,-0.001289815,-0.000100768,-0.006648986,0.386887741,-0.013369212,3.039269151
19-08-2025,112831.1797,3313.399902,6411.370117,15.56999969,-0.02987022,-0.005507847,-0.005875329,0.037962669,0.415198527,0.011469672,2.990822011
20-08-2025,114274.7422,3343.399902,6395.779785,15.68999958,0.012712852,0.009013401,-0.002434631,0.007677574,0.376924235,0.109582565,3.088891452
21-08-2025,112419.0313,3336.899902,6370.169922,16.60000038,-0.016372328,-0.001946021,-0.00401222,0.056379178,0.429251683,0.108721944,3.030454764
22-08-2025,116874.0859,3374.399902,6466.910156,14.22000027,0.038863926,0.011175299,0.015072285,-0.154753275,0.47019882,0.143539223,3.013265908
25-08-2025,110124.3516,3373.800049,6439.319824,14.78999996,-0.029826316,-0.000177782,-0.004275513,0.039301831,0.495472168,0.157637209,3.17234293
26-08-2025,111802.6563,3388.600098,6465.939941,14.61999989,0.015125123,0.004377166,0.004125474,-0.011560828,0.497621313,0.150381783,3.234115353
27-08-2025,111222.0625,3404.600098,6481.399902,14.85000038,-0.005206553,0.004710602,0.00238813,0.015609444,0.49651957,0.15295383,3.162130607
28-08-2025,112544.8047,3431.800049,6501.859863,14.43000031,0.01182264,0.007957432,0.003151747,-0.028690497,0.503228933,0.157919162,3.078904681
29-08-2025,108410.8359,3473.699951,6460.259766,15.35999966,-0.03742336,0.012135375,-0.00641874,0.062457311,0.521594462,0.111392025,3.018925124
02-09-2025,111200.5859,3549.399902,6415.540039,17.17000008,0.017691382,0.021558253,-0.00694635,0.111396974,0.47685617,0.120395539,3.194683166
03-09-2025,111723.2109,3593.199951,6448.259766,16.35000038,0.004688831,0.012264609,0.005087112,-0.048935759,0.45866285,0.151032567,3.141070588
04-09-2025,110723.6016,3565.800049,6502.080078,15.30000019,-0.008987462,-0.00765471,0.008311847,-0.06637508,0.464646918,0.157821781,3.055547195
05-09-2025,110650.9844,3613.199951,6481.5,15.18000031,-0.000656057,0.013205346,-0.003170173,-0.007874049,0.464986324,0.155179451,2.999721887
08-09-2025,112071.4297,3638.100098,6495.149902,15.10999966,0.008097306,0.006867801,0.002103764,-0.004622039,0.460552192,0.157803032,2.935316649
09-09-2025,111530.5469,3643.300049,6512.609863,15.03999996,-0.004837917,0.001428284,0.002684547,-0.004643438,0.478720111,0.210433338,2.88796776
10-09-2025,113955.3594,3643.600098,6532.040039,15.35000038,0.021508271,8.24E-05,0.002979028,0.020402183,0.4981969,0.208630797,2.847703404
11-09-2025,115507.5391,3636.899902,6587.470215,14.71000004,0.013529014,-0.001840587,0.008450088,-0.042587962,0.499739319,0.220197828,2.877057083
12-09-2025,116101.5781,3649.399902,6584.290039,14.76000023,0.00512968,0.0034311,-0.000482878,0.003393297,0.480185144,0.214451827,2.856940033
15-09-2025,115444.875,3682.199951,6615.279785,15.68999958,0.000322446,0.008947643,0.004695578,0.061102705,0.479384097,0.212273627,2.817164257
16-09-2025,116843.1875,3688.899902,6606.759766,16.36000061,0.012039615,0.001817898,-0.00128876,0.041815828,0.466626959,0.201972779,2.781852529
17-09-2025,116468.5078,3681.800049,6600.350098,15.72000027,-0.003211841,-0.001926508,-0.000970639,-0.039905564,0.439769384,0.207859372,2.772221383
18-09-2025,117137.2031,3643.699951,6631.959961,15.69999981,0.005725007,-0.010402141,0.004777688,-0.001273104,0.446239307,0.214647938,2.748155428
19-09-2025,115688.8594,3671.5,6664.359863,15.44999981,-0.012441583,0.007600662,0.004873524,-0.016051709,0.439204761,0.202304133,2.727474536
22-09-2025,112748.5078,3740.699951,6693.75,16.10000038,-0.022430533,0.018672449,0.004400351,0.041210305,0.429312881,0.149444229,2.742245003
23-09-2025,112014.5,3780.600098,6656.919922,16.63999939,-0.006531417,0.010610006,-0.005517352,0.032990103,0.432653647,0.150554176,2.821483853
24-09-2025,113328.6328,3732.100098,6637.970215,16.18000031,0.011663526,-0.012911649,-0.002850677,-0.028033468,0.433079474,0.13304264,2.796597685
25-09-2025,109049.2891,3736.899902,6604.720215,16.73999977,-0.03849188,0.001285261,-0.005021649,0.034025121,0.449166567,0.149425926,2.783018568
26-09-2025,109712.8281,3775.300049,6643.700195,15.28999996,0.006066325,0.010223498,0.005884489,-0.090602034,0.444760411,0.152800771,3.027001601
29-09-2025,114400.3828,3820.899902,6661.209961,16.12000084,0.020111147,0.012006109,0.002632077,0.052861772,0.44258647,0.178576854,2.961049157
30-09-2025,114056.0859,3840.800049,6688.459961,16.28000069,-0.003014116,0.00519472,0.004082504,0.009876614,0.436843537,0.17557059,2.960732185
01-10-2025,118648.9297,3867.5,6711.200195,16.29000092,0.039478653,0.006927613,0.003394154,0.000614076,0.435893397,0.1950348,2.9052089
02-10-2025,120681.2578,3839.699951,6715.350098,16.62999916,0.016983875,-0.007214078,0.000618164,0.020656764,0.421205211,0.179263038,3.095674797
03-10-2025,122266.5313,3880.800049,6715.790039,16.64999962,0.013050507,0.010647105,6.55E-05,0.001201951,0.424645374,0.200618652,3.054730991
06-10-2025,124752.5313,3948.5,6740.279785,16.37000084,0.009981753,0.017294429,0.003639959,-0.016959751,0.442631684,0.201381921,3.003084953
07-10-2025,121451.3828,3976.600098,6714.589844,17.23999977,-0.026817984,0.007091447,-0.003818688,0.051781809,0.454897247,0.188059001,2.949559428
08-10-2025,123354.8672,4043.300049,6753.720215,16.29999924,0.015551259,0.016633995,0.005810748,-0.056067191,0.453234641,0.191928966,3.026400133
09-10-2025,121705.5859,3946.300049,6735.109863,16.43000031,-0.013460402,-0.024282759,-0.002759374,0.00794389,0.456962738,0.211429502,2.990025432
10-10-2025,113214.3672,3975.899902,6552.509766,21.65999985,-0.072321822,0.00747267,-0.027485975,0.276358284,0.59762759,0.161055673,2.963917257
13-10-2025,115271.0781,4108.600098,6654.720215,19.03000069,0.000879293,0.032831249,0.015478263,-0.129450517,0.57802161,0.156339363,3.719143731
14-10-2025,113118.6641,4138.700195,6644.310059,20.80999947,-0.018849163,0.007299414,-0.001565551,0.089416897,0.578951056,0.148498181,3.548401684
15-10-2025,110783.1641,4176.899902,6671.060059,20.63999939,-0.020862578,0.009187545,0.004017919,-0.008202704,0.573957973,0.125249775,3.461009908
16-10-2025,108186.0391,4280.200195,6629.069824,25.30999947,-0.023722485,0.024430462,-0.00631428,0.203968642,0.594559667,0.076294665,3.399915103
17-10-2025,106467.7891,4189.899902,6664.009766,20.78000069,-0.01600984,-0.021322939,0.005256874,-0.197208535,0.5827607,0.098531561,3.368836424
20-10-2025,110588.9297,4336.399902,6735.129883,18.22999954,0.017534491,0.034367644,0.010615724,-0.130922455,0.594414485,0.134529131,3.293887324
21-10-2025,108476.8906,4087.699951,6735.350098,17.87000084,-0.01928283,-0.059062036,3.27E-05,-0.019945187,0.593085442,0.165518204,3.223540145
22-10-2025,107688.5859,4044.399902,6699.399902,18.60000038,-0.007293562,-0.010649269,-0.005351835,0.040038225,0.595089557,0.167783221,3.191425269
23-10-2025,110069.7266,4125.5,6738.439941,17.29999924,0.021870444,0.01985404,0.00581048,-0.072455144,0.600555863,0.189379878,3.108830617
24-10-2025,111033.9219,4118.399902,6791.689941,16.37000084,0.008721714,-0.00172251,0.007871362,-0.055256015,0.599594919,0.18219662,3.093932773
27-10-2025,114119.3281,4001.899902,6875.160156,15.78999996,-0.003089503,-0.028695491,0.012215141,-0.036073617,0.581117839,0.194244228,3.022617691
28-10-2025,112956.1641,3966.199951,6890.890137,16.42000008,-0.010244824,-0.008960779,0.002285331,0.039123283,0.584272045,0.196439718,2.957319877
29-10-2025,110055.3047,3983.699951,6890.589844,16.92000008,-0.026016805,0.004402578,-4.36E-05,0.02999625,0.581921455,0.191845133,2.922284881
30-10-2025,108305.5469,4001.300049,6822.339844,16.90999985,-0.016026639,0.004408297,-0.009954191,-0.000591205,0.582193046,0.192232901,2.997160548
31-10-2025,109556.1641,3982.199951,6840.200195,17.44000053,0.011480961,-0.004784902,0.002614501,0.030861295,0.595360165,0.182959687,2.983698143
03-11-2025,106547.5234,4000.300049,6851.970215,17.17000008,-0.037687183,0.004534952,0.001719234,-0.01560277,0.587256413,0.177330578,2.938001613
04-11-2025,101590.5234,3947.699951,6771.549805,19,-0.047640858,-0.013236252,-0.01180625,0.1012753,0.615064713,0.210722921,3.13521398
05-11-2025,103891.8359,3980.300049,6796.290039,18.01000023,0.022400061,0.008224087,0.003646898,-0.053511807,0.610778588,0.22013401,3.418511014
06-11-2025,101301.2891,3979.899902,6720.319824,19.5,-0.025251182,-0.000100537,-0.011241135,0.079487294,0.620759687,0.225201945,3.355318392
07-11-2025,103372.4063,3999.399902,6728.799805,19.07999992,0.020238926,0.004887657,0.001261046,-0.021773804,0.629930799,0.211590193,3.34360644
10-11-2025,105996.5938,4111.799805,6832.430176,17.60000038,0.012120269,0.027716516,0.015283627,-0.080741738,0.629531701,0.225570417,3.279664471
11-11-2025,102997.4688,4106.799805,6846.609863,17.28000069,-0.028702546,-0.001216752,0.0020732,-0.018349121,0.61889857,0.227736063,3.189197863
12-11-2025,101663.1875,4204.399902,6850.919922,17.51000023,-0.013039147,0.023487484,0.000629319,0.013222356,0.610746785,0.204577821,3.237176845
13-11-2025,99697.49219,4186.899902,6737.490234,20,-0.019524743,-0.004170993,-0.016695452,0.132960114,0.617759498,0.20665123,3.168518027
14-11-2025,94397.78906,4087.600098,6734.109863,19.82999992,-0.054622871,-0.024002555,-0.000501851,-0.008536335,0.595247598,0.258298989,3.147327893
17-11-2025,92093.875,4068.300049,6672.410156,22.37999916,-0.022368383,-0.004732791,-0.009204498,0.120971727,0.573526694,0.255066883,3.532246059
18-11-2025,92948.875,4061.300049,6617.319824,24.69000053,0.009241174,-0.001722102,-0.00829071,0.09823066,0.546287985,0.249072682,3.469644838
19-11-2025,91465.99219,4077.699951,6642.160156,23.65999985,-0.016082378,0.004029961,0.003746808,-0.042612473,0.537448461,0.248535348,3.342757727
20-11-2025,86631.89844,4056.5,6538.759766,26.42000008,-0.054299143,-0.005212559,-0.015689726,0.11033545,0.573577676,0.257466906,3.272326953
21-11-2025,85090.6875,4076.699951,6602.990234,23.43000031,-0.01795049,0.004967293,0.009775103,-0.120104036,0.552356556,0.252787064,3.619595872
24-11-2025,88270.5625,4091.899902,6705.120117,20.52000046,0.016742358,0.00372156,0.015348819,-0.132617223,0.5556422,0.271142149,3.516148675
25-11-2025,87341.89063,4139.200195,6765.879883,18.55999947,-0.010576477,0.011493194,0.009020886,-0.100391344,0.574571708,0.251555035,3.407735684
26-11-2025,90518.36719,4165.200195,6812.609863,17.19000053,0.035722588,0.006261761,0.006882969,-0.076680848,0.5768799,0.247936822,3.302677901
28-11-2025,90919.26563,4218.299805,6849.089844,16.35000038,-0.004018667,0.012667816,0.005340487,-0.05009993,0.582799715,0.247199271,3.368317721
01-12-2025,86321.57031,4239.299805,6812.629883,17.23999977,-0.046101838,0.004965958,-0.005337549,0.053004331,0.591440655,0.234754663,3.251736471
02-12-2025,91350.20313,4186.600098,6829.370117,16.59000015,0.056620994,-0.012509143,0.002454221,-0.038432139,0.566541948,0.174408951,3.485889861
03-12-2025,93527.80469,4199.299805,6849.720215,16.07999992,0.023558262,0.003028826,0.002975361,-0.031223854,0.565124461,0.173278352,3.77101342
04-12-2025,92141.625,4211.799805,6857.120117,15.77999973,-0.014931973,0.002972265,0.001079739,-0.018832961,0.565230543,0.177457196,3.659759046
05-12-2025,89387.75781,4212.899902,6870.399902,15.40999985,-0.03034306,0.00026116,0.001934769,-0.023726659,0.552257151,0.183269028,3.535082363
08-12-2025,90640.20313,4187.200195,6846.509766,16.65999985,0.002591196,-0.006118924,-0.003483315,0.077993988,0.549289613,0.178848205,3.534793564
09-12-2025,92691.71094,4206.700195,6840.509766,16.93000031,0.022381193,0.004646239,-0.000876743,0.016076587,0.53832914,0.178248923,3.389862444
10-12-2025,92020.94531,4196.399902,6886.680176,15.77000046,-0.007262833,-0.002451547,0.006726881,-0.070977784,0.540917529,0.17943885,3.331187378
11-12-2025,92511.33594,4285.5,6901,14.85000038,0.00531497,0.02101024,0.002077192,-0.060109539,0.541904916,0.187369895,3.227190405
12-12-2025,90270.41406,4300.100098,6827.410156,15.73999977,-0.024521421,0.00340107,-0.010720913,0.058205338,0.545572865,0.194677694,3.129253674
15-12-2025,86419.78125,4306.700195,6816.509766,16.5,-0.020108915,0.001533694,-0.001597839,0.047155152,0.550041221,0.196353323,3.151949929
16-12-2025,87843.98438,4304.5,6800.259766,16.47999954,0.016345737,-0.000511008,-0.002386764,-0.001212884,0.548797456,0.205771061,3.13753333
17-12-2025,86143.75781,4347.5,6721.430176,17.62000084,-0.019544833,0.00993998,-0.011659857,0.066887171,0.552777109,0.200935313,3.086577806
18-12-2025,85462.50781,4339.5,6774.759766,16.87000084,-0.007939728,-0.001841833,0.007902952,-0.043497722,0.555804193,0.216545739,3.079702997
19-12-2025,88103.38281,4361.399902,6834.5,14.90999985,0.030433155,0.00503395,0.008779407,-0.123504828,0.561437446,0.217887415,3.016570681
22-12-2025,88490.01563,4444.600098,6878.490234,14.07999992,-0.001487585,0.018896814,0.006415871,-0.057276773,0.558791582,0.215677162,3.086409694
23-12-2025,87414,4482.799805,6909.790039,14,-0.012234275,0.008557909,0.004540067,-0.005698016,0.556479818,0.205302455,3.009087725
24-12-2025,87611.96094,4480.600098,6932.049805,13.47000027,0.002262076,-0.00049082,0.003216304,-0.038592319,0.557282295,0.203493331,2.97391077
26-12-2025,87301.42969,4529.100098,6929.939941,13.60000038,0.000764168,0.010766278,-0.00030441,0.009604811,0.562656017,0.202720278,2.912948063
29-12-2025,87138.14063,4325.100098,6905.740234,14.19999981,-0.007974889,-0.046087982,-0.003498163,0.04317213,0.56640887,0.20099765,2.861768009
30-12-2025,88430.13281,4370.100098,6896.240234,14.32999992,0.014718098,0.01035063,-0.001376614,0.009113285,0.562753285,0.201161839,2.8345017
